country,locode,name,name_wo,sub_division,function,status,iata,coordinates,remarks
AT,ATABC,Abfaltersbach,Abfaltersbach,7,--3-----,RL,,4645N 01232E,
AT,ATABS,Absam,Absam,7,--3-----,RL,,4718N 01130E,
AT,ATABT,Abtenau,Abtenau,5,--3-----,RQ,,4733N 01321E,
AT,ATAWD,Abwinden,Abwinden,4,-23-----,RL,,4816N 01426E,
AT,ATFG7,Achau,Achau,,1----6--,RQ,,4840N 16230W,
AT,ATACK,Achenkirch,Achenkirch,7,--3-----,RL,,4731N 01142E,
AT,ATAND,Aderklaa,Aderklaa,3,--3-----,RL,,4817N 01632E,
AT,ATAWG,Adlwang,Adlwang,,--3-----,RL,,4759N 01413E,
AT,ATADO,Admont,Admont,6,-23-----,RL,,4734N 01427E,
AT,ATSAD,Adnet,Adnet,5,-----6--,RL,,4741N 01308E,
AT,ATAFR,Afritz,Afritz,,--3-----,RL,,4643N 01348E,
AT,ATAGG,Aggsbach Dorf,Aggsbach Dorf,3,--3-----,RL,,4817N 01525E,
AT,ATAGM,Aggsbach Markt,Aggsbach Markt,3,--3-----,RL,,4818N 01524E,
AT,ATACH,Aich,Aich,2,--3-----,RL,,4635N 01402E,
AT,ATAIN,Aigen,Aigen,4,-----6--,RQ,,4830N 01354E,
AT,ATAIG,Aigen im Mühlkreis,Aigen im Muhlkreis,,--3-----,RL,,4838N 01357E,
AT,ATARO,Albersdorf,Albersdorf,6,--3-----,RL,,4707N 01541E,
AT,ATAKV,Alkoven,Alkoven,4,--3-----,RL,,4817N 01406E,
AT,ATALE,Allentsteig,Allentsteig,,--3-----,RL,,4841N 01519E,
AT,ATALH,Allerheiligen,Allerheiligen,6,--3-----,RL,,4654N 01533E,
AT,ATALL,Allhaming,Allhaming,4,--3-----,RL,,4809N 01410E,
AT,ATNAL,Allhartsberg,Allhartsberg,3,--3--6--,RL,,4801N 01447E,
AT,ATAL9,Alpbach,Alpbach,7,--3-----,RL,,4724N 01157E,
AT,ATATH,Altach,Altach,8,-23--6--,RL,,4721N 00939E,
AT,ATATS,Altaussee,Altaussee,6,-----6--,RL,,4738N 01346E,
AT,ATAL4,Altenberg,Altenberg,3,--3-----,RL,,4820N 01614E,
AT,ATAGZ,Altenberg bei Linz,Altenberg bei Linz,4,--3-----,RL,,4822N 01420E,
AT,ATRUG,Altenburg,Altenburg,3,--3-----,RL,,4838N 01535E,
AT,ATAMK,Altenmarkt,Altenmarkt,,--3-----,RQ,,,
AT,ATALK,Altenmarkt im Pongau,Altenmarkt im Pongau,,--3-----,RL,,4722N 01325E,
AT,ATAWH,Altenwörth,Altenworth,3,1-3-----,RL,,4823N 01551E,
AT,ATAHI,Altheim,Altheim,4,--3-----,RL,,4815N 01314E,
AT,ATAHO,Althofen,Althofen,,-23-----,RL,,4652N 01429E,
AT,ATALT,Althofen,Althofen,,--3-----,RL,,4709N 01414E,
AT,ATATG,Altlengbach,Altlengbach,,--3-----,RL,,4809N 01555E,
AT,ATAMU,Altmuenster,Altmuenster,4,--3-----,RL,,4754N 01345E,
AT,ATAMS,Ameis,Ameis,3,--3-----,RL,,4840N 01632E,
AT,ATZAD,Ampflwang im Hausruckwald,Ampflwang im Hausruckwald,4,-23--6--,RL,,4806N 01334E,
AT,ATATT,Amstetten,Amstetten,3,--3-----,RL,,4807N 01452E,
AT,ATADU,Andau,Andau,,--3-----,RL,,4746N 01702E,
AT,ATABU,Andelsbuch,Andelsbuch,8,--3-----,RL,,4724N 00953E,
AT,ATRCH,Andrichsfurt,Andrichsfurt,4,--3-----,RL,,4815N 01331E,
AT,ATANR,Anger,Anger,6,--3-----,RL,,4716N 01541E,
AT,ATERG,Angerberg,Angerberg,7,--3-----,RL,,4730N 01202E,
AT,ATANF,Anif,Anif,,--3-----,RQ,,,
AT,ATANS,Ansfelden,Ansfelden,4,-23-----,RL,,4812N 01417E,
AT,ATTNU,Antau,Antau,1,--3-----,RL,,4746N 01629E,
AT,ATARG,Anthering,Anthering,,-23-----,RL,,4752N 01301E,
AT,ATAHN,Antiesenhofen,Antiesenhofen,,0-------,RQ,,,
AT,ATAPT,Apetlon,Apetlon,1,--3-----,RQ,,4745N 01650E,
AT,ATARB,Arbesthal,Arbesthal,3,--3-----,RL,,4804N 01642E,
AT,ATARI,Arbing,Arbing,4,-----6--,RL,,4813N 01442E,
AT,ATADG,Ardagger,Ardagger,3,--3-----,RL,,4810N 01449E,
AT,ATAOT,Arnoldstein,Arnoldstein,,--3-----,RL,,4633N 01342E,
AT,ATASC,Aschach an der Donau,Aschach an der Donau,4,--3-----,RL,,4822N 01402E,
AT,ATADS,Aschach an der Steyr,Aschach an der Steyr,4,-----6--,RL,,4800N 01420E,
AT,ATABM,Aschbach Markt,Aschbach Markt,3,-23-----,RL,,4804N 01445E,
AT,ATAPG,Aspang,Aspang,3,-23-----,RL,,4733N 01605E,
AT,ATASP,Aspern,Aspern,,0-------,RQ,,,
AT,ATATN,Asten,Asten,4,123-----,RL,,4813N 01424E,
AT,ATATP,Attnang-Puchheim,Attnang-Puchheim,4,-23-----,RL,,4800N 01343E,
AT,ATATB,Atzbach,Atzbach,4,--3-----,RL,,4805N 01342E,
AT,ATATZ,Atzenbrugg,Atzenbrugg,3,-----6--,RL,,4817N 01554E,
AT,ATADD,Au an der Donau,Au an der Donau,,--3-----,RQ,,4813N 01434E,
AT,ATARN,Auern,Auern,4,--3-----,RQ,,4759N 01407E,
AT,ATUER,Auersthal,Auersthal,,-23-----,RL,,4822N 01638E,
AT,ATABK,Aurach Bei Kitzbuhel,Aurach Bei Kitzbuhel,7,-----6--,RQ,,4744N 01230W,
AT,ATALZ,Aurolzmünster,Aurolzmunster,,-23-----,RL,,4815N 01327E,
AT,ATAUE,Bad Aussee,Bad Aussee,6,--3-----,RL,,4735N 01346E,
AT,ATBDG,Bad Deutsch-Altenburg,Bad Deutsch-Altenburg,3,--3-----,RL,,4808N 01654E,
AT,ATBRH,Bad Erlach,Bad Erlach,3,--3-----,RL,,4744N 01612E,
AT,ATBFI,Bad Fischau,Bad Fischau,,-23-----,RL,,4750N 01610E,
AT,ATBGC,Bad Gleichenberg,Bad Gleichenberg,,--3-----,RL,,,
AT,ATBGM,Bad Goisern,Bad Goisern,4,--3-----,RQ,,4738N 01337E,
AT,ATBHL,Bad Hall,Bad Hall,,--3-----,RL,,4802N 01412E,
AT,ATICH,Bad Ischl,Bad Ischl,,--3-----,RL,,4742N 01336E,
AT,ATBKZ,Bad Kreuzen,Bad Kreuzen,,--3-----,RQ,,,
AT,ATBFL,Bad Leonfelden,Bad Leonfelden,4,--3-----,RL,,4831N 01417E,
AT,ATBMF,Bad Mitterndorf,Bad Mitterndorf,6,--3-----,RQ,,4733N 01355E,
AT,ATBKB,Bad Radkersburg,Bad Radkersburg,6,--3-----,RQ,,4641N 01559E,
AT,ATBSL,Bad Sankt Leonhard im Lavanttal,Bad Sankt Leonhard im Lavanttal,2,-23-----,RL,,4657N 01447E,
AT,ATBSB,Bad Sauerbrunn,Bad Sauerbrunn,1,--3-----,RL,,4746N 01620E,
AT,ATBSH,Bad Schallerbach,Bad Schallerbach,4,--3-----,RQ,,4814N 01355E,
AT,ATBVU,Bad Vigaun,Bad Vigaun,5,--3-----,RL,,4740N 01308E,
AT,ATBVL,Bad Vöslau,Bad Voslau,,--3-----,RL,,4757N 01613E,
AT,ATBWN,Bad Wimsbach-Neydharting,Bad Wimsbach-Neydharting,4,--3-----,RL,,4804N 01354E,
AT,ATBDN,Baden,Baden,,--3-----,RL,,4800N 01614E,
AT,AT6KS,Badendorf,Badendorf,6,--3-----,RL,,4651N 01536E,
AT,ATBDS,Badersdorf,Badersdorf,1,--3-----,RL,,4712N 01622E,
AT,ATBGA,Badgastein,Badgastein,5,-23-5---,RL,,4707N 01308E,
AT,ATBDA,Baierdorf bei Anger,Baierdorf bei Anger,6,--3-----,RQ,,4708N 01520E,
AT,ATBRB,Bärenbach,Barenbach,6,--3-----,RQ,,4741N 01507E,
AT,ATBBH,Bärnbach,Barnbach,,--3-----,RQ,,,
AT,ATBTE,Baumgarten am Tullnerfeld,Baumgarten am Tullnerfeld,3,--3-----,RL,,4817N 01602E,
AT,ATBIB,Baumgarten Im Burgenland,Baumgarten Im Burgenland,1,--3-----,RL,,4744N 01630E,
AT,ATBGT,Baumgartenberg,Baumgartenberg,,-23--6--,RL,,4813N 01444E,
AT,ATBMB,Behamberg,Behamberg,9,--3-----,RL,,4802N 01430E,
AT,ATBGH,Berghausen,Berghausen,6,--3-----,RL,,4642N 01535E,
AT,ATBES,Bergheim/Salzburg,Bergheim/Salzburg,,--3-----,RL,,4750N 01301E,
AT,ATBNF,Berndorf,Berndorf,,--3-----,RQ,,,
AT,ATSXA,Bernhardsthal,Bernhardsthal,3,1-3-----,RL,,4841N 01652E,
AT,ATVOR,Bezau,Bezau,8,--3--6--,RL,,4723N 00954E,
AT,ATBIE,Biedermannsdorf,Biedermannsdorf,,-23-----,RL,,4805N 01621E,
AT,ATBKD,Birkfeld,Birkfeld,6,-----6--,RQ,,4721N 01541E,
AT,ATBIS,Bisamberg/Wien,Bisamberg/Wien,,--3-----,RL,,4820N 01621E,
AT,ATBFS,Bischofshofen,Bischofshofen,5,123-----,RL,,4725N 01313E,
AT,ATBKA,Bleiberg-Kreuth,Bleiberg-Kreuth,2,--3-----,RQ,,4637N 01338E,
AT,ATBBG,Bleiburg,Bleiburg,,-23-----,RL,,4635N 01448E,
AT,ATBNT,Blindenmarkt,Blindenmarkt,3,-----6--,RL,,4808N 01459E,
AT,ATBLU,Bludenz,Bludenz,,--3-----,RL,,4709N 00949E,
AT,ATZAC,Böheimkirchen,Boheimkirchen,3,-----6--,RL,,4812N 01546E,
AT,ATBOE,Böhlerwenk,Bohlerwenk,3,123-----,RL,,4759N 01445E,
AT,ATBRD,Brand,Brand,3,--3-----,RL,,4832N 01519E,
AT,ATBND,Brand,Brand,8,--3-----,RL,,4706N 00944E,
AT,ATBRA,Braunau am Inn,Braunau am Inn,4,--3--6--,RL,,4815N 01302E,
AT,ATBRZ,Bregenz,Bregenz,8,123-----,RL,XGZ,4730N 00946E,
AT,ATBTH,Breitenaich,Breitenaich,4,--3-----,RL,,4815N 01358E,
AT,ATBTU,Breitenau,Breitenau,3,--3-----,RL,,4744N 01609E,
AT,ATZAE,Breitenau am Hochlantsch,Breitenau am Hochlantsch,6,--3--6--,RL,,4724N 01528E,
AT,ATBBN,Breitenbrunn,Breitenbrunn,,--3-----,RL,,4756N 01643E,
AT,ATBFW,Breitenfurt bei Wien,Breitenfurt bei Wien,3,--3-----,RL,,4808N 01609E,
AT,ATBSZ,Breitenschützing,Breitenschutzing,4,--3-----,RL,,4805N 01348E,
AT,ATBWA,Breitenwaida,Breitenwaida,3,--3-----,RL,,4830N 01604E,
AT,ATBXT,Brixen im Thale,Brixen im Thale,7,--3-----,RL,,4727N 01215E,
AT,ATBXG,Brixlegg,Brixlegg,,--3-----,RL,,4725N 01152E,
AT,ATBRG,Bruck an der Glocknerstrasse,Bruck an der Glocknerstrasse,,--3-----,RL,,4717N 01249E,
AT,ATBKL,Bruck an der Leitha,Bruck an der Leitha,,--3-----,RQ,,,
AT,ATBRU,Bruck an der Mur,Bruck an der Mur,6,--3-----,RL,,4725N 01517E,
AT,AT6TA,Bruckbach,Bruckbach,3,--3-----,RL,,4800N 01444E,
AT,ATBRL,Brückl,Bruckl,,--3-----,RQ,,,
AT,ATBRN,Brunn,Brunn,,--3-----,RL,,4720N 01459E,
AT,ATBAG,Brunn am Gebirge,Brunn am Gebirge,,-23-----,RL,,4807N 01618E,
AT,ATBWD,Brunn an der Wild,Brunn an der Wild,3,--3-----,RL,,4841N 01531E,
AT,ATNNE,Brunnenthal,Brunnenthal,4,--3-----,RL,,4828N 01327E,
AT,ATBUC,Buch,Buch,3,--3-----,RQ,,4807N 01502E,
AT,ATBHK,Buchkirchen,Buchkirchen,4,--3-----,RL,,4814N 01401E,
AT,ATBB9,Burg,Burg,1,--3-----,RL,,4713N 01624E,
AT,ATBGK,Burgkirchen,Burgkirchen,4,--3-----,RQ,,4812N 01306E,
AT,ATURS,Bürs,Burs,8,-23--6--,RL,,4708N 00948E,
AT,ATDAM,Damüls,Damuls,8,--3-----,RL,,4717N 00953E,
AT,ATDDT,Dellach im Drautal,Dellach im Drautal,2,--3-----,RL,,4644N 01304E,
AT,ATDSU,Desselbrunn,Desselbrunn,4,--3-----,RL,,4801N 01346E,
AT,ATDSZ,Deutsch Schutzen,Deutsch Schutzen,,--3-----,RL,,4710N 01627E,
AT,ATDWA,Deutsch Wagram,Deutsch Wagram,,123-----,RL,,4818N 01634E,
AT,ATDKZ,Deutschkreutz,Deutschkreutz,1,1----6--,RL,,4736N 01638E,
AT,ATDEU,Deutschlandsberg,Deutschlandsberg,,--3-----,RL,,4649N 01513E,
AT,ATDIA,Dietach,Dietach,4,--3-----,RL,,4805N 01425E,
AT,ATDTD,Dietachdorf,Dietachdorf,4,--3-----,RL,,4805N 01425E,
AT,ATERR,Dobermannsdorf,Dobermannsdorf,,1-------,RL,,4836N 01649E,
AT,ATD2L,Dobl,Dobl,4,--3-----,RL,,4816N 01324E,
AT,ATDBL,Dobl,Dobl,6,--3-----,RL,,4657N 01522E,
AT,ATNNN,Donnerskirchen,Donnerskirchen,1,1-------,RL,,4754N 01638E,
AT,ATDRF,Dorf,Dorf,4,--3-----,RL,,4817N 01337E,
AT,ATDFF,Dorf an der Pram,Dorf an der Pram,4,--3-----,RL,,4816N 01337E,
AT,ATDFL,Dorfla,Dorfla,6,--3-----,RQ,,4700N 01528E,
AT,ATDOR,Dornbirn,Dornbirn,8,--3-----,RL,,4725N 00943E,
AT,ATDRA,Drasenhofen,Drasenhofen,3,1----6--,RQ,,4845N 01639W,
AT,ATDRO,Dross,Dross,3,1-3-----,RL,,4827N 01534E,
AT,ATDUR,Dürnkrut,Durnkrut,3,-23-----,RL,,4828N 01651E,
AT,ATDUE,Dürnstein,Durnstein,,123-----,RL,,4823N 01531E,
AT,ATEBB,Ebbs,Ebbs,7,--3-----,RL,,4738N 01213E,
AT,ATEBN,Eben,Eben,,--3-----,RL,,4738N 01605E,
AT,ATESG,Ebenau,Ebenau,5,--3-----,RL,,4748N 01311E,
AT,ATEFH,Ebenfurth,Ebenfurth,1,--3-----,RL,,4752N 01622E,
AT,ATEBS,Ebensee,Ebensee,4,--3-----,RL,,4748N 01346E,
AT,ATETL,Ebenthal,Ebenthal,,--3-----,RL,,4826N 01647E,
AT,ATEBE,Ebergassing,Ebergassing,,--3-----,RL,,4802N 01631E,
AT,ATERF,Eberndorf,Eberndorf,2,--3-----,RL,,4635N 01438E,
AT,ATNEB,Ebersbrunn,Ebersbrunn,3,--3-----,RL,,4831N 01552E,
AT,ATESW,Eberschwang,Eberschwang,4,--3-----,RL,,4809N 01334E,
AT,ATEBD,Ebersdorf,Ebersdorf,6,--3--6--,RL,,4712N 01557E,
AT,ATEBZ,Eberstalzell,Eberstalzell,4,-----6--,RL,,4802N 01358E,
AT,ATETN,Eberstein,Eberstein,2,--3-----,RL,,4648N 01433E,
AT,ATEBR,Ebreichsdorf,Ebreichsdorf,3,1-3-----,RL,,4757N 01624E,
AT,ATELL,Edelstal,Edelstal,1,--3-----,RL,,4806N 01659E,
AT,ATEDZ,Edlitz,Edlitz,3,--3-----,RL,,4807N 01530E,
AT,ATEFR,Eferding,Eferding,4,--3-----,RL,,4819N 01401E,
AT,ATEGG,Egg,Egg,8,--3-----,RL,,4725N 00953E,
AT,ATEGB,Eggelsberg,Eggelsberg,4,--3-----,RL,,4804N 01259E,
AT,ATEBU,Eggenburg,Eggenburg,3,-23-----,RL,,4638N 01549E,
AT,ATPP3,Eggendorf,Eggendorf,3,--3-----,RL,,4822N 01538E,
AT,ATEGT,Eggendorf im Traunkreis,Eggendorf im Traunkreis,4,--3-----,RL,,4807N 01408E,
AT,ATGEI,Eggerding,Eggerding,4,--3-----,RL,,4808N 01344E,
AT,ATEHR,Ehrenhausen,Ehrenhausen,,--3-----,RL,,4643N 01534E,
AT,ATEH7,Ehrwald,Ehrwald,7,--3-----,RL,,4724N 01055E,
AT,ATEWD,Eibiswald,Eibiswald,6,1----6--,RL,,4641N 01550E,
AT,ATEEZ,Eisenerz,Eisenerz,,--3-----,RQ,,,
AT,ATEKV,Eisenkappel-Vellach,Eisenkappel-Vellach,2,--3-----,RL,,4629N 01435E,
AT,ATEIT,Eisenstadt,Eisenstadt,,--3-----,RL,,4750N 01632E,
AT,ATELI,Elixhausen,Elixhausen,5,-23-----,RL,,4752N 01304E,
AT,ATEAJ,Elsarn am Jauerling,Elsarn am Jauerling,3,--3-----,RL,,4822N 01522E,
AT,ATEGL,Elsbethen Glasenbach,Elsbethen Glasenbach,5,-----6--,RL,,4720N 01320E,
AT,ATEMM,Emmersdorf an der Donau,Emmersdorf an der Donau,3,-23-----,RL,,4814N 01520E,
AT,ATBRI,Engabrunn,Engabrunn,,1-------,RL,,4827N 01545E,
AT,ATAHZ,Engelhartszell,Engelhartszell,4,--3-----,RQ,,4831N 01344E,
AT,ATERO,Engelmannsbrunn,Engelmannsbrunn,3,1-3-----,RL,,4827N 01553E,
AT,ATDFC,Engerwitzdorf,Engerwitzdorf,4,1-3-----,RL,,4821N 01427E,
AT,ATENA,Enns,Enns,,--3-----,RQ,,,
AT,ATENO,Ennsdorf,Ennsdorf,,--3-----,RL,,4812N 01428E,
AT,ATENZ,Enzersdorf an der Fischa,Enzersdorf an der Fischa,3,--3-----,RL,,4805N 01636E,
AT,ATETH,Enzersdorf im Thale,Enzersdorf im Thale,3,--3-----,RL,,4835N 01614E,
AT,ATEZF,Enzesfeld,Enzesfeld,3,-23-----,RL,,4755N 01611E,
AT,ATESN,Eppenstein,Eppenstein,,-23-----,RL,,4708N 01444E,
AT,ATERL,Erl,Erl,,1-3--6--,RL,,4740N 01210E,
AT,ATETB,Ernstbrunn,Ernstbrunn,3,--3-----,AM,,4832N 01621E,
AT,ATEHN,Ernsthofen,Ernsthofen,3,--3-----,RL,,4808N 01429E,
AT,ATEPD,Erpersdorf,Erpersdorf,,1-3-----,RL,,4820N 01554E,
AT,ATERP,Erpfendorf,Erpfendorf,,--3-----,RL,,4734N 01228E,
AT,ATESB,Esternberg,Esternberg,4,--3-----,RL,,4833N 01334E,
AT,ATEAK,Etsdorf am Kamp,Etsdorf am Kamp,1,-23-----,RL,,4826N 01544E,
AT,ATEUG,Eugendorf,Eugendorf,5,-23-----,RL,,4752N 01307E,
AT,ATEUH,Eurenhausen,Eurenhausen,,0-------,RQ,,,
AT,ATFSU,Faistenau,Faistenau,,1-3-----,RL,,4746N 01313E,
AT,ATLKN,Falkenstein,Falkenstein,3,1-------,RL,,4843N 01335E,
AT,ATFHR,Fehring,Fehring,,1-3--6--,RL,,4656N 01600E,
AT,ATFST,Feistritz,Feistritz,,--3-----,RQ,,,
AT,ATFDU,Feistritz an der Drau,Feistritz an der Drau,,--3-----,RL,,4642N 01340E,
AT,ATFIT,Feistritz im Rosental,Feistritz im Rosental,,--3-----,RL,,4631N 01410E,
AT,ATFED,Feldbach,Feldbach,6,-23-----,RL,,4657N 01553E,
AT,ATFKT,Feldkirch,Feldkirch,8,--3-----,RL,,4714N 00936E,
AT,ATFEK,Feldkirchen an der Donau,Feldkirchen an der Donau,4,--3-----,RL,,4821N 01403E,
AT,ATFKC,Feldkirchen bei Graz,Feldkirchen bei Graz,6,-23-----,RL,,4701N 01527E,
AT,ATFKI,Feldkirchen im Kärnten,Feldkirchen im Karnten,,-23-----,RL,,4643N 01405E,
AT,ATFXO,Felixdorf,Felixdorf,3,-23-----,RL,,4753N 01615E,
AT,ATFWG,Fels am Wagram,Fels am Wagram,3,--3-----,RL,,4827N 01549E,
AT,ATFLH,Ferlach,Ferlach,,--3-----,RQ,,,
AT,ATFEO,Ferndorf,Ferndorf,,--3-----,RL,,4644N 01337E,
AT,ATFNZ,Fernitz,Fernitz,,--3-----,RL,,4833N 01541E,
AT,ATFBN,Feuersbrunn,Feuersbrunn,3,--3-----,RL,,4826N 01547E,
AT,ATFBB,Fieberbrunn,Fieberbrunn,7,--3-----,RL,,4729N 01233E,
AT,ATFIS,Fischamend Dorf,Fischamend Dorf,3,--3-----,RL,,4807N 01636E,
AT,ATFSB,Fischbach,Fischbach,6,--3-----,RL,,4726N 01539E,
AT,ATFSC,Fisching,Fisching,6,--3-----,RL,,4710N 01444E,
AT,ATFLA,Flachau,Flachau,5,--3-----,RQ,,4720N 01324E,
AT,ATFLO,Floridsdorf,Floridsdorf,9,--3-----,RL,,4815N 01624E,
AT,ATFOH,Fohnsdorf,Fohnsdorf,6,--3-----,RL,,4712N 01441E,
AT,ATFOR,Fornach,Fornach,4,-23-----,RL,,4802N 01326E,
AT,ATFAU,Forstau,Forstau,5,-----6--,RL,,4722N 01332E,
AT,ATFBG,Frankenburg,Frankenburg,4,--3-----,RL,,4804N 01329E,
AT,ATFRN,Frankenmarkt,Frankenmarkt,,-23-----,RQ,,,
AT,ATFRT,Frastanz,Frastanz,,--3-----,RL,,,
AT,ATFRA,Frauendorf,Frauendorf,3,--3-----,RL,,4833N 01458E,
AT,ATFAA,Frauendorf An Der Au,Frauendorf An Der Au,3,--3-----,RL,,4823N 01555E,
AT,ATFKN,Frauenkirchen,Frauenkirchen,,-23-----,RL,,4750N 01656E,
AT,ATFTL,Frauental an der Lassnitz,Frauental an der Lassnitz,6,-23-----,RL,,4650N 01516E,
AT,ATFRB,Freinberg,Freinberg,4,--3-----,RL,,4834N 01331E,Scharding
AT,ATFSD,Freistadt,Freistadt,,--3-----,RL,,4830N 01430E,
AT,ATFRE,Fresing,Fresing,,--3-----,RL,,4645N 01526E,
AT,ATFNA,Freudenau,Freudenau,9,1-3-----,RQ,,4811N 01626E,
AT,ATFDG,Friedburg,Friedburg,4,-23-----,RL,,4801N 01314E,
AT,ATFRH,Friesach,Friesach,2,--3-----,RL,,4657N 01425E,
AT,ATFRI,Fritzens,Fritzens,,-23-----,RL,,4718N 01135E,
AT,ATFLT,Frohnleiten,Frohnleiten,,--3-----,RQ,,,
AT,ATFHK,Frojach-Katsch,Frojach-Katsch,6,--3-----,RL,,4707N 01428E,
AT,ATFGN,Fügen,Fugen,7,--3-----,RL,,4721N 01151E,
AT,ATFPS,Fulpmes,Fulpmes,,1-3-----,RL,,4709N 01121E,
AT,ATFUR,Fürnitz,Furnitz,2,--3-----,RL,,4633N 01349E,
AT,ATFUF,Fürstenfeld,Furstenfeld,6,-23--6--,RL,,4703N 01605E,
AT,ATFTH,Furth bei Göttweig,Furth bei Gottweig,,--3-----,RQ,,,
AT,ATFAS,Fuschl am See,Fuschl am See,5,--3--6--,RL,,4748N 01318E,
AT,ATFSA,Fussach,Fussach,,-----6--,RL,,4729N 00939E,
AT,ATGAA,Gaaden,Gaaden,3,--3-----,RQ,,4803N 01611E,
AT,ATGBD,Gabersdorf,Gabersdorf,6,--3-----,RL,,4646N 01535E,
AT,ATGAB,Gablitz,Gablitz,3,--3-----,RQ,,4813N 01609E,
AT,ATGFZ,Gaflenz,Gaflenz,4,--3-----,RL,,4753N 01443E,
AT,ATGHR,Gaishorn am See,Gaishorn am See,6,--3-----,RL,,4729N 01433E,
AT,ATRTV,Gallbrunn,Gallbrunn,,1----6--,RL,,,
AT,AT6NR,Gallneukirchen,Gallneukirchen,4,-----6--,RL,,4821N 01425E,
AT,ATGAL,Galtür,Galtur,7,--3-----,RL,,4658N 01011E,
AT,ATGMI,Gaming,Gaming,3,--3-----,RL,,4756N 01506E,
AT,ATGA6,Gamlitz,Gamlitz,6,1----6--,RL,,4643N 01533E,
AT,ATGPN,Gampern,Gampern,4,--3-----,RL,,4759N 01333E,
AT,ATGNF,Gänserndorf,Ganserndorf,3,--3-----,RL,,4821N 01644E,
AT,ATGAK,Gars am Kamp,Gars am Kamp,3,--3-----,RL,,4835N 01539E,
AT,ATGAN,Garsten,Garsten,,--3-----,RQ,,,
AT,ATGSF,Gaspoltshofen,Gaspoltshofen,,-23-----,RL,,4808N 01344E,
AT,ATGAS,Gastern,Gastern,3,--3-----,RL,,4853N 01513E,
AT,ATGTD,Gattendorf,Gattendorf,1,--3-----,RL,,4801N 01659E,
AT,ATDER,Gedersdorf,Gedersdorf,3,--3-----,RL,,4826N 01541E,
AT,ATGNR,Geinberg,Geinberg,,-23-----,RL,,4816N 01315E,
AT,ATGRS,Geras,Geras,3,-----6--,RL,,4847N 01540E,
AT,ATGDF,Gerasdorf bei Wien,Gerasdorf bei Wien,3,--3-----,RL,,4817N 01627E,
AT,ATGER,Gerersdorf bei Güssing,Gerersdorf bei Gussing,,--3-----,RL,,4704N 01615E,
AT,ATGTR,Geretsberg,Geretsberg,4,--3-----,RL,,4805N 01256E,
AT,ATGET,Getzersdorf,Getzersdorf,3,--3-----,RL,,4820N 01541E,
AT,ATUBL,Giesshübl,Giesshubl,3,--3-----,RL,,4806N 01614E,
AT,ATGLA,Glanegg,Glanegg,2,--3-----,RL,,4643N 01411E,
AT,ATGLZ,Glanz,Glanz,,--3-----,RL,,4646N 01339E,
AT,ATGST,Gleinstätten,Gleinstatten,6,-----6--,RL,,4645N 01522E,
AT,ATGSD,Gleisdorf,Gleisdorf,,--3-----,RQ,,,
AT,ATGLD,Glinzendorf,Glinzendorf,3,--3-----,RL,,4815N 01638E,
AT,ATGLI,Glinzing,Glinzing,3,--3-----,RL,,4804N 01432E,
AT,ATGGZ,Gloggnitz,Gloggnitz,3,--3-----,RQ,,4740N 01556E,
AT,ATGMU,Gmünd,Gmund,3,--3-----,RL,,4846N 01459E,
AT,ATGMK,Gmünd In Kärnten,Gmund In Karnten,2,-----6--,RL,,4654N 01332E,
AT,ATGDN,Gmunden,Gmunden,,123-----,RL,,4755N 01348E,
AT,ATGNA,Gnas,Gnas,6,--3-----,RL,,4652N 01549E,
AT,ATGNS,Gnesau,Gnesau,2,--3-----,RL,,4646N 01358E,
AT,ATORF,Gödersdorf,Godersdorf,2,-23-----,RL,,4634N 01351E,
AT,ATGS2,Gofis,Gofis,8,--3-----,RL,,4713N 00937E,
AT,ATGOW,Goldwörth,Goldworth,4,--3-----,RL,,4820N 01406E,
AT,ATGAE,Golling an der Erlauf,Golling an der Erlauf,,--3-----,RL,,4812N 01511E,
AT,ATGGS,Golling an der Salzach,Golling an der Salzach,5,--3-----,RL,,4736N 01310E,
AT,ATGOL,Gols,Gols,1,-23-----,RL,,4754N 01654E,
AT,ATGRF,Gosdorf,Gosdorf,6,-----6--,RL,,4644N 01547E,
AT,ATGSG,Gösing,Gosing,3,--3-----,RL,,4828N 01549E,
AT,ATGOF,Gössendorf,Gossendorf,6,-----6--,RL,,4659N 01529E,
AT,ATGSB,Gottlesbrunn,Gottlesbrunn,3,--3-----,RL,,4803N 01644E,
AT,ATGMA,Göttlesbrunn-Arbesthal,Gottlesbrunn-Arbesthal,3,--3-----,RL,,4802N 01643E,
AT,ATGOT,Gotzendorf,Gotzendorf,3,--3-----,RQ,,4726N 01609E,
AT,ATGOE,Götzis,Gotzis,8,--3-----,RL,,4719N 00937E,
AT,ATGC5,Grafenbach,Grafenbach,2,--3-----,RL,,4645N 01439E,
AT,ATGRA,Grafenstein,Grafenstein,,--3-----,RL,,4636N 01427E,
AT,ATGFW,Grafenworth,Grafenworth,3,--3-----,RL,,4824N 01547E,
AT,ATGRT,Gramastetten,Gramastetten,4,--3-----,RQ,,4823N 01413E,
AT,ATGRL,Gramatneusiedl,Gramatneusiedl,,--3-----,RL,,4801N 01629E,
AT,ATB9G,Grambach,Grambach,6,--3-----,RL,,4701N 01530E,
AT,ATGNZ,Granz,Granz,,-23--6--,RL,,4813N 01509E,
AT,ATGKN,Gratkorn,Gratkorn,,--3-----,RL,,4708N 01520E,
AT,ATGTW,Gratwein,Gratwein,6,-----6--,RL,,4707N 01519E,
AT,ATGRZ,Graz,Graz,6,-2345---,AI,,4704N 01527E,
AT,ATGFS,Greifenstein,Greifenstein,3,123-----,RL,,4820N 01614E,
AT,ATGRN,Grein,Grein,,123-----,RL,,4813N 01450E,
AT,ATGFT,Greinsfurth,Greinsfurth,3,--3-----,RL,,4807N 01451E,
AT,ATGTN,Gresten,Gresten,3,--3-----,RL,,4759N 01501E,
AT,ATGMB,Gries am Brenner,Gries am Brenner,7,--3-----,RL,,4702N 01128E,
AT,ATGIE,Grieskirchen,Grieskirchen,4,--3-----,RL,,4814N 01349E,
AT,ATGRI,Griffen,Griffen,,--3-----,RL,,4642N 01444E,
AT,ATGZS,Grinzens,Grinzens,7,--3-----,RL,,4713N 01115E,
AT,ATGBG,Gröbming,Grobming,6,--3-----,RL,,4726N 01354E,
AT,ATGRR,Grobssklein,Grobssklein,6,--3-----,RL,,4644N 01526E,
AT,ATGRG,Grödig,Grodig,5,--3-----,RL,,4744N 01302E,
AT,ATGZR,Gross Gerungs,Gross Gerungs,,-23-----,RL,,4835N 01457E,
AT,ATGRU,Gross Sankt Florian,Gross Sankt Florian,6,-23-----,RL,,4649N 01519E,
AT,ATGBF,Grossebersdorf,Grossebersdorf,3,-23-----,RL,,4822N 01628E,
AT,ATGRO,Grossenzersdorf/Wien,Grossenzersdorf/Wien,9,--3-----,RL,,4812N 01632E,
AT,ATGHF,Grosshöflein,Grosshoflein,,-23-----,RL,,4750N 01629E,
AT,ATGLG,Grosslobming,Grosslobming,6,--3-----,RL,,4711N 01448E,
AT,ATGPF,Grosspetersdorf,Grosspetersdorf,1,--3-----,RL,,4714N 01619E,
AT,ATGRM,Grossraming,Grossraming,4,--3-----,RL,,4753N 01433E,
AT,ATGTL,Grossriedenthal,Grossriedenthal,3,--3-----,RQ,,4829N 15520E,
AT,ATGSU,Grossschönau,Grossschonau,3,--3-----,RL,,4839N 01456E,
AT,ATSWH,Gross-Schweinbarth,Gross-Schweinbarth,3,1-3-----,RL,,4824N 01637E,
AT,ATGSH,Gross-Siegharts,Gross-Siegharts,3,--3-----,RL,,4847N 01524E,
AT,ATGWF,Grossweikersdorf,Grossweikersdorf,3,--3-----,RL,,4828N 01559E,
AT,ATGWD,Grosswiesendorf,Grosswiesendorf,3,--3-----,RL,,4827N 01559E,
AT,ATGND,Grunddorf,Grunddorf,3,--3-----,RL,,4825N 01545E,
AT,ATGMM,Gummern,Gummern,2,-23--6--,RL,,4639N 01347E,
AT,ATGPK,Gumpoldskirchen,Gumpoldskirchen,,--3-----,RL,,4802N 01616E,
AT,ATGLO,Günselsdorf,Gunselsdorf,3,--3-----,RL,,4757N 01615E,
AT,ATGUK,Gunskirchen,Gunskirchen,,--3-----,RL,,4808N 01356E,
AT,ATGUN,Guntramsdorf,Guntramsdorf,,--3-----,RL,,4802N 01618E,
AT,ATGUT,Gurten,Gurten,4,--3-----,RL,,4815N 01320E,
AT,ATGSS,Güssing,Gussing,,--3-----,RL,,4704N 01620E,
AT,ATGSN,Gutenstein,Gutenstein,,1-3-----,RL,,4752N 01553E,
AT,ATHAG,Haag,Haag,,-23-----,RL,,4807N 01434E,
AT,ATHAH,Haag am Hausruck,Haag am Hausruck,4,-----6--,RL,,4811N 01338E,
AT,ATDOF,Hadersdorf,Hadersdorf,3,1-------,RL,,4827N 01543E,
AT,ATHKM,Hadersdorf-Kammern,Hadersdorf-Kammern,3,1-3-----,RL,,4827N 01543E,
AT,ATHRS,Hadres,Hadres,3,--3-----,RL,,4842N 01607E,
AT,ATHGB,Hagenbrunn,Hagenbrunn,3,--3-----,RL,,4820N 01624E,
AT,ATHAB,Haibach,Haibach,4,--3-----,RL,,4824N 01355E,
AT,ATHAD,Haid,Haid,,-23-----,RQ,,,
AT,ATHHN,Haidershofen,Haidershofen,4,-23-----,RL,,4804N 01427E,
AT,ATHIA,Hainburg,Hainburg,,--3-----,RL,,4808N 01656E,
AT,ATLTX,Hainfeld,Hainfeld,3,1-3-----,RL,,4802N 01546E,
AT,ATHZD,Haitzendorf,Haitzendorf,3,--3-----,RL,,4826N 01544E,
AT,ATALB,Halbturn,Halbturn,1,--3-----,RL,,4752N 01659E,
AT,ATHAL,Hall,Hall,6,--3-----,RL,,4736N 01427E,
AT,ATHIT,Hall in Tirol,Hall in Tirol,7,--3-----,RL,,4717N 01131E,
AT,ATHLL,Hallein,Hallein,,-23-----,RQ,,,
AT,ATHLT,Hallstatt,Hallstatt,4,--3-----,RL,,4733N 01339E,
AT,ATHLG,Hallwang,Hallwang,5,-23-----,RL,,4751N 01305E,
AT,ATHBG,Handenberg,Handenberg,4,--3-----,RL,,4808N 01301E,
AT,ATHSN,Hansenhütte,Hansenhutte,,0-------,RQ,,,
AT,ATHRD,Hard,Hard,,--3-----,RL,,,
AT,ATBDH,Haring,Haring,7,--3-----,RL,,4130N 01206E,
AT,ATHAE,Haringsee,Haringsee,,--3-----,RL,,4811N 01647E,
AT,ATHAR,Harmannsdorf,Harmannsdorf,3,--3-----,RQ,,4824N 01618E,
AT,ATHTA,Hartberg,Hartberg,6,--3-----,RL,,4716N 01558E,
AT,ATHKN,Hartkirchen,Hartkirchen,4,-----6--,RQ,,4821N 01400E,
AT,ATHRT,Hartl,Hartl,6,--3-----,RL,,4711N 01555E,
AT,ATHCH,Haslach,Haslach,4,--3-----,RL,,4825N 01440E,
AT,ATHLM,Haslach an der Mühl,Haslach an der Muhl,4,--3-----,RQ,,4835N 01402E,
AT,ATHAC,Haugschlag,Haugschlag,3,--3-----,RL,,4859N 01503E,
AT,ATGHH,Haugsdorf,Haugsdorf,3,1-------,RL,,4842N 01604E,
AT,ATITN,Hausleiten,Hausleiten,3,1-------,RL,,4823N 01606E,
AT,ATTEN,Hausmannstatten,Hausmannstatten,6,1-------,RL,,4659N 01530E,
AT,ATHMN,Hausmannstätten,Hausmannstatten,6,--3-----,RL,,4659N 01531E,
AT,ATHME,Hausmenning,Hausmenning,3,--3-----,RL,,4804N 01448E,
AT,ATHEC,Heidenreichstein,Heidenreichstein,,--3-----,RL,,4851N 01506E,
AT,ATHKR,Heiligenkreuz,Heiligenkreuz,1,--3-----,RL,,4803N 01608E,
AT,ATHEI,Heiligenkreuz,Heiligenkreuz,3,--3-----,RL,,4818N 01547E,
AT,ATHKZ,Heiligenkreuz,Heiligenkreuz,4,--3-----,RL,,4752N 01407E,
AT,ATHZL,Heiligenkreuz im Lafnitztal,Heiligenkreuz im Lafnitztal,1,--3-----,RL,,4659N 01615E,
AT,ATHFS,Heinfels,Heinfels,7,-23-----,RL,,4645N 01227E,
AT,ATHEL,Helfenberg,Helfenberg,4,--3-----,RL,,4832N 01408E,
AT,ATHEO,Henndorf am Wallersee,Henndorf am Wallersee,,--3-----,RL,,4754N 01311E,
AT,ATHNN,Hennersdorf,Hennersdorf,3,-----6--,RL,,4806N 01622E,
AT,ATHMG,Hermagor,Hermagor,,--3-----,RQ,,,
AT,ATHER,Herzogenburg,Herzogenburg,,--3-----,RL,,4816N 01541E,
AT,ATHED,Herzogsdorf,Herzogsdorf,4,--3-----,RL,,4826N 01407E,
AT,ATHMD,Hetzmannsdorf,Hetzmannsdorf,3,--3-----,RL,,4826N 01624E,
AT,ATHFL,Hieflau,Hieflau,6,--3-----,RL,,4736N 01444E,
AT,ATHIM,Hilm,Hilm,3,-----6--,RL,,4801N 01445E,
AT,ATABG,Himberg,Himberg,,-----6--,RL,,4805N 01626E,
AT,ATHBL,Hinterbrühl,Hinterbruhl,3,--3-----,RL,,4805N 01614E,
AT,ATHRM,Hirm,Hirm,1,--3-----,RL,,4747N 01628E,
AT,ATSH5,Hirnsdorf,Hirnsdorf,6,--3-----,RL,,4711N 01549E,
AT,ATHHG,Hirschegg,Hirschegg,8,--3-----,RL,,4720N 01010E,
AT,ATHIR,Hirschegg Rein,Hirschegg Rein,6,--3-5---,RL,,4701N 01455E,
AT,ATHIG,Hirschwang,Hirschwang,3,-23-----,RL,,4742N 01549E,
AT,ATHTE,Hirtenberg,Hirtenberg,,--3-----,RL,,4755N 01610E,
AT,ATHTZ,Hitzendorf,Hitzendorf,6,--3-----,RL,,4702N 01515E,
AT,ATHBH,Hobenbach,Hobenbach,3,-----6--,RL,,4821N 01539E,
AT,ATBNN,Hobersbrunn,Hobersbrunn,3,1-------,RL,,4830N 01634E,
AT,ATHOC,Hochfilzen,Hochfilzen,7,-----6--,RL,,4728N 01237E,
AT,ATHST,Höchst,Hochst,8,--3-----,RL,,4727N 00937E,
AT,ATBE8,Hof bei salzburg,Hof bei salzburg,5,--3-----,RL,,4749N 01313E,
AT,ATHFN,Hofen,Hofen,7,--3-----,RL,,4734N 01027E,
AT,ATHDT,Hofkirchen an der Trattnach,Hofkirchen an der Trattnach,4,--3--6--,RL,,4813N 01344E,
AT,ATHOM,Hofkirchen im Mühlkreis,Hofkirchen im Muhlkreis,4,--3-----,RL,,4829N 01348E,
AT,ATHNT,Hofkirchen im Traunkreis,Hofkirchen im Traunkreis,4,--3-----,RL,,4808N 01422E,
AT,ATEIN,Hoflein,Hoflein,3,1-------,RL,,4804N 01647E,
AT,ATHDR,Hofstatten An Der Raab,Hofstatten An Der Raab,6,--3-----,RL,,4704N 01544E,
AT,ATHAU,Hohenau an der March,Hohenau an der March,,--3-----,RL,,,
AT,ATHBR,Höhenberg,Hohenberg,3,--3-----,RL,,4754N 01537E,
AT,ATHIH,Hoheneich,Hoheneich,3,--3-----,RL,,4846N 01501E,
AT,ATHOH,Hohenems,Hohenems,8,---4----,AI,,4722N 00941E,
AT,ATHON,Hohenruppersdorf,Hohenruppersdorf,,-23-----,RL,,4828N 01639E,
AT,ATH3H,Hohenwarth,Hohenwarth,3,--3-----,RL,,4756N 01559E,
AT,ATOHO,Hohenzell,Hohenzell,4,--3--6--,RL,,4811N 01332E,
AT,ATHOL,Hollabrunn,Hollabrunn,,--3-----,RQ,,,
AT,ATLLG,Hollenburg,Hollenburg,,--3-----,RQ,,4822N 01541E,
AT,ATHLB,Hollersbach,Hollersbach,6,--3-----,RL,,4728N 01529E,
AT,ATHLZ,Holzberg,Holzberg,6,--3-----,RL,,4702N 01519E,
AT,ATOCH,Holzhausen,Holzhausen,4,--3-----,RL,,4813N 01405E,
AT,ATHOG,Hönigsberg,Honigsberg,6,-23-----,RL,,4736N 01538E,
AT,ATHOF,Hopfgarten,Hopfgarten,6,-----6--,RL,,4738N 01351E,
AT,ATHOP,Hopfgarten im Brixental,Hopfgarten im Brixental,7,--3-----,RL,,4727N 01210E,
AT,ATHBZ,Hörbranz,Horbranz,8,#NAME?,RL,,4733N 00945E,
AT,ATHOT,Horitschon,Horitschon,,-23-----,RL,,4735N 01633E,
AT,ATHOR,Horn,Horn,,--3-----,RL,,4839N 01539E,
AT,ATHSE,Hornstein,Hornstein,1,--3-----,RL,,4752N 01626E,
AT,ATHRH,Hörsching,Horsching,4,-234-6--,RL,,4814N 01411E,
AT,ATHZF,Hötzelsdorf,Hotzelsdorf,3,--3--6--,RL,,4846N 01539E,
AT,ATHUT,Huttau,Huttau,5,--3-----,RL,,4725N 01318E,
AT,ATILL,Illmitz,Illmitz,,--3-----,RL,,4746N 01648E,
AT,ATILZ,Ilz,Ilz,6,--3-----,RL,,4705N 01555E,
AT,ATIMS,Imst,Imst,7,-----6--,RL,,4714N 01044E,
AT,ATIZG,Innermanzing,Innermanzing,3,--3-----,RL,,4808N 01554E,
AT,ATINN,Innsbruck,Innsbruck,7,--345---,AI,,4716N 01124E,
AT,ATZIN,Inzersdorf an der Traisen,Inzersdorf an der Traisen,3,1-------,RL,,4819N 01540E,
AT,ATIIK,Inzersdorf Im Kremstal,Inzersdorf Im Kremstal,4,--3-----,RL,,4755N 01404E,
AT,ATINZ,Inzing,Inzing,7,--3-----,RL,,4716N 01112E,
AT,ATAZX,Irdning,Irdning,6,--3-----,RL,,4730N 01406E,
AT,ATITR,Itter,Itter,7,--3-----,RQ,,4728N 01203E,
AT,ATITT,Itterdörfl,Itterdorfl,7,--3-----,RL,,4727N 01208E,
AT,ATJGE,Jagerberg,Jagerberg,,--3-----,RL,,4651N 01544E,
AT,ATJPS,Japons,Japons,3,1----6--,RL,,4847N 01534E,
AT,ATJEG,Jeging,Jeging,4,--3-----,RL,,4803N 01308E,
AT,ATJEN,Jenbach,Jenbach,,--3-----,RL,,4723N 01146E,
AT,ATJDF,Jennersdorf,Jennersdorf,,-23-----,RL,,4656N 01600E,
AT,ATJZS,Jerzens,Jerzens,7,--3-----,RL,,4709N 01044E,
AT,ATZLF,Jetzelsdorf,Jetzelsdorf,3,1-------,RL,,4842N 01603E,
AT,ATJOC,Joching,Joching,,-23-----,RL,,4823N 01527E,
AT,ATJOS,Jois,Jois,,-23-----,RL,,4758N 01648E,
AT,ATJSS,Jöss,Joss,6,--3-----,RL,,4650N 01530E,
AT,ATJDB,Judenberg,Judenberg,,--3-----,RL,,4709N 01440E,
AT,ATJDN,Judenburg,Judenburg,,--3-----,RQ,,,
AT,ATJDD,Judendorf,Judendorf,6,1----6--,RL,,4707N 01521E,
AT,ATJUN,Jungholz,Jungholz,,----5---,AI,,,
AT,ATKAL,Kallham,Kallham,4,--3-----,RQ,,4817N 01343E,
AT,ATKDF,Kalsdorf,Kalsdorf,,--3-----,RL,,,
AT,ATKAB,Kaltenbach,Kaltenbach,7,--3-----,RL,,4717N 01152E,
AT,ATKAM,Kammern im Liesingtal,Kammern im Liesingtal,8,123-----,RL,,4724N 01454E,
AT,ATKDO,Kammersdorf,Kammersdorf,3,--3-----,RQ,,4837N 01614E,
AT,ATKFB,Kapfenberg,Kapfenberg,,--3-----,RQ,,,
AT,ATSKS,Kapfenstein,Kapfenstein,6,--3-----,RL,,4653N 01558E,
AT,ATKPL,Kappl,Kappl,,--3-----,RL,,4703N 01022E,
AT,ATKAP,Kaprun,Kaprun,5,-----6--,RL,,4716N 01246E,
AT,ATKAR,Karlsdorf,Karlsdorf,,-23-----,RL,,4650N 01328E,
AT,ATK2R,Karlstetten,Karlstetten,3,--3-----,RL,,4815N 01534E,
AT,ATKAF,Katzelsdorf,Katzelsdorf,6,--3-----,RQ,,4655N 01550E,
AT,ATKFM,Kefermarkt,Kefermarkt,4,--3-----,RL,,4826N 01432E,
AT,ATKMK,Kematen an der Krems,Kematen an der Krems,3,--3-----,RL,,4806N 01411E,
AT,ATKTT,Kematen in Tirol,Kematen in Tirol,,123--6--,RL,,4715N 01116E,
AT,ATKYB,Kematen Ybbs,Kematen Ybbs,,--3-----,RL,,,
AT,ATKMG,Kemating,Kemating,,--3-----,RL,,,
AT,ATKME,Kemeten,Kemeten,1,--3-----,RL,,4714N 01609E,
AT,ATKNB,Kennelbach,Kennelbach,,--3-----,RQ,,,
AT,ATZRF,Ketzelsdorf,Ketzelsdorf,3,1-------,RL,,4839N 01639E,
AT,ATKIE,Kienberg,Kienberg,,--3-----,RQ,,,
AT,ATKIN,Kindberg,Kindberg,,-23-----,RL,,4730N 01527E,
AT,ATKBA,Kirchbach,Kirchbach,,--3-----,RQ,,4757N 15732E,
AT,ATKBW,Kirchberg am Wagram,Kirchberg am Wagram,,-23-----,RL,,4826N 01554E,
AT,ATKIR,Kirchberg am Walde,Kirchberg am Walde,,--3-----,RL,,4843N 01505E,
AT,ATKAD,Kirchberg an der Raab,Kirchberg an der Raab,6,--3--6--,RL,,4659N 01546E,
AT,ATKRL,Kirchbichl,Kirchbichl,,-23--6--,RL,,4731N 01205E,
AT,ATKKM,Kirchdorf an der Krems,Kirchdorf an der Krems,4,-23-----,RL,,4754N 01407E,
AT,ATKFT,Kirchdorf in Tirol,Kirchdorf in Tirol,7,--3-----,RL,,4734N 01227E,
AT,ATKHH,Kirchham,Kirchham,4,--3-----,RL,,4758N 01354E,
AT,ATKII,Kirchheim im Innkreis,Kirchheim im Innkreis,4,--3--6--,RL,,4812N 01323E,
AT,ATKLZ,Kirchschlag bei Linz,Kirchschlag bei Linz,4,--3-----,RL,,4824N 01416E,
AT,ATBGW,Kirchschlag in der Buckligen Welt,Kirchschlag in der Buckligen Welt,3,--3-----,RL,,4730N 01617E,
AT,ATKTE,Kirchstetten,Kirchstetten,3,--3-----,RL,,4811N 01549E,
AT,ATKSE,Kittsee,Kittsee,,--3-----,RL,,4805N 01704E,
AT,ATKIT,Kitzbuhel,Kitzbuhel,7,--3-----,RL,,4727N 01223E,
AT,ATKSS,Kitzeck im Sausal,Kitzeck im Sausal,6,--3-----,RL,,4646N 01526E,
AT,ATKHO,Klaffer,Klaffer,4,--3-----,RL,,4842N 01353E,
AT,ATKLU,Klagenfurt,Klagenfurt,2,-2345---,AI,,4637N 01418E,
AT,ATKLA,Klaus,Klaus,,--3-----,RL,,4719N 00939E,
AT,ATKSP,Klein Sankt Paul,Klein Sankt Paul,2,--3-----,RL,,4650N 01432E,
AT,ATKHS,Kleinharras,Kleinharras,,-23-----,RL,,4827N 01637E,
AT,ATK8B,Kleinhoflein,Kleinhoflein,1,--3-----,RL,,4750N 01630E,
AT,ATBGN,Kleinmutschen,Kleinmutschen,1,--3-----,RL,,4727N 01634E,
AT,ATKNS,Kleinneusiedl,Kleinneusiedl,3,--3-----,RL,,4805N 01636E,
AT,ATKPO,Kleinpöchlarn,Kleinpochlarn,3,-23-----,RL,,4813N 01513E,
AT,ATKRM,Kleinraming,Kleinraming,4,--3-----,RL,,4801N 01430E,
AT,ATKLH,Kleinreichenbach,Kleinreichenbach,3,--3-----,RL,,4846N 01515E,
AT,ATKDT,Kleinriedenthal,Kleinriedenthal,3,--3-----,RL,,4845N 01601E,
AT,ATKIF,Kleinwiesendorf,Kleinwiesendorf,3,--3-----,RL,,4827N 01559E,
AT,ATKZL,Kleinzell,Kleinzell,3,--3-----,RL,,4759N 01545E,
AT,ATKCH,Klöch,Kloch,6,--3-----,RL,,4646N 01558E,
AT,ATKTU,Klosterneuburg,Klosterneuburg,,--3-----,RL,,4818N 01619E,
AT,ATKFD,Knittelfeld,Knittelfeld,,123-----,RL,,4712N 01449E,
AT,ATKBF,Kobersdorf,Kobersdorf,1,--3-----,RL,,4736N 01624E,
AT,ATKOB,Koblach,Koblach,8,--3-----,RL,,4719N 00936E,
AT,ATKFH,Köflach,Koflach,,--3-----,RL,,4703N 01504E,
AT,ATKOG,Koglhof,Koglhof,,-23-----,RL,,4719N 01541E,
AT,ATKOH,Kohfidisch,Kohfidisch,,-----6--,RQ,,4710N 01621E,
AT,ATKBZ,Kolbnitz,Kolbnitz,2,--3-----,RL,,4653N 01318E,
AT,ATKL4,Kollerschlag,Kollerschlag,4,--3-----,RL,,4836N 01350E,
AT,ATKOL,Kolsass,Kolsass,7,-23--6--,RL,,4717N 01138E,
AT,ATKAW,Königsbrunn am Wagram,Konigsbrunn am Wagram,3,-23--6--,RL,,4825N 01556E,
AT,ATKTN,Königstetten,Konigstetten,3,--3-----,RL,,4818N 01608E,
AT,ATKGI,Kopfing im Innkreis,Kopfing im Innkreis,4,--3--6--,RL,,4826N 01339E,
AT,ATKOP,Koppl,Koppl,5,--3-----,RQ,,4748N 01310E,
AT,ATKBG,Korneuburg,Korneuburg,,--3-----,RL,,,
AT,ATKOS,Kössen,Kossen,7,#NAME?,RL,,4740N 01224E,
AT,ATKOE,Köstendorf,Kostendorf,5,--3-----,RQ,,4757N 01311E,
AT,ATKEU,Kötschach-Mauthen,Kotschach-Mauthen,,--3-----,RL,,4640N 01300E,
AT,ATKOT,Kottes,Kottes,3,--3--6--,RL,,4825N 01518E,
AT,ATKNR,Kottingbrunn,Kottingbrunn,3,-23-----,RL,,4756N 01613E,
AT,ATKRS,Kramsach,Kramsach,7,--3-----,RL,,4727N 01152E,
AT,ATKDM,Kraubath an der Mur,Kraubath an der Mur,,--3-----,RL,,,
AT,ATKRE,Krems,Krems,6,--3-----,RL,,4702N 01511E,
AT,ATKAN,Krems an der Donau,Krems an der Donau,3,-----6--,RL,,4825N 01537E,
AT,ATKMN,Krems in Kärnten,Krems in Karnten,2,--3-----,RL,,4655N 01334E,
AT,ATKMS,Kremsmünster,Kremsmunster,,--3-----,RQ,,,
AT,ATKGA,Krenglbach,Krenglbach,4,-23-----,RL,,4812N 01357E,
AT,ATKRI,Krieglach,Krieglach,6,-23-----,RL,,4732N 01533E,
AT,ATKRZ,Kritzendorf,Kritzendorf,3,--3-----,RL,,4820N 01618E,
AT,ATKRO,Krobotek,Krobotek,1,--3-----,RQ,,4658N 01611E,
AT,ATKLD,Kröllendorf,Krollendorf,,-23-----,RQ,,,
AT,ATKST,Kronstorf,Kronstorf,4,--3-----,RL,,4808N 01427E,
AT,ATKTF,Krottendorf,Krottendorf,6,--3-----,RL,,4727N 01520E,
AT,ATKUB,Krumbach Markt,Krumbach Markt,3,--3-----,RL,,4731N 01611E,
AT,ATKMB,Krummnussbaum,Krummnussbaum,,123--6--,RL,,4813N 01510E,
AT,ATGHJ,Krustetten,Krustetten,3,1----6--,RL,,4822N 15400W,
AT,ATKUC,Kuchl,Kuchl,,--3-----,RL,,4737N 01308E,
AT,ATKFS,Kufstein,Kufstein,,--3-----,RQ,,,
AT,ATKUD,Kühnsdorf,Kuhnsdorf,2,-23-----,RL,,4637N 01438E,
AT,ATKMR,Kumberg,Kumberg,6,--3-----,RL,,4710N 01532E,
AT,ATKUN,Kundl,Kundl,,--3-----,RL,,4728N 01159E,
AT,ATLAA,Laa an der Thaya,Laa an der Thaya,,--3-----,RL,,4843N 01623E,
AT,ATLKI,Laakirchen,Laakirchen,4,-23-----,RL,,4758N 01349E,
AT,ATLCK,Lackenbach,Lackenbach,1,--3-----,RL,,4735N 01628E,
AT,ATLDO,Ladendorf,Ladendorf,3,--3-----,RL,,4832N 01629E,
AT,ATLMB,Lambach,Lambach,,--3-----,RQ,,,
AT,ATLAB,Lambrechten,Lambrechten,4,--3-----,RL,,4819N 01331E,
AT,ATLPS,Lamprechtshausen,Lamprechtshausen,5,--3-----,RL,,4759N 01257E,
AT,ATLAN,Landeck,Landeck,,--3-----,RL,,4708N 01033E,
AT,ATLFD,Längenfeld,Langenfeld,,--3-----,RQ,,,
AT,ATLGE,Langenlebarn,Langenlebarn,3,--3-----,RL,,4820N 01607E,
AT,ATLAG,Langenlois,Langenlois,,--3-----,RL,,4828N 01540E,
AT,ATLGR,Langenrohr,Langenrohr,3,-23-----,RL,,4818N 01600E,
AT,ATLSN,Langenstein,Langenstein,,--3-----,RL,,4815N 01428E,
AT,ATLGW,Langenwang,Langenwang,6,-23-----,RL,,4734N 01537E,
AT,ATLZD,Langenzersdorf,Langenzersdorf,3,123-----,RL,,4818N 01621E,
AT,ATLTF,Langkampfen,Langkampfen,7,--3-----,RL,,4733N 01206E,
AT,ATLWN,Langwiesen,Langwiesen,2,--3-----,RL,,4654N 01417E,
AT,ATLNH,Lannach,Lannach,6,--3-----,RL,,4656N 01520E,
AT,ATLZF,Lanzendorf,Lanzendorf,9,--3-----,RL,,4806N 01626E,
AT,ATNLA,Lanzenkirchen,Lanzenkirchen,3,-----6--,RL,,4744N 01614E,
AT,ATLSB,Lasberg,Lasberg,4,-23-----,AM,,4828N 01432E,
AT,ATLAS,Lassing,Lassing,6,--3-----,RL,,4744N 01453E,
AT,ATLAU,Launsdorf,Launsdorf,,--3-----,RQ,,4676N 14454E,
AT,ATLUT,Lauterach,Lauterach,,--3-----,RQ,QLX,,
AT,ATLNT,Lavant,Lavant,7,--3-----,RL,,4647N 01250E,
AT,ATLXE,Laxenburg,Laxenburg,,--3-----,RL,,4804N 01621E,
AT,ATLEB,Lebring,Lebring,6,-23-----,RL,,4651N 01532E,
AT,ATLEC,Lech,Lech,8,-----6--,RL,,,
AT,ATECU,Lechaschau,Lechaschau,7,-----6--,RL,,4729N 01042E,
AT,ATLBE,Leiben,Leiben,3,--3-----,RQ,,4814N 01516E,
AT,ATLEI,Leibnitz,Leibnitz,,--3-----,RL,,4647N 01532E,
AT,ATLP4,Leithaprodersdorf,Leithaprodersdorf,1,--3-----,RL,,4756N 01629E,
AT,ATLUA,Lembach,Lembach,4,1-3-----,RL,,4829N 01353E,
AT,ATLEN,Lend,Lend,,--3-----,RL,,4717N 01302E,
AT,ATLGU,Lengau,Lengau,,--3-----,RL,,4800N 01313E,
AT,ATLGN,Lengenfeld,Lengenfeld,3,--3-----,RL,,4828N 01536E,
AT,ATLZG,Lenzing,Lenzing,,-23-----,RQ,,,
AT,ATLBN,Leoben,Leoben,,--3-----,RQ,,,
AT,ATLEO,Leobendorf,Leobendorf,,--3-----,RL,,4822N 01618E,
AT,ATLBD,Leobersdorf,Leobersdorf,,--3-----,RL,,4755N 01613E,
AT,ATLDG,Leonding,Leonding,,--3-----,RL,,4816N 01414E,
AT,ATLPO,Leopoldsdorf (Wien),Leopoldsdorf (Wien),3,--3-----,RL,,4807N 01624E,
AT,ATLTH,Leutasch,Leutasch,,--3-----,RL,,4722N 01109E,
AT,ATLTS,Leutschach,Leutschach,6,1----6--,RL,,4640N 01528E,
AT,ATLTD,Leutzmannsdorf,Leutzmannsdorf,3,--3-----,RL,,4807N 01457E,
AT,ATLIW,Lichtenau im Waldviertel,Lichtenau im Waldviertel,3,--3-----,RL,,4830N 01523E,
AT,ATLTG,Lichtenberg,Lichtenberg,3,--3-----,RL,,4847N 01519E,
AT,ATNWR,Lichtenworth,Lichtenworth,3,--3-----,RL,,4750N 01617E,
AT,ATLIB,Lieboch,Lieboch,6,-23-----,RL,,4658N 01520E,
AT,ATLEZ,Lienz,Lienz,,-23-----,RQ,,,
AT,ATLRR,Lieserbruecke,Lieserbruecke,2,--3-----,RQ,,4650N 01329E,
AT,ATLZN,Liezen,Liezen,,--3-----,RQ,,,
AT,ATLLF,Lilienfeld,Lilienfeld,3,-23-----,RL,,4801N 01538E,
AT,ATIEG,Limberg,Limberg,3,1-------,RL,,4835N 01552E,
AT,ATLBU,Lindabrunn,Lindabrunn,3,--3-----,RL,,4754N 01610E,
AT,ATLNZ,Linz,Linz,4,-234----,AI,,4818N 01418E,
AT,ATLSH,Litschau,Litschau,3,--3-----,RL,,4856N 01503E,
AT,ATBUG,Litzelsdorf,Litzelsdorf,1,--3-----,RL,,4712N 01609E,
AT,ATLOE,Lobendorf,Lobendorf,3,--3-----,RL,,4826N 01525E,
AT,ATLCU,Lochau,Lochau,,--3-----,RQ,,,
AT,ATLCH,Lochen,Lochen,4,--3-----,RL,,4801N 01311E,
AT,ATLOF,Lofer,Lofer,5,--3-----,RL,,4735N 01241E,
AT,ATLOB,Lohnsburg,Lohnsburg,,--3-----,RL,,4808N 01324E,
AT,ATLDS,Loidesthal,Loidesthal,3,-----6--,RL,,4829N 01645E,
AT,ATLOI,Loimersdorf,Loimersdorf,,-23-----,RL,,4810N 01650E,
AT,ATLPB,Loipersbach,Loipersbach,3,--3-----,RL,,4743N 01907E,
AT,ATLPD,Loipersdorf,Loipersdorf,3,--3-----,RL,,4808N 01521E,
AT,ATLSD,Loosdorf,Loosdorf,,-23--6--,RL,,4812N 01524E,
AT,ATLOS,Losenstein,Losenstein,4,--3-----,RL,,4755N 01426E,
AT,ATLUW,Ludersdorf-Wilfersdorf,Ludersdorf-Wilfersdorf,6,--3-----,RL,,4706N 01540E,
AT,ATDSH,Ludesch,Ludesch,8,-23-----,RL,,4712N 00947E,
AT,ATLTN,Lustenau,Lustenau,,--3-----,RQ,,,
AT,ATLTZ,Lutzmannsburg,Lutzmannsburg,1,--3-----,RL,,4728N 01638E,
AT,ATMDR,Mäder,Mader,8,--3-----,RL,,4721N 00937E,
AT,ATMDS,Madstein,Madstein,6,--3-----,RL,,4722N 01500E,
AT,ATMLB,Mailberg,Mailberg,3,--3-----,RL,,4840N 01611E,
AT,ATMSN,Maishofen,Maishofen,5,--3--6--,RQ,,4722N 01248E,
AT,ATMLH,Mallersbach,Mallersbach,3,--3-----,RL,,4850N 01548E,
AT,ATMNG,Mandling,Mandling,6,-23-----,RL,,4724N 01334E,
AT,ATMAL,Mannersdorf am Leithagebirge,Mannersdorf am Leithagebirge,3,-----6--,RQ,,4758N 01636E,
AT,ATMNN,Mannersdorf an der March,Mannersdorf an der March,3,--3-----,RL,,4823N 01650E,
AT,ATMAN,Manning,Manning,4,1-3-----,RL,,4805N 01340E,
AT,ATMW3,Mannswörth,Mannsworth,3,--3-----,RL,,4809N 01631E,
AT,ATMAB,Marbach an der Donau,Marbach an der Donau,3,123-----,RL,,4813N 01509E,
AT,ATGGM,Marchegg,Marchegg,3,--3-----,RL,,4816N 01654E,
AT,ATMRC,Marchtrenk,Marchtrenk,4,--3-----,RL,,4811N 01407E,
AT,ATMAM,Margarethen am Moos,Margarethen am Moos,3,--3-----,RL,,4802N 01636E,
AT,ATMA5,Maria Alm am Steinernen Meer,Maria Alm am Steinernen Meer,5,--3-----,RL,,4724N 01254E,
AT,ATMEN,Maria Enzersdorf,Maria Enzersdorf,3,--3-----,RQ,,4806N 01617E,
AT,ATMLJ,Maria Laach am Jauerling,Maria Laach am Jauerling,3,--3-----,RL,,4818N 01520E,
AT,ATZEN,Maria Lanzendorf,Maria Lanzendorf,,-23-----,RL,,4806N 01625E,
AT,ATMR2,Maria Rain,Maria Rain,2,--3-----,RL,,4633N 01417E,
AT,ATMAS,Maria Saal,Maria Saal,2,--3-----,RQ,,4640N 01420E,
AT,ATMDO,Mariasdorf,Mariasdorf,1,--3-----,RL,,4722N 01613E,
AT,ATMZL,Mariazell,Mariazell,6,--3-----,RL,,4746N 01519E,
AT,ATMGL,Markgrafneusiedl,Markgrafneusiedl,,--3-----,RL,,4816N 01638E,
AT,ATMKA,Markt Allhau,Markt Allhau,1,1----6--,RL,,4714N 01605E,
AT,ATMPI,Markt Piesting,Markt Piesting,3,--3-----,RL,,4752N 01608E,
AT,ATMAR,Marktl,Marktl,,--3-----,RL,,4801N 01535E,
AT,ATMRB,Martinsberg,Martinsberg,3,--3-----,AM,,4822N 01509E,
AT,ATMSF,Martinsdorf,Martinsdorf,3,--3-----,RL,,4828N 01638E,
AT,ATMRZ,Marz,Marz,1,--3-----,RL,,4743N 01625E,
AT,ATMBR,Matrei am Brenner,Matrei am Brenner,,-23--6--,RL,,4708N 01127E,
AT,ATMAT,Mattersburg,Mattersburg,,--3-----,RL,,4744N 01623E,
AT,ATMTH,Mattighofen,Mattighofen,,--3-----,RQ,,,
AT,ATMTS,Mattsee,Mattsee,5,--3-----,RL,,4758N 01306E,
AT,ATMTZ,Matzen,Matzen,3,--3-----,RL,,4824N 01642E,
AT,ATMBH,Mauerbach,Mauerbach,3,--3-----,RL,,4815N 01610E,
AT,ATMHK,Mauerkirchen,Mauerkirchen,,--3-----,RQ,,,
AT,ATMTN,Mautern,Mautern,3,--3-----,RQ,,4823N 01535E,
AT,ATMUD,Mautern an der Donau,Mautern an der Donau,3,--3-----,RL,,4823N 01534E,
AT,ATMTK,Mautern in Steiermark,Mautern in Steiermark,6,--3-----,RL,,4724N 01450E,
AT,ATMTF,Mauterndorf,Mauterndorf,5,--3-----,RL,,4708N 01340E,
AT,ATMAU,Mauthausen,Mauthausen,,--3-----,RL,,4814N 01431E,
AT,ATMRH,Mayrhofen,Mayrhofen,7,-23-----,RL,,4710N 01152E,
AT,ATMGN,Meggenhofen,Meggenhofen,,--3-----,RL,,4811N 01348E,
AT,ATMEE,Mehrnbach,Mehrnbach,4,--3-----,RL,,4813N 01326E,
AT,ATVNG,Meiningen,Meiningen,8,-----6--,RL,,4717N 00934E,
AT,ATMEI,Meiselding,Meiselding,2,--3--6--,RL,,4650N 01424E,
AT,ATMEL,Melk,Melk,,--3-----,RQ,,,
AT,ATMLA,Mellau,Mellau,8,--3-----,RL,,4721N 00952E,
AT,ATMER,Merchtrenk,Merchtrenk,4,-23-----,RL,,4811N 01406E,
AT,ATMSD,Messendorf,Messendorf,6,--3-----,RL,,4702N 01529E,
AT,ATMSB,Mettersdorf Am Sassbach,Mettersdorf Am Sassbach,,--3-----,RL,,4648N 01542E,
AT,ATZZG,Michaelbeuern,Michaelbeuern,5,--3-----,RL,,4801N 01301E,
AT,ATMIC,Michelbach,Michelbach,3,--3-----,RQ,,4805N 01545E,
AT,ATMCF,Micheldorf,Micheldorf,2,-----6--,RL,,4637N 01324E,
AT,ATMAK,Micheldorf am Kienberge,Micheldorf am Kienberge,4,--3-----,RQ,,4751N 01408E,
AT,ATMIF,Micheldorf in Kärnten,Micheldorf in Karnten,,--3-----,RQ,,,
AT,ATMCD,Micheldorf in Oberösterreich,Micheldorf in Oberosterreich,4,-23-----,RL,,4752N 01408E,
AT,ATMLN,Michelhausen,Michelhausen,3,--3-----,RL,,4817N 01556E,
AT,ATMEM,Mieming,Mieming,7,--3-----,RL,,4718N 01059E,
AT,ATMIK,Miklauzhof,Miklauzhof,,0-------,RL,,,
AT,ATMST,Millstatt,Millstatt,2,-----6--,RQ,,4648N 01334E,
AT,ATMIL,Mils,Mils,7,--3-----,RL,,4717N 01131E,
AT,ATMSS,Missingdorf,Missingdorf,3,--3-----,RL,,4841N 01548E,
AT,ATMIS,Mistelbach,Mistelbach,4,--3-----,RL,,4814N 01404E,
AT,ATMIT,Mittelberg,Mittelberg,,----5---,AI,,,
AT,ATMTB,Mitterberghutten,Mitterberghutten,5,--3-----,RQ,,4724N 01313E,
AT,ATMML,Mitterdorf im Murztal,Mitterdorf im Murztal,6,--3-----,RL,,4732N 01531E,
AT,ATMKC,Mitterkirchen,Mitterkirchen,4,1-3-----,RL,,4811N 01442E,
AT,ATMLS,Mittersill,Mittersill,,--3-----,RQ,,4716N 01228E,
AT,ATMIX,Mixnitz,Mixnitz,,--3-----,RL,,4719N 01521E,
AT,ATMBG,Möderbrugg,Moderbrugg,,--3-----,RL,,4717N 01429E,
AT,ATMOE,Mödling,Modling,,--3-----,RL,,4804N 01617E,
AT,ATMLL,Mollands,Mollands,3,--3-----,RL,,4831N 01541E,
AT,ATMBK,Mollbrucke,Mollbrucke,2,--3-----,RL,,4650N 01322E,
AT,ATMLD,"Mollersdorf, Baden","Mollersdorf, Baden",3,--3-----,RL,,4801N 01618E,
AT,ATMDF,"Mollersdorf, Tull an der Donau","Mollersdorf, Tull an der Donau",3,--3-----,RL,,4822N 01600E,
AT,ATOLL,Molln,Molln,,--3-----,RL,,4752N 01416E,
AT,ATMHF,Mönchhof,Monchhof,,-23-----,RL,,4753N 01657E,
AT,ATMON,Mondsee,Mondsee,,--3-----,RL,,4751N 01321E,
AT,ATMOO,Moosbrunn,Moosbrunn,3,--3-----,RL,,4810N 01627E,
AT,ATOBM,Moosdorf,Moosdorf,4,-----6--,RQ,,4803N 01259E,
AT,ATMBS,Morbisch am See,Morbisch am See,1,1----6--,RL,,4745N 01640E,
AT,ATHLD,Muhldorf,Muhldorf,3,--3-----,RL,,4822N 01521E,
AT,ATMAI,Mühlheim,Muhlheim,,-----6--,RL,,4817N 01313E,
AT,ATMNO,Müllendorf,Mullendorf,,-23--6--,RL,,4751N 01628E,
AT,ATMUE,Münchendorf,Munchendorf,,--3-----,RL,,4801N 01622E,
AT,ATMDG,Munderfing,Munderfing,4,--3-----,RL,,4804N 01311E,
AT,ATMHE,Münichreith,Munichreith,,--3--6--,RL,,4816N 01508E,
AT,ATMZH,Münzbach,Munzbach,4,--3-----,RL,,4816N 01442E,
AT,ATMUN,Münzkirchen,Munzkirchen,,--3-----,RL,,,
AT,ATMUR,Murau,Murau,6,-----6--,RL,,4706N 01410E,
AT,ATMUC,Mureck,Mureck,6,--3-----,RL,,4642N 01546E,
AT,ATMUQ,Murstetten,Murstetten,3,--3-----,RL,,4814N 01549E,
AT,ATMOF,Mürzhofen,Murzhofen,6,--3-----,RL,,4729N 01523E,
AT,ATMZZ,Mürzzuschlag,Murzzuschlag,,-23-----,RL,,4736N 01540E,
AT,ATNT9,Muthmannsdorf,Muthmannsdorf,3,1-3-----,RL,,4750N 01606E,
AT,ATNAA,Naarn,Naarn,4,--3-----,RL,,4813N 01436E,
AT,ATNDS,Nauders,Nauders,7,--3-----,RL,,4653N 01031E,
AT,ATNEC,Neckenmarkt,Neckenmarkt,,--3-----,RL,,4736N 01633E,
AT,ATNEI,Neidling,Neidling,3,--3-----,RL,,4814N 01533E,
AT,ATNEZ,Nenzing,Nenzing,,--3-----,RL,,4710N 00941E,
AT,ATNGZ,Nestelbach bei Graz,Nestelbach bei Graz,6,--3-----,RL,,4703N 01537E,
AT,ATNET,Nettingsdorf,Nettingsdorf,4,--3-----,RL,,4810N 01415E,
AT,ATANI,Neu-Anif,Neu-Anif,5,--3-----,RL,,4745N 01304E,
AT,ATNEU,Neubau,Neubau,,--3-----,RL,,4830N 01631E,
AT,ATNUA,Neudau,Neudau,,-23-----,RQ,,,
AT,ATNGG,Neudegg,Neudegg,3,1----6--,RL,,4829N 01553E,
AT,ATNBI,Neudorf bei Ilz,Neudorf bei Ilz,6,--3-----,RL,,4705N 01557E,
AT,ATNEL,Neudörfl,Neudorfl,1,--3-----,RL,,4747N 01618E,
AT,ATNUF,Neufeld an der Leitha,Neufeld an der Leitha,,--3-----,RL,,4752N 01622E,
AT,ATNFN,Neufelden,Neufelden,,123-----,RL,,4829N 01359E,
AT,ATNKB,Neuhaus am Klausenbach,Neuhaus am Klausenbach,1,--3-----,RL,,4652N 01602E,
AT,ATNEK,Neuhofen an der Krems,Neuhofen an der Krems,,--3-----,RL,,4808N 01413E,
AT,ATNAD,Neuhofen an der Ybbs,Neuhofen an der Ybbs,3,1-3-----,RL,,4803N 01451E,
AT,ATNII,Neuhofen im Innkreis,Neuhofen im Innkreis,4,--3-----,RL,,4811N 01328E,
AT,ATNVC,Neukirchen an der Vöckla,Neukirchen an der Vockla,4,--3-----,RL,,4802N 01332E,
AT,ATNEH,Neulengbach,Neulengbach,,--3-----,RL,,4810N 01558E,
AT,ATNWS,Neumarkt am Wallersee,Neumarkt am Wallersee,5,-23-----,RL,,4757N 01314E,
AT,ATNYB,Neumarkt and der Ybbs,Neumarkt and der Ybbs,3,--3-----,RL,,4808N 01503E,
AT,ATNHR,Neumarkt im Hausruckkreis,Neumarkt im Hausruckkreis,,-23-----,RL,,4816N 01342E,
AT,ATNMK,Neumarkt im Mühlkreis,Neumarkt im Muhlkreis,4,-----6--,RL,,4825N 01429E,
AT,ATNKN,Neunkirchen,Neunkirchen,3,--3-----,RL,,4743N 01605E,
AT,ATNPK,Neupirka,Neupirka,6,-----6--,RL,,4700N 01525E,
AT,ATNES,Neusiedl,Neusiedl,,--3-----,RQ,,,
AT,ATNAS,Neusiedl am See,Neusiedl am See,1,--3-----,RQ,,4756N 01650E,
AT,ATNAZ,Neusiedl an der Zaya,Neusiedl an der Zaya,3,--3-----,RL,,4838N 01648E,
AT,ATNSM,Neustadtl Markt,Neustadtl Markt,3,--3-----,RL,,4811N 01455E,
AT,ATNDL,Neustift an der Lafnitz,Neustift an der Lafnitz,1,--3-----,RL,,4722N 01602E,
AT,ATNEM,Neustift im Mühlkreis,Neustift im Muhlkreis,4,--3-----,RL,,4832N 01345E,
AT,ATTR7,Neustift im Stubaital,Neustift im Stubaital,7,--3-----,RL,,4707N 01119E,
AT,ATNTA,Neutal,Neutal,,--3-----,RL,,4732N 01626E,
AT,ATNZG,Neuzeug,Neuzeug,4,--3-----,RL,,4803N 01420E,
AT,ATND2,Nickelsdorf,Nickelsdorf,1,1----6--,RL,,4756N 01704E,
AT,ATN9F,Niederabsdorf,Niederabsdorf,3,--3-----,RL,,4834N 01651E,
AT,ATNHN,Niederhollabrunn,Niederhollabrunn,3,--3-----,RL,,4826N 01618E,
AT,ATNIK,Niederkappel,Niederkappel,4,--3-----,RL,,4828N 01353E,
AT,ATNID,Niederleis,Niederleis,3,--3-----,RL,,4833N 01624E,
AT,ATNDF,Niederndorf,Niederndorf,3,--3-----,RQ,,4810N 01511E,
AT,ATNSL,Niedernsill,Niedernsill,,--3-----,RQ,,,
AT,ATNIE,Niederottnang,Niederottnang,4,--3-----,RL,,4806N 01340E,
AT,ATNMN,Niederranna,Niederranna,4,-23-----,RL,,4828N 01348E,
AT,ATNRR,Niederrussbach,Niederrussbach,3,--3--6--,RQ,,4827N 01602E,
AT,ATNWK,Niederwaldkirchen,Niederwaldkirchen,,--3-----,RL,,4827N 01404E,
AT,ATNIW,Niederwölz,Niederwolz,1,-23-----,RL,,4709N 01422E,
AT,ATNKD,Niklasdorf,Niklasdorf,,--3-----,RL,,4723N 01509E,
AT,ATNBA,Nussbach,Nussbach,,-----6--,RL,,4758N 01410E,
AT,ATNSD,Nussdorf,Nussdorf,,--3-----,RL,,4713N 01428E,
AT,ATNAH,Nussdorf am Haunsberg,Nussdorf am Haunsberg,5,--3-----,RL,,4758N 01301E,
AT,ATNAT,Nussdorf an der Traisen,Nussdorf an der Traisen,,--3-----,RL,,4821N 01542E,
AT,ATNUZ,Nüziders,Nuziders,,123-----,RL,,4711N 00948E,
AT,ATOHD,Obdach,Obdach,,--3-----,RQ,,,
AT,ATORH,Oberaich,Oberaich,,-23-----,RL,,4724N 01513E,
AT,ATOMB,Oberalm,Oberalm,5,--3--6--,RQ,,4742N 01306E,
AT,ATOFC,Obere Fellach,Obere Fellach,,-----6--,RQ,,4638N 01349E,
AT,ATOBG,Obergrafendorf,Obergrafendorf,3,--3-----,RL,,4808N 01532E,
AT,ATOHI,Oberhofen am Irrsee,Oberhofen am Irrsee,4,--3-----,RL,,4757N 01318E,
AT,ATLAM,Oberlamm,Oberlamm,6,-23-----,RL,,4659N 01603E,
AT,ATNE2,Obermarkersdorf,Obermarkersdorf,3,--3-----,RL,,4844N 01553E,
AT,ATOAM,Oberndorf an der Melk,Oberndorf an der Melk,3,--3-----,RL,,4803N 01513E,
AT,ATOBR,Oberndorf bei Salzburg,Oberndorf bei Salzburg,,--3-----,RL,,4756N 01256E,
AT,ATODT,Oberndorf in Tirol,Oberndorf in Tirol,7,--3-----,RL,,4730N 01223E,
AT,ATOBU,Oberneukirchen,Oberneukirchen,4,1-------,RQ,,,
AT,ATOBE,Oberpullendorf,Oberpullendorf,,--3-----,RL,,4729N 01630E,
AT,ATORB,Oberrohrbach,Oberrohrbach,3,--3-----,RL,,4824N 01618E,
AT,ATOSZ,Oberschützen,Oberschutzen,1,--3-----,RL,,4721N 01612E,
AT,ATOSK,Oberstinkenbrunn,Oberstinkenbrunn,3,--3-----,RL,,4837N 01609E,
AT,ATOBH,Oberstrahlbach,Oberstrahlbach,,--3-----,RL,,4837N 01506E,
AT,ATOTN,Obertraun,Obertraun,4,--3-----,RL,,4733N 01341E,
AT,ATVTD,Obertrum am See,Obertrum am See,5,-----6--,RL,,4756N 01304E,
AT,ATOWG,Oberwagram,Oberwagram,3,--3-----,RL,,4812N 01541E,
AT,ATOWD,Oberwaltersdorf,Oberwaltersdorf,,-23-----,RL,,4759N 01619E,
AT,ATOWN,Oberwang,Oberwang,4,--3-----,RL,,4752N 01326E,
AT,ATOWT,Oberwart,Oberwart,,--3-----,RQ,,,
AT,ATOBW,Oberweis,Oberweis,4,--3-----,RL,,4757N 01349E,
AT,ATOED,Oed,Oed,,--3-----,RL,,4823N 01508E,
AT,ATXAE,Oehling,Oehling,3,1-3-----,RL,,4806N 01448E,
AT,ATOOT,Oepping,Oepping,4,--3-----,RL,,4836N 01356E,
AT,ATORI,Oftering,Oftering,,-23-----,RL,,4814N 01408E,
AT,ATGGU,Oggau,Oggau,1,1-------,RL,,4750N 01640E,
AT,ATOLS,Ohlsdorf,Ohlsdorf,4,--3-----,RL,,4757N 01347E,
AT,ATOEN,Ollern,Ollern,3,--3--6--,AM,,4816N 01605E,
AT,ATOSF,Ollersdorf,Ollersdorf,3,--3-----,RL,,4824N 01648E,
AT,ATOAL,Oneal,Oneal,,0-------,RQ,,,
AT,ATOIN,Ort im Innkreis,Ort im Innkreis,4,-----6--,RL,,4818N 01326E,
AT,ATOAD,Orth an der Donau,Orth an der Donau,3,--3-----,RL,,4808N 01642E,
AT,ATORT,Ortmann,Ortmann,3,--3-----,RL,,4754N 01558E,
AT,ATTMH,Ostermiething,Ostermiething,4,-----6--,RL,,4803N 01250E,
AT,ATOSH,Ottensheim,Ottensheim,4,123-----,RL,,4820N 01411E,
AT,ATOAH,Ottnang am Hausruck,Ottnang am Hausruck,4,-----6--,RL,,4805N 01339E,
AT,ATOZB,Ötztal-Bahnhof,Otztal-Bahnhof,7,--3-----,RL,,4714N 01051E,
AT,ATOYH,Oyenhausen,Oyenhausen,3,--3-----,RL,,4759N 01617E,
AT,ATPAL,Paldau,Paldau,6,--3-----,RL,,4656N 01547E,
AT,ATPAT,Palt,Palt,3,--3-----,RL,,4837N 01533E,
AT,ATPTG,Palting,Palting,4,--3--6--,RL,,4801N 01308E,
AT,ATPAM,Pamhagen,Pamhagen,1,-23-----,RL,,4742N 01655E,
AT,ATPDF,Parndorf,Parndorf,,--3-----,RQ,,,
AT,ATPHG,Pasching,Pasching,,--3-----,RQ,,,
AT,ATPSS,Passail,Passail,6,--3-----,RL,,4717N 01531E,
AT,ATATK,Paternion,Paternion,2,1-3-----,RL,,4642N 01338E,
AT,ATPZF,Patzmannsdorf,Patzmannsdorf,3,--3-----,RL,,4838N 01616E,
AT,ATPEG,Peggau,Peggau,,-23-----,RL,,4712N 01521E,
AT,ATPO4,Pennewang,Pennewang,4,--3-----,RL,,4808N 01351E,
AT,ATPTF,Perchtoldsdorf,Perchtoldsdorf,3,--3-----,RL,,4807N 01616E,
AT,ATPER,Perg,Perg,,--3-----,RQ,,,
AT,ATPGM,Pernegg an der Mur,Pernegg an der Mur,6,-23-----,RL,,4721N 01521E,
AT,ATPRD,Pernersdorf,Pernersdorf,3,--3-----,RL,,4842N 01601E,
AT,ATPRH,Pernhofen,Pernhofen,,0-------,RQ,,,
AT,ATPNT,Pernitz,Pernitz,,--3-----,RL,,4753N 01557E,
AT,ATPBU,Persenbeug,Persenbeug,3,123-----,RL,,4811N 01504E,
AT,ATPWG,Perwang,Perwang,4,--3--6--,RL,,4800N 01305E,
AT,ATPTH,Perwarth,Perwarth,3,--3-----,RQ,,4801N 01459E,
AT,ATPSB,Pessaberg,Pessaberg,6,--3-----,RL,,4649N 01540E,
AT,ATPEC,Petronell-Carnuntum,Petronell-Carnuntum,3,--3-----,RL,,4807N 01651E,
AT,ATPEB,Pettenbach,Pettenbach,4,-23-----,RL,,4757N 01401E,
AT,AT7TA,Pettnau,Pettnau,7,--3-----,RL,,4718N 01108E,
AT,ATPET,Petzenkirchen,Petzenkirchen,3,1----6--,RL,,4808N 01509E,
AT,ATPRB,Peuerbach,Peuerbach,,--3-----,RL,,4820N 01346E,
AT,ATPFF,Pfaffenhofen,Pfaffenhofen,7,--3-----,RL,,4718N 01105E,
AT,ATPFA,Pfaffstätten,Pfaffstatten,3,--3-----,RL,,4801N 01616E,
AT,ATSSP,Pfarrwerfen,Pfarrwerfen,5,--3-----,RL,,4727N 01312E,
AT,ATPWE,Pichl bei Wels,Pichl bei Wels,,--3--6--,RL,,4811N 01354E,
AT,ATPND,Piesendorf,Piesendorf,5,--3-----,RL,,4717N 01243E,
AT,ATPLL,Pill,Pill,,--3-----,RL,,4719N 01140E,
AT,ATPLH,Pillichsdorf,Pillichsdorf,3,--3-----,RL,,4821N 01632E,
AT,ATPGG,Pinggau,Pinggau,,--3-----,RL,,4726N 01603E,
AT,ATPFD,Pinkafeld,Pinkafeld,,-23-----,RL,,4722N 01607E,
AT,ATPOF,Pinsdorf,Pinsdorf,4,--3-----,RL,,4755N 01346E,
AT,ATPIS,Pischeldorf,Pischeldorf,2,-----6--,RL,,4641N 01427E,
AT,ATPRF,Pischelsdorf,Pischelsdorf,3,--3-----,RL,,4820N 01556E,
AT,ATPSM,Pischelsdorf In Der Steiermark,Pischelsdorf In Der Steiermark,6,--3-----,RL,,4710N 01548E,
AT,ATPK6,Pischelsdorf in Steiermark,Pischelsdorf in Steiermark,6,--3-----,RL,,4710N 01548E,
AT,ATPST,Pistorf,Pistorf,6,-----6--,RL,,4646N 01522E,
AT,ATPIT,Pitten,Pitten,3,--3-----,RL,,4743N 01611E,
AT,ATPID,Plainfeld,Plainfeld,5,--3-----,RL,,4750N 01311E,
AT,ATPLA,Platt,Platt,3,--3-----,RL,,4840N 01557E,
AT,ATPOE,Pöchlarn,Pochlarn,,--3-----,RL,,4812N 01513E,
AT,ATPAS,Podersdorf am See,Podersdorf am See,1,1-3-----,RL,,4751N 01650E,
AT,ATPGO,Poggersdorf,Poggersdorf,,--3-----,RL,,4639N 01427E,
AT,ATPOG,Pöggstall,Poggstall,3,--3-----,RL,,4819N 01511E,
AT,ATLL6,Pollau,Pollau,6,--3-----,RL,,4713N 01522E,
AT,ATPO2,Pollauberg,Pollauberg,6,--3-----,RL,,4719N 01551E,
AT,ATPLS,Pöls,Pols,8,-23-----,RL,,4713N 01434E,
AT,ATPOL,Polten,Polten,6,--3-----,RL,,4644N 01558E,
AT,ATPNF,Pöndorf,Pondorf,4,--3-----,RL,,4800N 01323E,
AT,ATPDO,Pöttelsdorf,Pottelsdorf,1,--3-----,RL,,4745N 01626E,
AT,ATPTT,Pottendorf,Pottendorf,3,--3-----,RQ,,4754N 01623E,
AT,ATOTT,Pottsching,Pottsching,1,--3-----,RL,,4748N 01623E,
AT,ATPOB,Poysbrunn,Poysbrunn,3,--3-----,RL,,4843N 01637E,
AT,ATPOY,Poysdorf,Poysdorf,,--3-----,RL,,4840N 01638E,
AT,ATPRM,Pram,Pram,4,--3-----,RL,,4814N 01337E,
AT,ATPBK,Prambachkirchen,Prambachkirchen,4,--3-----,RQ,,4819N 01355E,
AT,ATPRA,Pramet,Pramet,4,--3-----,RL,,4808N 01329E,
AT,ATPDG,Preding,Preding,6,-----6--,RL,,4711N 01539E,
AT,ATPGN,Pregarten,Pregarten,,-23-----,RL,,4821N 01431E,
AT,ATPRT,Preitenegg,Preitenegg,2,-----6--,RL,,4656N 01455E,
AT,ATPBM,Pressbaum,Pressbaum,3,--3-----,RL,,4811N 01605E,
AT,ATPFZ,Prinzendorf an der Zaya,Prinzendorf an der Zaya,3,--3-----,RL,,4836N 01643E,
AT,AT7PZ,Prinzersdorf,Prinzersdorf,3,1-3-----,RL,,4812N 01531E,
AT,ATPRL,Proleb,Proleb,6,--3-----,RL,,4724N 01508E,
AT,ATPOT,Prottes,Prottes,1,-23-----,RL,,4823N 01644E,
AT,ATPUC,Puch,Puch,6,--3-----,RL,,4656N 01546E,
AT,ATPUU,Puchenau,Puchenau,4,--3-----,RQ,,4819N 01414E,
AT,ATPKG,Pucking,Pucking,4,--3-----,RL,,4811N 01411E,
AT,ATPKU,Pulkau,Pulkau,3,--3-----,RL,,4842N 01551E,
AT,ATPTZ,Punitz,Punitz,,--3-----,RQ,,4707N 01620E,
AT,ATPUP,Pupping,Pupping,4,-23-----,RL,,4820N 01400E,
AT,ATPUH,Purbach,Purbach,3,-----6--,RQ,,4845N 01505E,
AT,ATPBN,Purbach am Neusiedlersee,Purbach am Neusiedlersee,1,--3-----,RL,,4754N 01641E,
AT,ATPUR,Purgstall,Purgstall,,--3-----,RL,,,
AT,ATPLE,Purgstall an der Erlauf,Purgstall an der Erlauf,3,-23-----,RL,,4803N 01508E,
AT,ATPUF,Purkersdorf,Purkersdorf,,--3-----,RQ,,,
AT,ATD4S,Putzleinsdorf,Putzleinsdorf,4,--3-----,RL,,4831N 01353E,
AT,ATRAB,Raab,Raab,,--3-----,RQ,,,
AT,ATRBA,Raaba,Raaba,,-23-----,RL,,4701N 01529E,
AT,ATRAA,Raasdorf,Raasdorf,3,--3-----,RL,,4814N 01633E,
AT,ATRDN,Radenthein,Radenthein,,--3-----,RL,,4648N 01342E,
AT,ATRFD,Radfeld,Radfeld,7,-23-----,RL,,4727N 01155E,
AT,ATRAD,Radstadt,Radstadt,,123-----,RL,,4723N 01327E,
AT,ATRGF,Raggendorf,Raggendorf,1,-23-----,RL,,4824N 01639E,
AT,ATRIM,Rainbach im Mühlkreis,Rainbach im Muhlkreis,,-----6--,RQ,,4833N 01428E,
AT,ATRAM,Ramingstein,Ramingstein,5,--3-----,RL,,4704N 01350E,
AT,ATRMU,Ramsau,Ramsau,3,--3-----,RL,,4800N 01548E,
AT,ATRUZ,Ramsau im Zillertal,Ramsau im Zillertal,7,--3-----,RL,,4712N 01153E,
AT,ATRXG,Randegg,Randegg,,-23-----,RQ,,,
AT,ATRKL,Rankweil,Rankweil,,--3-----,RQ,,,
AT,ATRAN,Rannersdorf,Rannersdorf,3,--3-----,RQ,,4807N 01628E,
AT,ATRHN,Ranshofen,Ranshofen,,1-3-----,RL,,4814N 01300E,
AT,ATRAS,Rastenfeld,Rastenfeld,,--3-----,RL,,4834N 01520E,
AT,ATRDW,Ratsch an der Weinstrasse,Ratsch an der Weinstrasse,,--3-----,RL,,4641N 01534E,
AT,ATRTB,Rattenberg,Rattenberg,7,--3-----,RL,,4726N 01154E,
AT,ATRAU,Rauris,Rauris,5,--3-----,RQ,,4713N 01300E,
AT,ATRXF,Raxendorf,Raxendorf,3,--3-----,RL,,4820N 01516E,
AT,ATRNZ,Rechnitz,Rechnitz,1,--3-----,RL,,4718N 01627E,
AT,ATRED,Redlham,Redlham,4,--3-----,RL,,4801N 01344E,
AT,ATREG,Regau,Regau,4,1----6--,RQ,,4805N 01408E,
AT,ATRCA,Reichenau,Reichenau,3,--3-----,RQ,,4742N 01550E,
AT,ATRTL,Reichenthal,Reichenthal,4,--3-----,RL,,4833N 01423E,
AT,ATREI,Reichersberg,Reichersberg,4,--3-----,RL,,4820N 01322E,
AT,ATRSD,Reichersdorf,Reichersdorf,,-23-----,RL,,4820N 01542E,
AT,ATRRM,Reichraming,Reichraming,4,-23-----,RL,,4753N 01427E,
AT,ATRSB,Reinsberg,Reinsberg,3,--3-----,RL,,4759N 01504E,
AT,ATRN3,Reisenberg,Reisenberg,3,--3-----,RL,,4800N 01631E,
AT,ATRWL,Rekawinkel,Rekawinkel,,--3-----,RL,,,
AT,ATRTZ,Retz,Retz,,-23-----,RL,,4845N 01557E,
AT,ATREU,Reuthe,Reuthe,8,-----6--,RL,,4730N 00943E,
AT,ATREE,Reuthe/Vorarlberg,Reuthe/Vorarlberg,8,--3-----,RQ,,4722N 00953E,
AT,ATRTE,Reutte,Reutte,,--3-----,RL,,4728N 01042E,
AT,ATRIE,Ried,Ried,,--3-----,RQ,,,
AT,ATRIK,Ried im Innkreis,Ried im Innkreis,4,--3-----,RL,,4812N 01328E,
AT,ATRIT,Ried Im Traunkreis,Ried Im Traunkreis,4,--3-----,RL,,4801N 01405E,
AT,ATRLD,Riedlingsdorf,Riedlingsdorf,,-23-----,RL,,4721N 01608E,
AT,ATRBG,Riegersburg,Riegersburg,,--3-----,RL,,4700N 01556E,
AT,ATKAT,Riegersdorf,Riegersdorf,2,-----6--,RL,,4654N 13784E,
AT,ATRIZ,Rietz,Rietz,6,--3-----,RL,,4717N 01103E,
AT,ATETZ,Rietz,Rietz,7,1-------,RL,,4717N 01103E,
AT,ATRZL,Riezlern,Riezlern,,----5---,AI,,,
AT,ATXXX,RIS Inland waterways,RIS Inland waterways,,1-------,AI,,,
AT,ATRHR,Rohrau,Rohrau,3,1----6--,RL,,4804N 01651E,
AT,ATROH,Rohrbach,Rohrbach,3,--3-----,RQ,,4804N 01434E,
AT,ATR8N,Rohrbach An Der Golsen,Rohrbach An Der Golsen,3,--3-----,RL,,4803N 01545E,
AT,ATRBM,Rohrbach bei Mattersburg,Rohrbach bei Mattersburg,1,-----6--,RL,,4743N 01625E,
AT,ATRDF,Rohrendorf bei Krems,Rohrendorf bei Krems,,--3-----,RL,,4825N 01539E,
AT,ATROI,Roitham,Roitham,,--3-----,RL,,4801N 01349E,
AT,ATRST,Röschitz,Roschitz,,--3-----,RL,,4840N 01553E,
AT,ATRNA,Rosenau,Rosenau,,--3-----,RL,,4641N 01411E,
AT,ATROS,Rosenbach,Rosenbach,2,-23-----,RL,,4632N 01402E,
AT,ATRSU,Rosenburg,Rosenburg,,-----6--,RL,,4838N 01538E,
AT,ATRAH,Rosental an der Kainach,Rosental an der Kainach,6,--3-----,RL,,4703N 01506E,
AT,ATROA,Rossatz,Rossatz,3,--3-----,RL,,4823N 01530E,
AT,ATRSL,Rossleithen,Rossleithen,4,--3-----,RL,,4741N 01417E,
AT,ATRTM,Rotenturm an der Pinka,Rotenturm an der Pinka,,--3-----,RL,,4715N 01614E,
AT,ATRTH,Rothis,Rothis,8,--3-----,RQ,,4717N 00939E,
AT,ATRTT,Rottenmann,Rottenmann,,--3-----,RQ,,,
AT,ATRUN,Ruden,Ruden,2,--3-----,RL,,4639N 01446E,
AT,ATRUD,Rudersdorf,Rudersdorf,1,--3-----,RL,,4703N 01607E,
AT,ATRRF,Ruhrsdorf,Ruhrsdorf,3,1-------,RL,,4824N 01530E,
AT,ATRUM,Rum,Rum,,-23-----,RL,,4717N 01127E,
AT,ATRUP,Ruprechtshofen,Ruprechtshofen,3,--3-----,RQ,,4808N 01516E,
AT,ATRUS,Rust,Rust,,--3-----,RL,,4748N 01639E,
AT,ATRZM,Rutzenmoos,Rutzenmoos,4,--3-----,RL,,4758N 01342E,
AT,ATSLB,Saalbach,Saalbach,5,--3-----,RL,,4723N 01238E,
AT,ATSSM,Saalfelden am Steinernen Meer,Saalfelden am Steinernen Meer,5,-----6--,RL,,4725N 01250E,
AT,ATSAC,Sachsenburg,Sachsenburg,2,--3-----,RQ,,4649N 13211E,
AT,ATSA7,Sachsendorf,Sachsendorf,3,--3-----,RL,,4824N 01550E,
AT,ATSM4,Salla,Salla,6,--3-----,RL,,4706N 01458E,
AT,ATSZG,Salzburg,Salzburg,5,-2-45---,AI,,4748N 01302E,
AT,ATSAK,Sankt Aegidi,Sankt Aegidi,4,1-3-----,RL,,4829N 01345E,
AT,ATAED,Sankt Aegyd am Neuwalde,Sankt Aegyd am Neuwalde,,--3-----,RL,,4750N 01535E,
AT,ATARV,Sankt Andrä,Sankt Andra,,--3-----,RL,,4646N 01449E,
AT,ATSAN,Sankt Andrä,Sankt Andra,2,--3-----,RL,,4638N 01353E,
AT,ATSAA,Sankt Andra am Zicksee,Sankt Andra am Zicksee,1,--3-----,RL,,4747N 01656E,
AT,ATSAW,Sankt Andrä-Wördern,Sankt Andra-Wordern,3,--3-----,RL,,4820N 01613E,
AT,ATANT,Sankt Anton,Sankt Anton,7,---4----,AI,,4707N 01016E,
AT,ATSFL,Sankt Florian,Sankt Florian,4,-23-----,RL,,4810N 01308E,
AT,ATSFI,Sankt Florian am Inn,Sankt Florian am Inn,4,--3--6--,RL,,4826N 01336E,
AT,ATSKG,Sankt Gallen,Sankt Gallen,6,--3-----,RL,,4741N 01436E,
AT,ATSGG,Sankt Georgen,Sankt Georgen,6,--3-----,RL,,4732N 01422E,
AT,ATSGF,Sankt Georgen am Steinfelden,Sankt Georgen am Steinfelden,3,-23-----,RL,,4807N 01535E,
AT,ATSGY,Sankt Georgen am Ybbsfelde,Sankt Georgen am Ybbsfelde,3,--3-----,RL,,4808N 01457E,
AT,ATSG4,Sankt Georgen an der Gusen,Sankt Georgen an der Gusen,4,--3-----,RL,,4816N 01427E,
AT,ATSGT,Sankt Georgen an der Stiefing,Sankt Georgen an der Stiefing,6,--3-----,RL,,4652N 01534E,
AT,ATSGS,Sankt Georgen bei Salzburg,Sankt Georgen bei Salzburg,,123-----,RL,,4759N 01253E,
AT,ATSGA,Sankt Georgen im Attergau,Sankt Georgen im Attergau,4,-23--6--,RL,,4756N 01329E,
AT,ATSTG,Sankt Gertraud,Sankt Gertraud,,-23-----,RL,,4652N 01452E,
AT,ATSJB,Sankt Jakob Breitenau,Sankt Jakob Breitenau,,--3-----,RQ,,,
AT,ATSJK,Sankt Jakob im Rosental,Sankt Jakob im Rosental,2,--3-----,RL,,4633N 01403E,
AT,ATSJD,Sankt Jakob in Defereggen,Sankt Jakob in Defereggen,7,--3-----,RL,,4655N 01219E,
AT,ATJOA,Sankt Johann im Pongau,Sankt Johann im Pongau,,--3-----,RL,,4721N 01312E,
AT,ATJOH,Sankt Johann in Tirol,Sankt Johann in Tirol,7,--3-----,RL,,4731N 01225E,
AT,ATSTK,Sankt Josef (Weststeiermark),Sankt Josef (Weststeiermark),6,--3-----,RL,,4654N 01520E,
AT,ATSKK,Sankt Kanzian am Klopeiner See,Sankt Kanzian am Klopeiner See,2,-23--6--,RL,,4637N 01435E,
AT,ATKLG,Sankt Katharein an der Laming,Sankt Katharein an der Laming,6,--3-----,RL,,4728N 01508E,
AT,ATSBL,Sankt Lambrecht,Sankt Lambrecht,6,--3-----,RL,,4704N 01418E,
AT,ATLFT,Sankt Leonhard am Forst,Sankt Leonhard am Forst,3,--3--6--,RL,,4808N 01517E,
AT,ATKN8,Sankt Lorenzen bei Knittelfeld,Sankt Lorenzen bei Knittelfeld,6,--3-----,RL,,4715N 01453E,
AT,ATLMU,Sankt Lorenzen im Mürztal,Sankt Lorenzen im Murztal,,--3-----,RL,,4729N 01522E,
AT,ATMMZ,Sankt Marein im Mürztal,Sankt Marein im Murztal,6,-23-----,RL,,4728N 01522E,
AT,ATS7B,Sankt Margarethen,Sankt Margarethen,1,--3-----,RL,,4748N 01636E,
AT,ATSMR,Sankt Margarethen an der Raab,Sankt Margarethen an der Raab,6,1-3-----,RL,,4703N 01545E,
AT,ATSK3,Sankt Margrethen,Sankt Margrethen,2,1----6--,RL,,4638N 01423E,
AT,ATSMA,Sankt Marien,Sankt Marien,,--3-----,RL,,4808N 01416E,
AT,ATSKH,Sankt Marienkirchen am Hausruck,Sankt Marienkirchen am Hausruck,4,-----6--,RL,,4810N 01334E,
AT,ATSNP,Sankt Marienkirchen an der Polsenz,Sankt Marienkirchen an der Polsenz,4,--3-----,RL,,4815N 01355E,
AT,ATSMN,Sankt Martin bei Linz,Sankt Martin bei Linz,,--3-----,RL,,4813N 01416E,
AT,ATMTI,Sankt Martin im Innkreis,Sankt Martin im Innkreis,,-----6--,RL,,4817N 01326E,
AT,ATSMM,Sankt Martin im Mühlkreis,Sankt Martin im Muhlkreis,4,--3-----,RL,,4825N 01402E,
AT,ATSKM,Sankt Michael,Sankt Michael,,--3-----,RL,,4720N 01500E,
AT,ATSEL,Sankt Michael im Lungau,Sankt Michael im Lungau,5,--3-----,RL,,4705N 01338E,
AT,ATSMI,Sankt Michael in Obersteiermark,Sankt Michael in Obersteiermark,,--3-----,RL,,4720N 01500E,
AT,ATSML,Sankt Michael ob Bleiburg,Sankt Michael ob Bleiburg,,--3-----,RQ,,,
AT,ATSNI,Sankt Nikola an der Donau,Sankt Nikola an der Donau,4,-23-----,RL,,4814N 01454E,
AT,ATSOP,Sankt Oswald Bei Plankenwarth,Sankt Oswald Bei Plankenwarth,6,--3-----,RL,,4705N 01516E,
AT,ATSPA,Sankt Pantaleon,Sankt Pantaleon,3,--3-----,RL,,4812N 01434E,
AT,ATSVT,Sankt Paul,Sankt Paul,,--3-----,RQ,,,
AT,ATSLV,Sankt Paul im Lavanttal,Sankt Paul im Lavanttal,2,--3-----,RL,,4642N 01451E,
AT,ATKTP,Sankt Peter,Sankt Peter,2,--3-----,RL,,4633N 01402E,
AT,ATSAO,Sankt Peter am Ottersbach,Sankt Peter am Ottersbach,6,--3-----,RL,,4647N 01545E,
AT,ATSPR,Sankt Peter im Sulmtal,Sankt Peter im Sulmtal,6,--3-----,RL,,4645N 01515E,
AT,ATSPD,Sankt Peter in der au Dorf,Sankt Peter in der au Dorf,3,--3-----,RQ,,4803N 01437E,
AT,ATS6P,Sankt Peter-Freienstein,Sankt Peter-Freienstein,6,--3-----,RL,,4723N 01501E,
AT,ATSTP,Sankt Pölten,Sankt Polten,3,--3-----,RL,,4812N 01538E,
AT,ATRRA,Sankt Ruprecht an der Raab,Sankt Ruprecht an der Raab,,-23--6--,RL,,4709N 01539E,
AT,ATSTS,Sankt Stefan,Sankt Stefan,,-23-----,RQ,,,
AT,ATSFS,Sankt Stefan im Lavanttal,Sankt Stefan im Lavanttal,2,--3-----,RL,,4648N 01451E,
AT,ATSSR,Sankt Stefan im Rosental,Sankt Stefan im Rosental,6,--3-----,RL,,4654N 01544E,
AT,ATSSO,Sankt Stefan ob Leoben,Sankt Stefan ob Leoben,6,--3-----,RL,,4718N 01459E,
AT,ATFBZ,Sankt Stefan ob Stainz,Sankt Stefan ob Stainz,6,1-------,RL,,4655N 01515E,
AT,ATTBL,Sankt Thomas am Blasenstein,Sankt Thomas am Blasenstein,4,--3-----,RQ,,4818N 01445E,
AT,ATSUH,Sankt Ulrich,Sankt Ulrich,3,1----6--,RL,,4836N 01646E,
AT,ATSAP,Sankt Ulrich Am Pillersee,Sankt Ulrich Am Pillersee,7,--3-----,RL,,4732N 01234E,
AT,ATSTV,Sankt Valentin,Sankt Valentin,,--3-----,RQ,,,
AT,ATSVV,Sankt Veit am Vogau,Sankt Veit am Vogau,,--3-----,RL,,4644N 01537E,
AT,ATSVG,Sankt Veit an der Glan,Sankt Veit an der Glan,2,--3-----,RL,,4646N 01421E,
AT,ATSVO,Sankt Veit an der Gölsen,Sankt Veit an der Golsen,,--3-----,RL,,4802N 01540E,
AT,ATSVM,Sankt Veit im Mühlkreis,Sankt Veit im Muhlkreis,4,1-3-----,RL,,4828N 01409E,
AT,ATSAM,Sarmingstein,Sarmingstein,3,--3-----,RL,,4813N 01458E,
AT,ATIST,Satteins,Satteins,8,--3-----,RL,,4713N 00940E,
AT,ATSUN,Sattledt,Sattledt,,-23-----,RL,,4804N 01404E,
AT,ATSCC,Schalchen,Schalchen,4,--3-----,RL,,4812N 01313E,
AT,ATSDG,Schärding,Scharding,,--3-----,RL,,4827N 01326E,
AT,AT4ST,Scharitz,Scharitz,7,--3-----,RL,,4723N 01117E,
AT,ATSSI,Scharnstein,Scharnstein,4,-23-----,RL,,4754N 01358E,
AT,ATSBB,Scheibbs,Scheibbs,3,-23-----,RL,,4800N 01510E,
AT,ATSMU,Scheifling,Scheifling,6,--3-----,RL,,4709N 01424E,
AT,ATSDB,Schiedlberg,Schiedlberg,4,--3-----,RQ,,4806N 01416E,
AT,ATSLD,Schladming,Schladming,6,--3-----,RL,,4723N 01341E,
AT,ATSGL,Schlägl,Schlagl,4,-----6--,RQ,,4838N 01358E,
AT,ATSCS,Schlins,Schlins,8,--3-----,RQ,,4712N 00942E,
AT,AT7ST,Schlitters,Schlitters,7,--3-----,RL,,4722N 01150E,
AT,ATSGN,Schneegattern,Schneegattern,4,--3-----,RL,,4802N 01319E,
AT,ATGF2,Schnifis,Schnifis,8,--3-----,RL,,4713N 00943E,
AT,ATSAT,Schönau an der Triesting,Schonau an der Triesting,3,--3-----,RL,,4755N 01614E,
AT,ATSMK,Schönau im Mühlkreis,Schonau im Muhlkreis,4,1----6--,RL,,4823N 01444E,
AT,ATSBH,Schönbach,Schonbach,,--3-----,RL,,4827N 01503E,
AT,ATSHB,Schönberg,Schonberg,3,--3-----,RL,,4831N 01542E,
AT,ATSHG,Schönegg,Schonegg,4,--3-----,RL,,4835N 01412E,
AT,ATSRD,Schönkirchen-Reyersdorf,Schonkirchen-Reyersdorf,3,--3-----,RL,,4821N 01642E,
AT,ATSFA,Schörfling am Attersee,Schorfling am Attersee,4,--3-----,RL,,4756N 01336E,
AT,ATSCG,Schrattenberg,Schrattenberg,3,--3-----,RL,,4843N 01643E,
AT,ATTTL,Schrattenthal,Schrattenthal,3,1-------,RL,,4842N 01554E,
AT,ATSRM,Schrems,Schrems,,--3-----,RL,,4847N 01503E,
AT,ATSHS,Schruns,Schruns,8,-23-----,RL,,4705N 00955E,
AT,ATST8,Schutzen,Schutzen,8,--3-----,RL,,4731N 00952E,
AT,ATSAG,Schutzen am Gebirge,Schutzen am Gebirge,1,1----6--,RL,,4751N 01637E,
AT,ATSWB,Schwanberg,Schwanberg,6,-----6--,RL,,4645N 01512E,
AT,ATSST,Schwanenstadt,Schwanenstadt,,--3-----,RL,,,
AT,ATSCW,Schwarzach,Schwarzach,,0-------,RQ,,,
AT,ATSIP,Schwarzach im Pongau,Schwarzach im Pongau,5,-----6--,RL,,4719N 01309E,
AT,ATSIG,Schwarzau im Gebirge,Schwarzau im Gebirge,,-23-----,RL,,4749N 01542E,
AT,ATS7N,Schwarzenau,Schwarzenau,3,--3-----,RL,,4844N 01515E,
AT,ATSCZ,Schwaz,Schwaz,7,--3-----,RL,,4721N 01143E,
AT,ATSHT,Schwechat,Schwechat,3,-23-----,RL,,4808N 01628E,
AT,ATSHE,Schweiggers,Schweiggers,3,--3-----,RL,,4840N 01504E,
AT,ATSWT,Schwendt,Schwendt,7,--3-----,RL,,4731N 01219E,
AT,ATSCH,Schwertberg,Schwertberg,,0-------,RQ,,,
AT,ATSWG,Schwerting,Schwerting,5,--3-----,RQ,,4801N 01257E,
AT,ATSWO,Schwoich,Schwoich,7,--3-----,RL,,4733N 01208E,
AT,ATB7B,Sebersdorf,Sebersdorf,6,--3-----,RL,,4712N 01559E,
AT,ATSEB,Seeboden,Seeboden,2,-----6--,RL,,4649N 01329E,
AT,ATSEE,Seefeld in Tirol,Seefeld in Tirol,,--3-----,RL,,4719N 01110E,
AT,ATSEF,Seefeld-Kadolz,Seefeld-Kadolz,,--3-----,RL,,4843N 01610E,
AT,ATSEH,Seeham,Seeham,5,--3-----,RQ,,4758N 01305E,
AT,ATSHA,Seehaus,Seehaus,4,--3-----,RQ,,4745N 01357E,
AT,ATSIR,Seekirchen,Seekirchen,,--3-----,RL,,4754N 01308E,
AT,ATSWA,Seewalchen am Attersee,Seewalchen am Attersee,4,--3-----,RL,,4757N 01335E,
AT,ATSEI,Seibersdorf,Seibersdorf,,--3-----,RL,,4757N 01631E,
AT,ATSSB,Seiersberg,Seiersberg,,-23-----,RL,,4700N 01524E,
AT,ATSTN,Seitenstetten,Seitenstetten,3,--3-----,RL,,4801N 01439E,
AT,ATSET,Seitenstetten Markt,Seitenstetten Markt,3,-2------,RL,,4802N 01438E,
AT,ATSZA,Selzthal,Selzthal,6,-23-----,RL,,4733N 01419E,
AT,ATSFT,Senftenberg,Senftenberg,3,1----6--,RL,,4826N 01533E,
AT,ATNT3,Seyring,Seyring,3,--3-----,RL,,4820N 01629E,
AT,ATSIF,Siegendorf,Siegendorf,,--3-----,RL,,4747N 01632E,
AT,ATSGR,Sieggraben,Sieggraben,3,--3-----,RL,,4739N 01622E,
AT,ATSII,Sierninghofen,Sierninghofen,4,-23-----,RL,,4803N 01420E,
AT,ATZNH,Siezenheim,Siezenheim,,--3-----,RL,,4748N 01259E,
AT,ATSIS,Sigless,Sigless,1,--3-----,RQ,,4747N 01623E,
AT,ATSIN,Sillian,Sillian,,-23-----,RQ,,,
AT,ATSLZ,Silz,Silz,7,--3-----,RL,,4716N 01056E,
AT,ATSKN,Sinabelkirchen,Sinabelkirchen,6,--3-----,RL,,4706N 01549E,
AT,ATST2,Sistrans,Sistrans,7,-----6--,RL,,4714N 01127E,
AT,ATSIT,Sittersdorf,Sittersdorf,2,-----6--,RL,,4632N 01436E,
AT,ATSNG,Söding,Soding,,-23--6--,RL,,4659N 01517E,
AT,ATSDN,Sölden,Solden,,--3-----,RL,,4658N 01100E,
AT,ATSOL,Söll,Soll,7,--3-----,RL,,4730N 01211E,
AT,ATSLL,Sollenau,Sollenau,,--3-----,RQ,,,
AT,ATSNT,Sonntag,Sonntag,8,--3-----,RL,,4714N 00954E,
AT,ATSOG,Sonntagberg,Sonntagberg,3,-----6--,RQ,,4758N 01445E,
AT,ATSOS,Sooss,Sooss,,--3-----,RL,,4759N 01612E,
AT,ATSPG,Spannberg,Spannberg,3,1----6--,RL,,4827N 01644E,
AT,ATSBK,Spielberg bei Knittelfeld,Spielberg bei Knittelfeld,6,-----6--,RL,,4713N 01447E,
AT,ATSFD,Spielfeld,Spielfeld,6,-23-----,RL,,4642N 01538E,
AT,ATSPN,Spillern,Spillern,3,--3-----,RQ,,4823N 01615E,
AT,ATSPY,Spital am Pyhrn,Spital am Pyhrn,1,--3-----,RL,,4739N 01420E,
AT,ATSPS,Spital am Semmering,Spital am Semmering,6,--3-----,RL,,4736N 01545E,
AT,ATSPI,Spittal an der Drau,Spittal an der Drau,2,--3-----,RL,,4648N 01330E,
AT,ATSPZ,Spitz,Spitz,,123-----,RL,,4822N 01525E,
AT,ATSGZ,Sprögnitz,Sprognitz,3,--3-----,RL,,4833N 01514E,
AT,ATSBA,St. Bartholoma,St. Bartholoma,6,--3-----,RL,,4704N 01515E,
AT,ATSPU,Stadl Paura,Stadl Paura,4,-23-----,RL,,4805N 01352E,
AT,ATSTA,Stainach,Stainach,,0-------,RQ,,,
AT,ATSTZ,Stainz,Stainz,,-23-----,RL,,,
AT,ATSTM,Stams,Stams,,--3-----,RL,,4716N 01058E,
AT,ATANG,Stang,Stang,3,--3-----,RL,,4732N 01617E,
AT,ATSAS,Stans,Stans,7,--3-----,RQ,,4722N 01143E,
AT,ATSTD,Steeg,Steeg,,1-3-----,RL,,4736N 01338E,
AT,ATSTB,Stegersbach,Stegersbach,1,--3-----,RL,,4710N 01610E,
AT,ATSDD,Stein An Der Donau,Stein An Der Donau,3,--3-----,RL,,4824N 01535E,
AT,ATSBC,Steinabrückl,Steinabruckl,3,--3-----,RL,,4752N 01612E,
AT,ATSEN,Steinabrunn,Steinabrunn,,--3-----,RQ,,,
AT,ATSTH,Steinach,Steinach,4,--3-----,RL,,4738N 01336E,
AT,ATSSS,Steinberg,Steinberg,1,1----6--,RL,,4729N 01629E,
AT,ATSUP,Steinbrunn,Steinbrunn,,--3-----,RQ,,4749N 01624E,
AT,ATSTF,Steindorf,Steindorf,5,--3-----,RQ,,4757N 01314E,
AT,ATSTE,Steinfeld,Steinfeld,,--3-----,RL,,4645N 01314E,
AT,ATSUS,Steinhaus,Steinhaus,4,1----6--,RL,,4807N 01401E,
AT,ATETE,Stetten,Stetten,3,-----6--,RL,,4822N 01623E,Korneuburg
AT,ATSER,Steyr,Steyr,,--3-----,RQ,,,
AT,ATSYG,Steyregg,Steyregg,4,-23-----,RL,,4817N 01422E,
AT,ATSYM,Steyrermühl,Steyrermuhl,4,--3-----,RL,,4759N 01348E,
AT,ATSAR,Stift Ardagger,Stift Ardagger,,--3-----,RL,,,
AT,ATSND,Stixneusiedl,Stixneusiedl,3,--3-----,RL,,4802N 01640E,
AT,ATSKB,Stockenboi,Stockenboi,2,--3-----,RL,,4643N 01331E,
AT,ATSTC,Stockerau,Stockerau,3,--3-----,RL,,4823N 01613E,
AT,ATSTO,Stoob,Stoob,,--3-----,RQ,,4731N 01628E,
AT,ATSTR,Stottera,Stottera,1,-----6--,RQ,,4746N 01628E,
AT,ATST6,Straden,Straden,6,1----6--,RL,,4648N 01552E,
AT,ATSRB,Strass im Strassertale,Strass im Strassertale,3,--3--6--,RL,,4828N 01544E,
AT,ATSHF,Strasshof an der Nordbahn,Strasshof an der Nordbahn,3,-23-----,RL,,4819N 01640E,
AT,ATSWN,Strasswalchen,Strasswalchen,5,--3-----,RL,,4759N 01315E,
AT,ATSZI,Stratzing,Stratzing,3,--3-----,RL,,4827N 01536E,
AT,ATSBG,Strengberg,Strengberg,3,--3-----,RL,,4808N 01438E,Amstetten
AT,ATSTL,Strobl,Strobl,5,--3-----,RL,,4743N 01329E,
AT,ATNIS,Stronsdorf,Stronsdorf,3,-----6--,RL,,4839N 01617E,
AT,ATSZ5,Stuhlfelden,Stuhlfelden,5,--3-----,RL,,4717N 01231E,
AT,ATSUB,Suben,Suben,,--3-----,RL,,4824N 01325E,
AT,ATSUL,Sulz,Sulz,8,--3-----,RQ,,4717N 00939E,
AT,ATTKI,Taiskirchen im Innskreis,Taiskirchen im Innskreis,4,--3-----,RL,,4816N 01334E,
AT,ATTAM,Tamsweg,Tamsweg,5,1----6--,RL,,4708N 01348E,
AT,ATTAT,Tattendorf,Tattendorf,3,-23-5---,RL,,4757N 01618E,
AT,ATTKP,Taufkirchen an der Pram,Taufkirchen an der Pram,,123--6--,RL,,4825N 01332E,
AT,ATTEF,Teesdorf,Teesdorf,3,-23-----,RL,,4757N 01617E,
AT,ATTEL,Telfs,Telfs,,--3-----,RL,,,
AT,ATTEC,Tenneck,Tenneck,,--3-----,RQ,,,
AT,ATTFS,Terfens,Terfens,7,123-----,RL,,4719N 01139E,
AT,ATTNG,Ternberg,Ternberg,4,-23-----,RL,,4756N 01422E,
AT,ATTNZ,Ternitz,Ternitz,,0-------,RQ,,,
AT,ATTEU,Teufenbach,Teufenbach,6,--3-----,RL,,4654N 01513E,
AT,ATTEX,Texing,Texing,,--3-----,RL,,4802N 01519E,
AT,ATTGU,Thalgau,Thalgau,5,--3-----,RL,,4750N 01315E,
AT,ATTHM,Thalheim,Thalheim,6,--3-----,RQ,,4711N 01435E,
AT,ATTBW,Thalheim bei Wels,Thalheim bei Wels,4,-----6--,RL,,4809N 01402E,
AT,ATTHR,Thaur,Thaur,7,-23-----,RL,,4718N 01128E,
AT,ATTHY,Thaya,Thaya,3,--3-----,RL,,4851N 01517E,
AT,ATTHS,Theiss,Theiss,3,1-3-----,RL,,4823N 01541E,
AT,ATTHG,Thening,Thening,4,--3-----,RL,,4815N 01410E,
AT,ATTHF,Theresienfeld,Theresienfeld,3,--3-----,RL,,4751N 01614E,
AT,ATTYN,Theyern,Theyern,3,--3-----,RL,,4821N 01540E,
AT,ATTSN,Thomasberg,Thomasberg,3,--3-----,RL,,4734N 01608E,
AT,ATTOL,Thörl,Thorl,6,--3-----,RQ,,,
AT,ATTHN,Thüringen,Thuringen,8,-23-----,RL,,4712N 00946E,
AT,ATTLL,Tillmitsch,Tillmitsch,6,-23-----,RL,,4648N 01528E,
AT,ATTMA,Timelkam,Timelkam,4,-23-----,RL,,4800N 01336E,
AT,ATTIR,Tirol,Tirol,6,--3-----,RQ,,4742N 01533E,
AT,ATTBG,Traberg,Traberg,4,--3-----,RL,,4830N 01412E,
AT,ATTRH,Traboch,Traboch,6,--3-----,RQ,,4722N 01459E,
AT,ATTRA,Tragwein,Tragwein,4,--3-----,RQ,,4820N 01437E,
AT,ATTIS,Traisen,Traisen,3,--3-----,RL,,4802N 01536E,
AT,ATTSK,Traiskirchen,Traiskirchen,,--3-----,RQ,,,
AT,ATTMR,Traismauer,Traismauer,,123-----,RL,,4820N 01544E,
AT,ATTNQ,Traun,Traun,4,--3-----,RL,,4813N 01414E,
AT,ATTDW,Trausdorf an der Wulka,Trausdorf an der Wulka,,--3-----,RL,,4749N 01634E,
AT,ATTK2,Treffelsdorf,Treffelsdorf,2,--3-----,RL,,4642N 01424E,
AT,ATTFN,Treffen,Treffen,,--3-----,RQ,,,
AT,ATTBH,Treibach,Treibach,,--3-----,RQ,,,
AT,ATTPV,Treibach Althofen,Treibach Althofen,2,-----6--,RL,,4652N 01428E,
AT,ATTDF,Tresdorf,Tresdorf,3,--3-----,RL,,4823N 01621E,
AT,ATTRW,Tribuswinkel,Tribuswinkel,,0-------,RQ,,,
AT,ATTBE,Trieben,Trieben,,--3-----,RL,,4729N 01428E,
AT,ATCH8,Trofaiach,Trofaiach,6,--3-----,RL,,4725N 01500E,
AT,ATTRU,Trumau,Trumau,3,-23-----,RL,,4800N 01620E,
AT,ATTUL,Tulbing,Tulbing,3,--3-----,RQ,,4817N 01607E,
AT,ATTLN,Tulln,Tulln,3,--3-----,RL,,4820N 01603E,
AT,ATTLH,Tumeltsham,Tumeltsham,4,--3-----,RL,,4814N 01330E,
AT,ATTUE,Türnitz,Turnitz,,--3-----,RL,,4755N 01529E,
AT,ATTWG,Twimberg,Twimberg,2,--3-----,RL,,4654N 01450E,
AT,ATUBA,Ubelbach,Ubelbach,6,--3-----,RL,,4712N 01513E,
AT,ATUDE,Uderns,Uderns,,-23-----,RL,,4719N 01152E,
AT,ATULF,Ulmerfeld,Ulmerfeld,,--3-----,RQ,,,
AT,ATUGN,Ungenach,Ungenach,4,--3-----,RL,,4803N 01337E,
AT,ATUNG,Ungerdorf,Ungerdorf,6,--3-----,RQ,,4705N 01540E,
AT,ATUNK,Unken,Unken,5,--3-----,RL,,4739N 01243E,
AT,ATUNA,Unterach,Unterach,,--3-----,RL,,4748N 01328E,
AT,ATUBE,Unterbergen,Unterbergen,2,--3-----,RL,,4631N 01417E,
AT,ATUFN,Unterfladnitz,Unterfladnitz,6,--3-----,RL,,4711N 01540E,
AT,ATULB,Unterloiben,Unterloiben,,-23-----,RL,,4823N 01532E,
AT,ATUTK,Untermarkersdorf,Untermarkersdorf,3,--3-----,RL,,4842N 01606E,
AT,ATUBG,Unternberg,Unternberg,,--3-----,RL,,4707N 01344E,
AT,ATUPS,Unterpremstätten,Unterpremstatten,6,-23-----,RL,,4657N 01524E,
AT,ATURB,Unterradlberg,Unterradlberg,,-23-----,RL,,4815N 01541E,
AT,ATUTB,Unterretzbach,Unterretzbach,3,--3-----,RL,,4846N 01600E,
AT,ATUNN,Untersiebenbrunn,Untersiebenbrunn,3,--3-----,RL,,4815N 01643E,
AT,ATUWF,Unterweitersdorf,Unterweitersdorf,4,--3-----,RL,,4822N 01428E,
AT,ATUNZ,Unzmarkt,Unzmarkt,,--3-----,RL,,4711N 01426E,
AT,ATURF,Urfahr,Urfahr,4,--3-----,RL,,4819N 01416E,
AT,ATUTD,Uttendorf,Uttendorf,,--3-----,RQ,,,
AT,ATUTZ,Utzenaich,Utzenaich,4,--3-----,RL,,4817N 01328E,
AT,ATVAS,Vasoldsberg,Vasoldsberg,1,-23-----,RL,,4700N 01533E,
AT,ATVTH,Veitsch,Veitsch,6,-----6--,RL,,4734N 01529E,
AT,ATVEL,Velden,Velden,2,123-----,RL,,4637N 01403E,
AT,ATVLM,Velm,Velm,3,--3-----,RL,,4828N 01646E,
AT,ATVIC,Vichtenstein,Vichtenstein,4,--3-----,RL,,4832N 01340E,
AT,ATVEH,Viehdorf,Viehdorf,3,--3-----,RL,,4809N 01453E,
AT,ATVDD,Vienna Danubepier Hov,Vienna Danubepier Hov,,---4----,AI,,,
AT,ATVLH,Villach,Villach,,--3-----,RQ,,,
AT,ATVTS,Vitis,Vitis,3,--3-----,RL,,4845N 01510E,
AT,ATVOC,Vöcklabruck,Vocklabruck,,--3-----,RL,,4800N 01339E,
AT,ATVOK,Vöcklamarkt,Vocklamarkt,4,--3-----,RL,,4800N 01329E,
AT,ATVTB,Voitsberg,Voitsberg,,--3-----,RQ,,,
AT,ATVOT,Völkermarkt,Volkermarkt,2,--3-----,RL,,4639N 01437E,
AT,ATVOE,Völs,Vols,,--3-----,RQ,,,
AT,ATVMP,Vomp,Vomp,,-23-----,RL,,4720N 01140E,
AT,ATVCO,Vorchdorf,Vorchdorf,4,-23-----,RL,,4800N 01355E,
AT,ATERM,Vordernberg,Vordernberg,6,1-3-----,RL,,4728N 01500E,
AT,ATVOF,Vösendorf,Vosendorf,,--3-----,RL,,4807N 01619E,
AT,ATVDS,Vosendorf Sud,Vosendorf Sud,3,-23-----,RL,,4806N 01619E,
AT,ATWON,Wagna,Wagna,6,-23-----,RL,,4645N 01533E,
AT,ATWAI,Waidhofen an der Thaya,Waidhofen an der Thaya,,--3-----,RL,,4848N 01516E,
AT,ATWAF,Waidhofen an der Ybbs,Waidhofen an der Ybbs,,--3-----,RL,,4757N 01446E,
AT,ATWZK,Waizenkirchen,Waizenkirchen,4,--3-----,RL,,4820N 01352E,
AT,ATWCE,Walchsee,Walchsee,,--3-----,RQ,,,
AT,ATWCH,Waldbach,Waldbach,6,-----6--,RL,,4727N 01549E,
AT,ATWBF,Waldburg bei Freistadt,Waldburg bei Freistadt,4,-----6--,RL,,4830N 01426E,
AT,ATWDG,Waldegg,Waldegg,3,--3-----,RL,,4752N 01602E,
AT,ATWAK,Waldkirchen am Wesen,Waldkirchen am Wesen,4,--3-----,RL,,4826N 01349E,
AT,ATWKH,Waldneukirchen,Waldneukirchen,4,--3-----,RL,,4759N 01415E,
AT,ATWO4,Waldzell,Waldzell,4,--3-----,RL,,4808N 01326E,
AT,ATWIN,Walkenstein,Walkenstein,1,--3-----,RL,,4843N 01544E,
AT,ATWTH,Wallern an der Trattnach,Wallern an der Trattnach,4,--3-----,RQ,,4814N 01357E,
AT,ATWSE,Wallsee,Wallsee,3,1-3-----,RL,,4810N 01443E,
AT,ATWDR,Walpersdorf,Walpersdorf,3,--3-----,RL,,4819N 01540E,
AT,ATWAL,Wals,Wals,,--3-----,RL,,4747N 01258E,
AT,ATWLS,Wals-Siezenheim,Wals-Siezenheim,5,--3-----,RL,,4746N 01258E,
AT,ATWPD,Wampersdorf,Wampersdorf,3,--3-----,RQ,,4755N 01625E,
AT,ATWNG,Wang,Wang,3,--3-----,RL,,4802N 01501E,
AT,ATWAN,Wannersdorf,Wannersdorf,6,--3-----,RQ,,4717N 01519E,
AT,ATWRT,Wartberg,Wartberg,6,-23--6--,RL,,4731N 01530E,
AT,ATWAR,Warth,Warth,,--3-----,RQ,,,
AT,ATWTN,Wattens,Wattens,,--3-----,RQ,,,
AT,ATWEB,Webersdorf,Webersdorf,5,--3-----,RQ,,4757N 01301E,
AT,ATTWR,Weer,Weer,7,-----6--,RL,,4718N 01138E,
AT,ATWEG,Weigelsdorf,Weigelsdorf,3,--3-----,RQ,,4757N 01624E,
AT,ATWGR,Weigersdorf,Weigersdorf,4,--3-----,RQ,,4756N 01407E,
AT,ATWAS,Weikersdorf am Steinfelde,Weikersdorf am Steinfelde,3,-----6--,RL,,4748N 01608E,
AT,ATWBH,Weilbach,Weilbach,4,--3-----,RL,,4817N 01323E,
AT,ATWLR,Weiler,Weiler,8,--3-----,RQ,,4717N 00939E,
AT,ATWEU,Weinburg,Weinburg,3,1-------,RL,,4806N 01531E,
AT,ATWES,Weins,Weins,3,-----6--,RL,,4812N 01501E,
AT,ATWBA,Weissenbach,Weissenbach,2,--3-----,RL,,4639N 01347E,
AT,ATWEI,Weissenbach,Weissenbach,6,--3-----,RL,,4734N 01413E,
AT,ATWEE,Weissenbach an der Triesting,Weissenbach an der Triesting,,--3-----,RL,,4758N 01601E,
AT,ATWNK,Weissenkirchen im Attergau,Weissenkirchen im Attergau,,--3-----,RL,,4756N 01323E,
AT,ATWKD,Weissenkirchen in der Wachau,Weissenkirchen in der Wachau,3,--3-----,RL,,4823N 01528E,
AT,ATWSS,Weissenstein,Weissenstein,,0-------,RQ,,,
AT,ATWDD,Weissenstein ob der Drau,Weissenstein ob der Drau,2,-----6--,RL,,,
AT,ATWKI,Weisskirchen,Weisskirchen,6,--3-----,RL,,4709N 01444E,
AT,ATWSK,Weisskirchen an der Traun,Weisskirchen an der Traun,,--3-----,RL,,4810N 01407E,
AT,ATWST,Weistrach,Weistrach,3,--3-----,RL,,4803N 01435E,
AT,ATWET,Weiten,Weiten,3,--3-----,RQ,,4817N 01515E,
AT,ATWDF,Weitendorf,Weitendorf,6,1-3-----,RL,,4653N 01528E,
AT,ATWTG,Weitenegg,Weitenegg,3,--3-----,RL,,4813N 01517E,
AT,ATWEA,Weitra,Weitra,3,--3-----,RL,,4842N 01453E,
AT,ATWEZ,Weiz,Weiz,,--3-----,RL,,4713N 01536E,
AT,ATW8B,Welgersdorf,Welgersdorf,1,--3-----,RL,,4714N 01621E,
AT,ATWSL,Wels,Wels,,-23-----,RQ,,4810N 01402E,
AT,ATWLG,Wendling,Wendling,4,-----6--,RQ,,4814N 01340E,
AT,ATWGI,Weng im Innkreis,Weng im Innkreis,4,--3-----,RL,,4814N 01311E,
AT,ATWFN,Werfen,Werfen,5,--3-----,RL,,4728N 01311E,
AT,ATWEN,Wernberg,Wernberg,2,--3-----,RQ,,4637N 01356E,
AT,ATWER,Werndorf,Werndorf,6,--3-----,RL,,4655N 01529E,
AT,ATWNO,Wernersdorf,Wernersdorf,6,--3-----,RL,,4643N 01512E,
AT,ATWUF,Wesenufer,Wesenufer,4,--3-----,RL,,4827N 01348E,
AT,ATWTD,Westendorf,Westendorf,7,--3-----,RL,,4726N 01213E,
AT,ATWYR,Weyer,Weyer,4,-----6--,RL,,4751N 01439E,
AT,ATWE3,Wiedendorf,Wiedendorf,3,--3-----,RL,,4830N 01546E,
AT,ATWIE,Wielandsthal,Wielandsthal,3,--3-----,RQ,,4818N 01541E,
AT,ATVIE,Wien,Wien,9,-2-45---,AI,,4812N 01622E,
AT,ATWNF,Wiener Neudorf,Wiener Neudorf,,--3-----,RL,,,
AT,ATWNR,Wiener Neustadt,Wiener Neustadt,,--3-----,RQ,,,
AT,ATWS6,Wies,Wies,6,--3-----,RL,,4643N 01516E,
AT,ATWBG,Wieselburg,Wieselburg,,--3-----,RL,,,
AT,ATWSG,Wiesing,Wiesing,7,--3-----,RL,,4724N 01148E,
AT,ATWLP,Wildalpen,Wildalpen,6,--3-----,RL,,4739N 01459E,
AT,ATWDB,Wildendürnbach,Wildendurnbach,3,--3-----,RL,,4845N 01630E,
AT,ATWDO,Wildon,Wildon,,-23--6--,RL,,4653N 01531E,
AT,ATWID,Wildschonau,Wildschonau,7,--3-----,RL,,4727N 01203E,
AT,ATWIH,Wildshut,Wildshut,,--3-----,RL,,4759N 01253E,
AT,ATWIL,Wildungsmauer,Wildungsmauer,3,--3-----,RL,,4806N 01648E,
AT,ATSDO,Wilfersdorf,Wilfersdorf,3,--3-----,RL,,4835N 01638E,
AT,ATWBU,Wilhelmsburg,Wilhelmsburg,,-23--6--,RL,,4806N 01536E,
AT,ATWHE,Wilhering,Wilhering,4,--3-----,RQ,,4819N 01412E,
AT,ATWIF,Willendorf,Willendorf,3,-----6--,RL,,4747N 01603E,
AT,ATWMP,Wimpassing,Wimpassing,,0-------,RQ,,,
AT,ATZAB,Wimpassing an der Laitha,Wimpassing an der Laitha,1,-----6--,RL,,4755N 01625E,
AT,ATWSH,Wimpassing im Schwarzatale,Wimpassing im Schwarzatale,6,-----6--,RL,,4745N 01600E,
AT,ATWB2,Windhaag Bei Freistadt,Windhaag Bei Freistadt,4,--3-----,RL,,4835N 01433E,
AT,ATOCW,Winkel,Winkel,,--3-----,RL,,4810N 01528E,
AT,ATWPH,Wippenham,Wippenham,4,--3-----,RL,,4813N 01323E,
AT,ATWLN,Wolfern,Wolfern,4,-----6--,RL,,4804N 01422E,
AT,ATWOL,Wolfpassing,Wolfpassing,3,--3-----,RL,,4804N 01503E,
AT,AT8HN,Wolfsbach,Wolfsbach,3,--3-----,RL,,4804N 01440E,
AT,ATWOF,Wolfsberg (Kärnten),Wolfsberg (Karnten),,--3-----,RL,,4651N 01450E,
AT,ATWIS,Wolfsberg im Schwarzautal,Wolfsberg im Schwarzautal,,-----6--,RL,,4885N 15659E,
AT,ATWFG,Wolfsegg am Hausruck,Wolfsegg am Hausruck,4,--3-----,RL,,4806N 01340E,
AT,ATWFT,Wolfurt,Wolfurt,8,--3-----,RL,,4728N 00945E,
AT,ATWWT,Wolkersdorf,Wolkersdorf,3,--3-----,RL,,4823N 01631E,
AT,ATWSD,Wöllersdorf,Wollersdorf,,-2---6--,RL,,4805N 01553E,
AT,ATWLL,Wöllersdorf-Steinabrückl,Wollersdorf-Steinabruckl,1,-23-----,RL,,4751N 01610E,
AT,ATQXZ,Wörgl,Worgl,,--3-----,RL,,4729N 01204E,
AT,ATWTB,Worterberg,Worterberg,8,--3-----,RQ,,4713N 01606E,
AT,ATWOS,Wösendorf,Wosendorf,,--3-----,RL,,4822N 01527E,
AT,ATWUL,Wulkaprodersdorf,Wulkaprodersdorf,1,1-3-----,RL,,4748N 01630E,
AT,ATNRF,Wultendorf,Wultendorf,3,-----6--,RL,,4840N 01628E,
AT,ATWLZ,Wulzeshofen,Wulzeshofen,,0-------,RQ,,,
AT,ATWDU,Wundschuh,Wundschuh,6,--3-----,RL,,4655N 01527E,
AT,ATWUR,Würflach,Wurflach,3,--3-----,RQ,,4746N 01603E,
AT,ATWUP,Wurzenpass,Wurzenpass,2,--3-----,RL,,4631N 01345E,
AT,ATYBB,Ybbs an der Donau,Ybbs an der Donau,3,--3-----,RL,,4810N 01505E,
AT,ATYBS,Ybbsitz,Ybbsitz,3,--3-----,RQ,,4756N 01453E,
AT,ATZAM,Zams,Zams,7,-23-----,RL,,4709N 01035E,
AT,ATA9Z,Zaussenberg,Zaussenberg,3,--3-----,RL,,4826N 01559E,
AT,ATZER,Zeiselmauer,Zeiselmauer,3,--3-----,RQ,,4820N 01610E,
AT,ATZMO,Zell am Moos,Zell am Moos,4,--3-----,RL,,4754N 01319E,
AT,ATZPE,Zell am Pettenfirst,Zell am Pettenfirst,4,--3-----,RL,,4803N 01334E,
AT,ATZAS,Zell am See,Zell am See,,--3-----,RL,,4719N 01247E,
AT,ATZEZ,Zell am Ziller,Zell am Ziller,,--3-----,RL,,4713N 01153E,
AT,ATZTW,Zeltweg,Zeltweg,,--3-----,RQ,,,
AT,ATZMD,Zemendorf-Stöttera,Zemendorf-Stottera,1,--3-----,RL,,4745N 01627E,
AT,ATZTG,Zettling,Zettling,,--3-----,RL,,4657N 01525E,
AT,ATZIE,Ziersdorf,Ziersdorf,,--3-----,RL,,4831N 01555E,
AT,ATZIP,Zipf,Zipf,,--3-----,RL,,4802N 01330E,
AT,ATZIR,Zirl,Zirl,,--3-----,RL,,4717N 01113E,
AT,ATZIS,Zistersdorf,Zistersdorf,,--3-----,RL,,4832N 01645E,
AT,ATZNG,Zobing,Zobing,3,1-------,RL,,4829N 01541E,
AT,ATZUR,Zurndorf,Zurndorf,1,--3-----,RQ,,4758N 01700E,
AT,ATZRS,Zürs,Zurs,8,---4----,AI,,4710N 01010E,
AT,ATZWD,Zwentendorf,Zwentendorf,3,--3-----,RL,,4836N 01626E,More than one place with this name
AT,ATZDD,Zwentendorf an der Donau,Zwentendorf an der Donau,3,--3--6--,RL,,4820N 01554E,
AT,ATZWT,Zwettl,Zwettl,3,--3-----,RL,,4836N 01510E,More than one place with this name
AT,ATQWE,Zwölfaxing,Zwolfaxing,3,--3-----,RL,,4806N 01628E,
