country,locode,name,name_wo,sub_division,function,status,iata,coordinates,remarks
CH,CHARF,Aadorf,Aadorf,TG,--3-----,RL,,4729N 00854E,
CH,CHAAR,Aarau,Aarau,AG,--3-----,RQ,ZDA,,
CH,CHABG,Aarberg,Aarberg,BE,--3-----,RL,,4703N 00717E,
CH,CHAAB,Aarburg,Aarburg,AG,--3-----,RL,,4718N 00753E,
CH,CHAWG,Aarwangen,Aarwangen,BE,--3-----,RL,,4714N 00745E,
CH,CHABT,Abtwil,Abtwil,SG,--3-----,RL,,4725N 00919E,
CH,CHACL,Aclens,Aclens,VD,--3-----,RL,,4634N 00631E,
CH,CHACQ,Acquarossa,Acquarossa,TI,--3-----,RL,,4627N 00857E,
CH,CHADL,Adelboden,Adelboden,BE,--3-----,RL,ZDB,4629N 00734E,
CH,CHADI,Adligenswil,Adligenswil,LU,--3-----,RL,,4704N 00822E,
CH,CHADW,Adliswil,Adliswil,ZH,-23-----,RL,,4719N 00831E,
CH,CHAES,Aesch,Aesch,BL,--3-----,RL,,4728N 00736E,
CH,CHABL,Aesch,Aesch,LU,-23-----,RL,,4716N 00815E,
CH,CHAEH,Aesch bei Birmensdorf,Aesch bei Birmensdorf,ZH,--3-----,RL,,4720N 00826E,
CH,CHXRE,Aeugst am Albis,Aeugst am Albis,ZH,1-3-----,RL,,4716N 00829E,
CH,CHAFF,Affeltrangen,Affeltrangen,TG,-23-----,RL,,4731N 00902E,
CH,CHAFT,Affoltern am Albis,Affoltern am Albis,ZH,--3-----,RL,,4717N 00826E,
CH,CHAIE,Affoltern im Emmental,Affoltern im Emmental,BE,-23-----,RL,,4704N 00744E,
CH,CHAGO,Agno,Agno,TI,--3-----,RQ,,4559N 00851E,
CH,CHAIG,Aigle,Aigle,VD,--3-----,RL,ZDC,4619N 00658E,
CH,CHAIR,Airolo,Airolo,TI,-23-----,RL,,4632N 00836E,
CH,CHALZ,Alberswil,Alberswil,LU,-----6--,RL,,4709N 00800E,
CH,CHAFH,Alchenflueh,Alchenflueh,BE,--3-----,RQ,,4704N 00734E,
CH,CHALL,Allaman,Allaman,VD,--3-----,RL,,4628N 00624E,
CH,CHALE,Alle,Alle,JU,--3--6--,RL,,4726N 00708E,
CH,CHASW,Allschwil,Allschwil,BL,--3-----,RL,,4732N 00732E,
CH,CHAPD,Alpnach Dorf,Alpnach Dorf,OW,--3-----,RL,,4656N 00816E,
CH,CHATH,Alpthal,Alpthal,SZ,-----6--,RL,,4704N 00842E,
CH,CHARB,Altdorf,Altdorf,,--3-----,RQ,,,SH? UR?
CH,CHALT,Altendorf,Altendorf,SZ,--3-----,RL,,4711N 00850E,
CH,CHATR,Altenrhein,Altenrhein,SG,-234----,RL,ACH,4729N 00933E,
CH,CHAHF,Altishofen,Altishofen,LU,--3-----,RL,,4712N 00758E,
CH,CHATN,Altnau,Altnau,TG,--3-----,RL,,4707N 00915E,
CH,CHASN,Altstätten,Altstatten,SG,--3-----,RL,,4723N 00932E,
CH,CHBEG,Amlikon-Bissegg,Amlikon-Bissegg,TG,--3-----,RL,,4733N 00902E,
CH,CHAWL,Amriswil,Amriswil,TG,-23-----,RL,,4732N 00918E,
CH,CHLFI,Andelfingen,Andelfingen,ZH,-----6--,RQ,,4735N 00841E,
CH,CHAND,Andwil,Andwil,SG,--3-----,RL,,4726N 00916E,
CH,CHAGE,Anieres,Anieres,GE,--3--6--,RL,,4617N 00613E,
CH,CHANW,Anwil,Anwil,BL,--3-----,RL,,4727N 00756E,
CH,CHAPP,Appenzell,Appenzell,AI,--3-----,RL,ZAP,4720N 00924E,
CH,CHAPL,Apples,Apples,VD,-23-----,RL,,4633N 00626E,
CH,CH3JK,Arbaz,Arbaz,VS,--3-----,RL,,4617N 00723E,
CH,CHABD,Arbedo,Arbedo,TI,--3-----,RL,,4612N 00903E,
CH,CHZDD,Arbon,Arbon,TG,--3-----,RL,,4730N 00925E,
CH,CHARC,Arch,Arch,BE,--3-----,RL,,4709N 00725E,
CH,CHAOC,Arconciel,Arconciel,FR,--3-----,RL,,4645N 00707E,
CH,CHADO,Ardon,Ardon,VS,-23-----,RL,,4613N 00715E,
CH,CHADF,Arisdorf,Arisdorf,BL,--3-----,RL,,4731N 00746E,
CH,CHATU,Aristau,Aristau,AG,--3-----,RL,,4717N 00822E,
CH,CHASH,Arlesheim,Arlesheim,BL,--3-----,RQ,,4729N 00737E,
CH,CHAGG,Arnegg,Arnegg,SG,--3-----,RL,,4726N 00915E,
CH,CHARL,Arolla,Arolla,VS,--3-----,RL,,4602N 00729E,
CH,CHARS,Arosa,Arosa,GR,--3-----,RL,ZDE,4647N 00940E,
CH,CHARH,Arth,Arth,SZ,-23--6--,RL,,4704N 00831E,
CH,CHAVO,Arvigo,Arvigo,GR,--3-----,RL,,4618N 00907E,
CH,CHARZ,Arzier,Arzier,VD,--3-----,RL,,4628N 00612E,
CH,CHAZO,Arzo,Arzo,TI,--3-----,RL,,4553N 00856E,
CH,CHASC,Ascona,Ascona,TI,-234----,RL,ACO,4609N 00846E,
CH,CHASS,Assens,Assens,VD,--3-----,RQ,,4637N 00637E,
CH,CHAT2,Athenaz,Athenaz,GE,--3-----,RL,,4609N 00559E,
CH,CHTTK,Attikon,Attikon,ZH,-----6--,RQ,,4753N 00879W,
CH,CHAUS,Au,Au,SG,#NAME?,RL,,4726N 00937E,
CH,CHAUU,Au,Au,TG,--3-----,RL,,4723N 00857E,
CH,CHAUT,Au,Au,ZH,--3-----,RL,,4714N 00838E,
CH,CHABO,Aubonne,Aubonne,VD,--3-----,RQ,,4629N 00624E,
CH,CHAGT,Augst,Augst,BL,--3-----,RL,,4731N 00742E,
CH,CHAUL,Auslikon,Auslikon,ZH,--3-----,RL,,4720N 00848E,
CH,CHAVI,Auvernier,Auvernier,NE,--3-----,RL,,4658N 00652E,
CH,CHA8T,Avegno,Avegno,TI,--3-----,RL,,4612N 00844E,
CH,CHAVE,Avenches,Avenches,VD,-23-----,RL,,4653N 00703E,
CH,CHAVR,Avry,Avry,FR,-----6--,RL,,4647N 00704E,
CH,CHAYE,Ayent,Ayent,VS,--3-----,RL,,4617N 00725E,
CH,CHBAR,Baar,Baar,ZG,--3-----,RQ,,,
CH,CHBAH,Bach,Bach,SZ,--3-----,RL,,4712N 00844E,
CH,CHBAB,Bachenbülach,Bachenbulach,ZH,--3-----,RL,,4730N 00832E,
CH,CHBRZ,Bad Ragaz,Bad Ragaz,SG,123-----,RL,,4700N 00930E,
CH,CHBZZ,Bad Zurzach,Bad Zurzach,AG,-----6--,RL,,4735N 00817E,
CH,CHBAD,Baden,Baden,AG,--3-----,RL,ZDG,4728N 00818E,
CH,CHBLA,Balerna,Balerna,TI,-23-----,RL,,4551N 00900E,
CH,CHBAL,Balgach,Balgach,SG,--3-----,RQ,,,
CH,CHBLI,Ballaigues,Ballaigues,VD,--3-----,RL,,4644N 00625E,
CH,CHBLS,Ballens,Ballens,VD,--3-----,RL,,4633N 00622E,
CH,CHBA8,Ballwil,Ballwil,LU,1-3-----,RL,,4709N 00819E,
CH,CHBST,Balsthal,Balsthal,SO,--3-----,RL,,4718N 00741E,
CH,CHBWI,Balterswil,Balterswil,TG,--3--6--,RL,,4727N 00856E,
CH,CHBTS,Baltschieder,Baltschieder,VS,--3-----,RL,,4618N 00752E,
CH,CHBWL,Bannwil,Bannwil,BE,--3-----,RQ,,4714N 00743E,
CH,CHBAU,Bärau,Barau,BE,--3-----,RL,,4645N 00749E,
CH,CHBDX,Bardonnex,Bardonnex,GE,--3-----,RL,,4609N 00606E,
CH,CHBRL,Bäretswil,Baretswil,ZH,--3-----,RL,,4720N 00851E,
CH,CHBAG,Bargen,Bargen,BE,--3-----,RL,,4702N 00715E,
CH,CHBGN,Bargen,Bargen,SH,#NAME?,RL,,,
CH,CHBCW,Bärschwil,Barschwil,SO,--3--6--,RL,,4723N 00728E,
CH,CHTGB,Basadingen,Basadingen,TG,--3-----,RL,,4740N 00845E,
CH,CHBSL,Basel,Basel,BS,12345---,RL,,,
CH,CHBBS,Basel Schweizerhalle,Basel Schweizerhalle,BS,-----6--,RL,,4733N 00734E,
CH,CHBSA,Basse-Allaine,Basse-Allaine,JU,--3-----,RL,,4727N 00702E,
CH,CHBAS,Bassecourt,Bassecourt,22,-23-----,RL,,4721N 00714E,
CH,CHBSF,Bassersdorf,Bassersdorf,ZH,-23-----,RL,,4726N 00838E,
CH,CHBKD,Bätterkinden,Batterkinden,BE,-23-----,RL,,4707N 00732E,
CH,CHQBA,Bauma,Bauma,ZH,--3-----,RL,,4722N 00847E,
CH,CHBZH,Bazenheid,Bazenheid,SG,-23-----,RL,,4724N 00904E,
CH,CHBEA,Beatenberg,Beatenberg,BE,--3-----,RL,,4642N 00747E,
CH,CHBCR,Beckenried,Beckenried,NW,--3-----,RL,,4658N 00828E,
CH,CHBDN,Bedano,Bedano,TI,--3--6--,RL,,4601N 00853E,
CH,CHBGA,Bedigliora,Bedigliora,TI,--3-----,RL,,4600N 00851E,
CH,CH5BM,Beinwil am See,Beinwil am See,AG,--3-----,RL,,4716N 00812E,
CH,CHBFX,Belfaux,Belfaux,FR,--3--6--,RL,,4649N 00706E,
CH,CHBEL,Bellach,Bellach,SO,--3-----,RL,,4712N 00729E,
CH,CHBLV,Bellevue,Bellevue,GE,-23-----,RL,,4615N 00609E,
CH,CHBZA,Bellinzona,Bellinzona,TI,--3-----,RL,ZDI,4611N 00901E,
CH,CHBLL,Bellmund,Bellmund,BE,--3-----,RL,,4707N 00714E,
CH,CHBEW,Bellwald,Bellwald,VS,--3-----,RL,,4626N 00809E,
CH,CHBLP,Belp,Belp,BE,-23-----,RL,,4653N 00730E,
CH,CHBKN,Benken,Benken,SG,--3-----,RL,,4712N 00901E,
CH,CHBVD,Bercher,Bercher,VD,--3-----,RL,,4642N 00643E,
CH,CHBGS,Berg,Berg,TG,--3-----,RL,,4735N 00910E,
CH,CHBGI,Bergdietikon,Bergdietikon,AG,--3-----,RL,,4723N 00823E,
CH,CHBEN,Bergün,Bergun,GR,--3-----,RQ,,4637N 00945E,
CH,CHBER,Beringen,Beringen,SH,-23-----,RL,,4742N 00834E,
CH,CHBRN,Bern,Bern,BE,-234----,AI,,,
CH,CHBCK,Berneck,Berneck,SG,--3-----,RQ,,4725N 00936E,
CH,CHBNX,Bernex,Bernex,GE,--3-----,RL,,,
CH,CHBRM,Beromünster,Beromunster,LU,--3-----,RL,,4712N 00811E,
CH,CHBHK,Bertschikon,Bertschikon,ZH,--3-----,RQ,,4719N 00845E,
CH,CHBT2,Bettens,Bettens,VD,--3-----,RL,,4638N 00635E,
CH,CHBET,Bettlach,Bettlach,SO,--3-----,RL,,4712N 00725E,
CH,CHTBN,Bettwiesen,Bettwiesen,TG,-----6--,RL,,4729N 00901E,
CH,CHBVX,Bevaix,Bevaix,NE,-23-----,RL,,4656N 00649E,
CH,CHBEV,Bévilard,Bevilard,BE,--3-----,RL,,4714N 00717E,
CH,CHBEX,Bex,Bex,VD,-23-----,RL,,4615N 00701E,
CH,CHBIA,Biasca,Biasca,TI,--3-----,RQ,,,
CH,CHBIB,Biberist,Biberist,SO,123-----,RL,,4711N 00734E,
CH,CHBBN,Biberstein,Biberstein,AG,--3-----,RL,,4725N 00805E,
CH,CHBIE,Biel,Biel,BE,-23-----,RQ,,,
CH,CHBBK,Biel-Benken,Biel-Benken,BL,--3-----,RL,,4730N 00731E,
CH,CHBGT,Bigenthal,Bigenthal,BE,--3-----,RL,,4657N 00737E,
CH,CHBBI,Biglen,Biglen,BE,-----6--,RL,,4656N 00737E,
CH,CHBIL,Billens,Billens,FR,-23--6--,RL,,4641N 00653E,
CH,CHBLT,Bilten,Bilten,GL,-23--6--,RL,,4709N 00901E,
CH,CHBNN,Binningen,Binningen,BL,-----6--,RL,,4732N 00734E,
CH,CHBIZ,Binz,Binz,ZH,--3-----,RL,,4722N 00838E,
CH,CHBIO,Bioggio,Bioggio,TI,--3-----,RL,,4601N 00853E,
CH,CHVAD,Bioley-Orjulaz,Bioley-Orjulaz,VD,-----6--,RL,,4637N 00637E,
CH,CHBDF,Birmensdorf,Birmensdorf,ZH,-23-----,RL,,4721N 00826E,
CH,CHBMO,Birmenstorf,Birmenstorf,AG,--3-----,RL,,4728N 00815E,
CH,CHBTI,Bironico,Bironico,TI,--3--6--,RL,,4606N 00856E,
CH,CHBRR,Birr,Birr,AG,-23-----,RL,,4726N 00812E,
CH,CHBIR,Birrwil,Birrwil,AG,1----6--,RL,,4717N 00812E,
CH,CHBFL,Birsfelden,Birsfelden,BL,--3-----,RL,,4733N 00737E,
CH,CHBCZ,Bischofszell,Bischofszell,TG,--3-----,RL,,4729N 00914E,
CH,CHBSG,Bisingen,Bisingen,,--3-----,RQ,,,
CH,CHBIS,Bister,Bister,VS,--3-----,RL,,4621N 00803E,
CH,CHBLE,Bleienbach,Bleienbach,BE,0-------,RQ,,,
CH,CHBLY,Blonay,Blonay,VD,1-3-----,RL,,4628N 00654E,
CH,CHBOC,Böckten,Bockten,BL,--3-----,RL,,4728N 00750E,
CH,CHBOD,Bodio,Bodio,TI,--3-----,RL,,4622N 00854E,
CH,CHBCT,Boécourt,Boecourt,JU,--3-----,RL,,4721N 00713E,
CH,CHBBV,Bogis-Bossey,Bogis-Bossey,VD,--3--6--,RL,,4621N 00609E,
CH,CHBOL,Boll,Boll,BE,-----6--,RL,,4656N 00733E,
CH,CHBLG,Bolligen,Bolligen,BE,--3-----,RL,,4658N 00729E,
CH,CHBON,Bonaduz,Bonaduz,GR,--3-----,RL,,4649N 00924E,
CH,CHBCU,Boncourt,Boncourt,JU,--3-----,RL,,4729N 00700E,
CH,CHBNF,Bonfol,Bonfol,JU,--3-----,RL,,4729N 00709E,
CH,CHBGE,Boningen,Boningen,SO,--3-----,RL,,4719N 00752E,
CH,CHBOT,Bonstetten,Bonstetten,ZH,--3-----,RL,,4719N 00828E,
CH,CHBSI,Bosingen,Bosingen,FR,--3-----,RL,,4654N 00713E,
CH,CHBOS,Boswil,Boswil,AG,-23-----,RL,,4717N 00818E,
CH,CHCGO,Bottighofen,Bottighofen,TG,--3-----,RL,,4738N 00913E,
CH,CHBTN,Bottmingen,Bottmingen,BL,-----6--,RL,,4731N 00734E,
CH,CHBDY,Boudry,Boudry,NE,--3-----,RL,,4657N 00650E,
CH,CHBYV,Bougy-Villars,Bougy-Villars,VD,-----6--,RQ,,4628N 00621E,
CH,CHBSS,Boussens,Boussens,VD,--3-----,RL,,4636N 00635E,
CH,CHBVT,Bouveret,Bouveret,VS,--3-----,RL,,4623N 00651E,
CH,CHBOV,Boveresse,Boveresse,NE,--3--6--,RL,,,
CH,CHBAO,Bre-Aldesago,Bre-Aldesago,TI,-----6--,RL,,4601N 00859E,
CH,CHBGZ,Breganzona,Breganzona,TI,--3-----,RL,,,
CH,CHESH,Breitenbach,Breitenbach,SO,--3-----,RL,,4724N 00733E,
CH,CHBBL,Bremblens,Bremblens,VD,--3-----,RQ,,,
CH,CHBMG,Bremgarten,Bremgarten,AG,-23-----,RL,,4722N 00820E,
CH,CHBMT,Bremgarten bei Bern,Bremgarten bei Bern,BE,--3-----,RL,,4659N 00727E,
CH,CHBZK,Brenzikofen,Brenzikofen,BE,--3-----,RL,,4649N 00737E,
CH,CHBSM,Bretigny-sur-Morrens,Bretigny-sur-Morrens,VD,1----6--,RL,,4636N 00638E,
CH,CHBEZ,Brienz,Brienz,BE,-----6--,RL,,4645N 00802E,
CH,CHBZW,Brienzwiler,Brienzwiler,BE,--3-----,RL,,4645N 00806E,
CH,CHBRI,Brig,Brig,VS,-23-----,RL,ZDL,4619N 00759E,
CH,CHLBR,Brislach,Brislach,BL,--3-----,RQ,,,
CH,CHBIG,Brissago,Brissago,TI,--3-----,RL,,4607N 00843E,
CH,CHBTA,Brittnau,Brittnau,AG,--3-----,RL,,4715N 00756E,
CH,CHBRC,Broc,Broc,FR,-----6--,RQ,,4636N 00705E,
CH,CHBRO,Bronschhofen,Bronschhofen,SG,-23-----,RL,,4729N 00902E,
CH,CHBGG,Brugg,Brugg,AG,--3-----,RL,,4729N 00812E,
CH,CHBUG,Brugg,Brugg,BE,--3-----,RL,,4707N 00717E,
CH,CHRGG,Brügg,Brugg,BE,--3-----,RL,,,
CH,CHBNG,Brunegg,Brunegg,AG,--3-----,RL,,4725N 00813E,
CH,CHBRU,Brunnen,Brunnen,SZ,123-----,RL,,4659N 00836E,
CH,CHBSO,Brusio,Brusio,GR,--3-----,RL,,4616N 01007E,
CH,CHBTT,Brutten,Brutten,ZH,1----6--,RL,,4728N 00840E,
CH,CHBTL,Brüttisellen,Bruttisellen,ZH,--3--6--,RL,,4725N 00838E,
CH,CHBUB,Bubendorf,Bubendorf,BL,--3-----,RQ,,,
CH,CHBUK,Bubikon,Bubikon,ZH,--3-----,RL,,4716N 00848E,
CH,CHBHR,Buchrain,Buchrain,LU,--3-----,RQ,,4706N 00821E,
CH,CHBCS,Buchs,Buchs,AG,--3-----,RL,,4723N 00804E,
CH,CHBUC,Buchs,Buchs,SG,-23-5---,AI,,4710N 00928E,
CH,CHBUZ,Buchs,Buchs,ZH,--3-----,RL,,4727N 00826E,
CH,CHBLN,Büchslen,Buchslen,FR,--3-----,RL,,,
CH,CHBHL,Bühler,Buhler,AR,--3-----,RL,,4722N 00925E,
CH,CHBUI,Buix,Buix,JU,--3-----,RL,,4729N 00702E,
CH,CHBUA,Bülach,Bulach,ZH,-23-----,RL,,4731N 00832E,
CH,CHBUL,Bulle,Bulle,FR,--3-----,RL,,,
CH,CHBZN,Bunzen,Bunzen,AG,--3-----,RL,,4719N 00820E,
CH,CHBXO,Buochs,Buochs,NW,-234----,RL,,4658N 00825E,
CH,CHBUO,Buonas,Buonas,ZG,--3-----,RL,,4708N 00828E,
CH,CHBHN,Bürchen,Burchen,VS,--3-----,RL,,4616N 00749E,
CH,CHBUE,Büren,Buren,SO,--3-----,RL,,4727N 00740E,
CH,CHBUD,Büren an der Aare,Buren an der Aare,BE,--3-----,RL,,4708N 00722E,
CH,CHBRG,Burg,Burg,AG,--3-----,RL,,4718N 00811E,
CH,CHBGF,Burgdorf,Burgdorf,BE,--3-----,RL,ZDP,,
CH,CHBSK,Bürgenstock,Burgenstock,NW,--3-----,RL,,4700N 00823E,
CH,CHBGL,Bürglen,Burglen,TG,--3-----,RL,,4733N 00909E,
CH,CHBZE,Buron,Buron,LU,-----6--,RL,,4713N 00806E,
CH,CHBUR,Bursinel,Bursinel,VD,1-3-----,RL,,4626N 00617E,
CH,CHBSN,Bursins,Bursins,VD,-----6--,RL,,4627N 00617E,
CH,CHBSH,Büsserach,Busserach,SO,--3-----,RL,,4723N 00732E,
CH,CHBUS,Bussigny-près-Lausanne,Bussigny-pres-Lausanne,VD,-23-----,RL,,4633N 00634E,
CH,CHBUU,Bussnang,Bussnang,TG,-23-----,RL,,4733N 09004E,
CH,CHBSU,Busswil,Busswil,BE,--3-----,RL,,4706N 00720E,
CH,CHBSW,Bütschwil,Butschwil,SG,--3--6--,RL,,4721N 00904E,
CH,CHBUT,Buttes,Buttes,NE,--3-----,RL,,4653N 00633E,
CH,CHBTK,Buttikon,Buttikon,SZ,--3-----,RL,,4710N 00857E,
CH,CHBUN,Büttikon,Buttikon,AG,--3-----,RL,,4720N 00816E,
CH,CHJBZ,Buttisholz,Buttisholz,LU,--3-----,RL,,4706N 00806E,
CH,CHBZG,Bützberg,Butzberg,BE,--3-----,RL,,4713N 00745E,
CH,CHCAP,Cadempino,Cadempino,TI,--3-----,RL,,4602N 00854E,
CH,CHCAD,Cadenazzo,Cadenazzo,TI,--3-----,RQ,,,
CH,CHCDR,Cadro,Cadro,TI,--3-----,RL,,4603N 00859E,
CH,CHCAM,Campascio,Campascio,GR,--3-----,RL,,4615N 01007E,
CH,CHCCG,Campocologno,Campocologno,GR,--3-----,RL,,4614N 01008E,
CH,CHCAN,Canobbio,Canobbio,TI,--3-----,RL,,4602N 00857E,
CH,CHCPL,Capolago,Capolago,TI,--3-----,RL,,4554N 00859E,
CH,CHCRG,Carouge,Carouge,GE,-23-----,RL,,4611N 00608E,
CH,CHCAR,Cartigny,Cartigny,GE,--3-----,RQ,,4611N 00601E,
CH,CHCSO,Caslano,Caslano,TI,--3-----,RL,,4548N 00853E,
CH,CHCAS,Castasegna,Castasegna,GR,--3-----,RL,,4620N 00931E,
CH,CHPIE,Castel San Pietro,Castel San Pietro,TI,--3--6--,RL,,4552N 00900E,
CH,CHCTE,Castione,Castione,TI,-----6--,RL,,4614N 00902E,
CH,CH4CE,Céligny,Celigny,GE,--3-----,RL,,4621N 00612E,
CH,CHHHM,Cham,Cham,ZG,123-----,RL,,4711N 00828E,
CH,CHCMY,Chambesy,Chambesy,GE,-----6--,RL,,4615N 00608E,
CH,CHCBN,Chamblon,Chamblon,VD,-----6--,RL,,4646N 00636E,
CH,CHCBR,Chambrielien,Chambrielien,NE,-23-----,RL,,4657N 00651E,
CH,CHCHM,Chamoson,Chamoson,VS,--3-----,RL,,4612N 00713E,
CH,CHCPA,Champagne,Champagne,VD,-23-----,RL,,4650N 00639E,
CH,CHCHP,Champéry,Champery,VS,--3-----,RL,ZDQ,4611N 00652E,
CH,CHCRM,Charmoille,Charmoille,JU,--3-----,RL,,4726N 00713E,
CH,CHVVS,Charrat,Charrat,VS,--3-----,RL,,4607N 00708E,
CH,CHCHO,Château-d'Oex,Chateau-d'Oex,VD,--3-----,RL,ZDR,4628N 00708E,
CH,CHCAL,Châtelaine,Chatelaine,GE,--3--6--,RL,,4612N 00607E,
CH,CHCSD,Chatel-St-Denis,Chatel-St-Denis,FR,--3-----,RQ,,4632N 00654E,
CH,CHCDB,Chavannes-de-Bogis,Chavannes-de-Bogis,VD,-----6--,RL,,4620N 00609E,
CH,CHVPR,Chavannes-près-Renens,Chavannes-pres-Renens,VD,-23-----,RL,,,
CH,CHCVY,Chavornay,Chavornay,VD,--3-----,RL,,4642N 00634E,
CH,CHCBS,Chene-Bougeries,Chene-Bougeries,GE,-----6--,RL,,4612N 00610E,
CH,CHCBG,Chene-Bourg,Chene-Bourg,GE,--3-----,RL,,4612N 00612E,
CH,CHCNX,Chernex,Chernex,VD,--3-----,RQ,,4626N 00654E,
CH,CHCXL,Cheseaux-sur-Lausanne,Cheseaux-sur-Lausanne,VD,--3-----,RL,,4635N 00636E,
CH,CHCHS,Chesieres,Chesieres,VD,1----6--,RQ,,4618N 00703E,
CH,CHCHE,Chevenez,Chevenez,22,1----6--,RL,,4723N 00700E,
CH,CHCEX,Chexbres,Chexbres,VD,--3-----,RL,,4629N 00647E,
CH,CHRYC,Cheyres,Cheyres,FR,--3-----,RL,,4649N 00647E,
CH,CHCSM,Chezard-St-Martin,Chezard-St-Martin,NE,--3-----,RQ,,,
CH,CHCHI,Chiasso,Chiasso,TI,-23-5---,RQ,,,
CH,CHCPS,Chippis,Chippis,VS,--3-----,RL,,4616N 00732E,
CH,CHCHX,Choëx,Choex,VS,--3-----,RL,,4614N 00657E,
CH,CHN66,Choindez,Choindez,JU,1----6--,RL,,4719N 00723E,
CH,CHX6Z,Choulex,Choulex,GE,--3-----,RL,,4613N 00613E,
CH,CHCHR,Chur,Chur,GR,--3-----,RL,ZDT,,
CH,CHCLN,Clarens,Clarens,VD,--3-----,RL,,4626N 00653E,
CH,CHCLA,Clarmont,Clarmont,VD,--3-----,RL,,4633N 00627E,
CH,CHCOI,Cointrin,Cointrin,GE,--34----,RL,,,
CH,CHCBY,Collex-Bossy,Collex-Bossy,GE,--3-----,RL,,4616N 00607E,
CH,CHCOD,Collina d'Oro,Collina d'Oro,TI,--3-----,RL,,4559N 00855E,
CH,CHCOL,Collombey,Collombey,VS,--3--6--,RL,,4616N 00657E,
CH,CHCBL,Collonge-Bellerive,Collonge-Bellerive,GE,1----6--,RL,,4615N 00612E,
CH,CHCLG,Cologny,Cologny,GE,--3-----,RL,,4613N 00611E,
CH,CHCMB,Colombier,Colombier,NE,--3-----,RQ,,4658N 00652E,
CH,CHCOM,Comano,Comano,TI,--3-----,RL,,4602N 00856E,
CH,CHCMM,Commugny,Commugny,VD,--3-----,RL,,4619N 00611E,
CH,CHCON,Concise,Concise,VD,--3-----,RL,,4651N 00643E,
CH,CHCFG,Confignon,Confignon,GE,--3-----,RL,,4611N 00605E,
CH,CHCHY,Conthey,Conthey,VS,--3-----,RQ,,4614N 00718E,
CH,CHCTR,Contra,Contra,TI,--3-----,RL,,4611N 00850E,
CH,CHCOP,Coppet,Coppet,GE,123-----,RL,,4619N 00612E,
CH,CHCRY,Corbeyrier,Corbeyrier,VD,--3-----,RQ,,4621N 00658E,
CH,CHCRC,Corcelles-Cormondrèche,Corcelles-Cormondreche,NE,--3-----,RL,,4659N 00653E,
CH,CHCOR,Corcelles-près-Payerne,Corcelles-pres-Payerne,VD,-23-----,RL,,4650N 00658E,
CH,CHCGM,Corgémont,Corgemont,BE,--3-----,RL,,,
CH,CHCBF,Corminboeuf,Corminboeuf,FR,--3-----,RL,,4648N 00706E,
CH,CHCMR,Cormoret,Cormoret,JU,--3--6--,RL,,4709N 00702E,
CH,CHCOA,Cornaux,Cornaux,NE,--3-----,RL,,4705N 00701E,
CH,CHCO2,Cornol,Cornol,JU,--3-----,RL,,4724N 00710E,
CH,CHCMS,Corpataux-Magnedens,Corpataux-Magnedens,FR,--3-----,RL,,4645N 00706E,
CH,CHCSR,Corsier,Corsier,GE,--3-----,RL,,4616N 00613E,
CH,CHCOS,Corsier-sur-Vevey,Corsier-sur-Vevey,VD,--3-----,RL,,4628N 00651E,
CH,CHCRT,Cortaillod,Cortaillod,NE,--3-----,RQ,,,
CH,CHCSN,Cossonay,Cossonay,VD,--3-----,RL,,4637N 00631E,
CH,CHCOE,Courfaivre,Courfaivre,22,-----6--,RL,,4720N 00717E,
CH,CHCGY,Courgenay,Courgenay,JU,-----6--,RL,,4724N 00707E,
CH,CHCDL,Courrendlin,Courrendlin,JU,--3-----,RL,,4720N 00722E,
CH,CHCRX,Courroux,Courroux,JU,--3-----,RL,,4722N 00722E,
CH,CHCOU,Court,Court,BE,--3-----,RL,,4714N 00720E,
CH,CHYHM,Courtaman,Courtaman,FR,--3-----,RL,,,
CH,CHCDX,Courtedoux,Courtedoux,JU,--3-----,RL,,4725N 00702E,
CH,CHCTY,Courtelary,Courtelary,BE,-23--6--,RL,,4711N 00704E,
CH,CHCOT,Courtepin,Courtepin,FR,--3-----,RL,,4651N 00712E,
CH,CHCST,Cousset,Cousset,FR,--3--6--,RL,,4648N 00701E,
CH,CHCVT,Couvet,Couvet,NE,1----6--,RL,,4655N 00638E,
CH,CHCDY,Crans,Crans,,-----6--,RL,,4618N 00727E,
CH,CHCMT,Crans Montana,Crans Montana,VS,--3-----,RQ,,4618N 00728E,
CH,CHCPC,Crans-Près-Céligny,Crans-Pres-Celigny,VD,--3-----,RL,,4621N 00612E,
CH,CHCRA,Crassier,Crassier,VD,-----6--,RL,,4622N 00610E,
CH,CHCR2,Crémines,Cremines,BE,--3-----,RL,,4717N 00726E,
CH,CHCRS,Cressier,Cressier,FR,-23-----,RL,,4654N 00708E,
CH,CHCRR,Cressier,Cressier,NE,-23-----,RL,,4703N 00702E,
CH,CHCRI,Crissier,Crissier,VD,--3-----,RQ,,,
CH,CHCUD,Cudrefin,Cudrefin,VD,--3-----,RL,,4657N 00701E,
CH,CHCUG,Cugy,Cugy,VD,--3-----,RL,,,
CH,CHCUL,Cully,Cully,VD,--3-----,RL,,4629N 00644E,
CH,CHZCH,Dachsen,Dachsen,ZH,--3-----,RL,,4740N 00838E,
CH,CHDAE,Dagmersellen,Dagmersellen,LU,--3-----,RL,,4713N 00759E,
CH,CHDLS,Daillens,Daillens,VD,--3-----,RL,,,
CH,CHDAL,Dallenwil,Dallenwil,NW,--3-----,RL,,4655N 00823E,
CH,CHDON,Dällikon,Dallikon,ZH,--3-----,RL,,,
CH,CHDNK,Däniken,Daniken,SO,-23-----,RL,,4721N 00758E,
CH,CHDWL,Dättwil,Dattwil,AG,-23-----,RL,,4727N 00817E,
CH,CHDVD,Davos Dorf,Davos Dorf,GR,--3-----,RL,,4649N 00950E,
CH,CHDVG,Davos Glaris,Davos Glaris,GR,-2------,RL,,4644N 00946E,
CH,CHDPZ,Davos Platz,Davos Platz,GR,--3-----,RL,,4648N 00950E,
CH,CHDGS,Degersheim,Degersheim,SG,--3-----,RQ,,,
CH,CHDEI,Deitingen,Deitingen,SO,--3-----,RL,,4713N 00737E,
CH,CHDEL,Delémont,Delemont,JU,--3-----,RL,ZDW,4722N 00719E,
CH,CHDNS,Denens,Denens,VD,-----6--,RQ,,4631N 00627E,
CH,CHD8S,Denges,Denges,VD,--3-----,RL,,4631N 00632E,
CH,CHDBU,Densbüren,Densburen,AG,--3-----,RL,,4727N 00803E,
CH,CHDRD,Derendingen,Derendingen,SO,-23-----,RL,,4711N 00734E,
CH,CHDTG,Detligen,Detligen,BE,--3-----,RL,,4700N 00716E,
CH,CHDET,Dettighofen,Dettighofen,TG,--3-----,RL,,4736N 00856E,
CH,CHDVR,Develier,Develier,JU,--3-----,RL,,4722N 00717E,
CH,CHDGT,Diegten,Diegten,BL,--3--6--,RL,,4725N 00748E,
CH,CHDLD,Dielsdorf,Dielsdorf,ZH,--3-----,RL,,4729N 00827E,
CH,CHDII,Diemtigen,Diemtigen,BE,--3-----,RL,,4638N 00734E,
CH,CHDPS,Diepoldsau,Diepoldsau,SG,--3-----,RL,,4723N 00938E,
CH,CHDKN,Dierikon,Dierikon,LU,--3-----,RL,,4706N 00822E,
CH,CHDIB,Diesbach,Diesbach,GL,--3-----,RL,,4655N 00903E,
CH,CHDSB,Diessbach,Diessbach,BE,--3-----,RL,,4706N 00722E,
CH,CHDSH,Diessenhofen,Diessenhofen,TG,--3-----,RL,,4742N 00845E,
CH,CHDTL,Dieterswil,Dieterswil,BE,--3-----,RL,,4704N 00725E,
CH,CHDIE,Dietikon,Dietikon,ZH,--3-----,RL,ZDX,,
CH,CHDLK,Dietlikon,Dietlikon,ZH,--3-----,RL,,4726N 00837E,
CH,CHDTW,Dietwil,Dietwil,AG,--3-----,RL,,4709N 00824E,
CH,CHDNH,Dinhard,Dinhard,ZH,-23-----,RL,,4733N 00846E,
CH,CHDTK,Dintikon,Dintikon,ZH,--3-----,RL,,4925N 00823E,
CH,CHDIS,Disentis/Mustér,Disentis/Muster,GR,-23-----,RL,,4642N 00851E,
CH,CHDTT,Dittingen,Dittingen,BL,--3-----,RL,,4726N 00730E,
CH,CHDMT,Domat,Domat,GR,-23-----,RQ,,,
CH,CHDOM,Dombresson,Dombresson,NE,--3-----,RL,,4704N 00658E,
CH,CHDDR,Domdidier,Domdidier,FR,--3-----,RL,,4652N 00701E,
CH,CHDZ8,Dongio,Dongio,TI,--3-----,RL,,4626N 00857E,
CH,CHDPL,Doppleschwand,Doppleschwand,LU,--3-----,RL,,4701N 00803E,
CH,CHDRZ,Dorénaz,Dorenaz,VS,--3-----,RL,,4609N 00703E,
CH,CHDOR,Dornach,Dornach,SO,--3-----,RL,,4728N 00736E,
CH,CHDOC,Dotnacht,Dotnacht,TG,--3-----,RL,,4736N 00908E,
CH,CHDTO,Dottikon,Dottikon,AG,-23-----,RL,,4723N 00814E,
CH,CHDOT,Döttingen,Dottingen,AG,123-----,RL,,4734N 00815E,
CH,CHDTZ,Dotzigen,Dotzigen,BE,-23-----,RL,,4708N 00720E,
CH,CHDOZ,Dozwil,Dozwil,TG,--3-----,RQ,,4734N 00919E,
CH,CHDRF,Dübendorf,Dubendorf,ZH,-23-----,RL,,4724N 00837E,
CH,CHDIG,Düdingen,Dudingen,FR,--3-----,RQ,,,
CH,CHDGI,Duggingen,Duggingen,BL,--3-----,RL,,4727N 00736E,
CH,CHDIN,Dulliken,Dulliken,SO,--3-----,RL,,,
CH,CHDLL,Dully,Dully,VD,--3-----,RL,,4626N 00618E,
CH,CHDTN,Dürnten,Durnten,ZH,--3-----,RL,,4716N 00851E,
CH,CHDNA,Dürrenäsch,Durrenasch,AG,--3-----,RL,,4720N 00809E,
CH,CHDUS,Dussnang,Dussnang,TG,--3--6--,RL,,4726N 00858E,
CH,CHEBE,Ebersecken,Ebersecken,LU,--3-----,RL,,4711N 00755E,
CH,CHEIN,Ebikon,Ebikon,LU,--3-----,RL,,,
CH,CHEKP,Ebnat-Kappel,Ebnat-Kappel,SG,-23-----,RL,,4716N 00907E,
CH,CHEVD,Echallens,Echallens,VD,--3-----,RL,,4638N 00638E,
CH,CHECH,Echandens,Echandens,VD,--3-----,RL,,,
CH,CHEFV,Échichens,Echichens,VD,--3-----,RL,,4632N 00630E,
CH,CHEGS,Eclagnens,Eclagnens,VD,--3-----,RL,,4639N 00635E,
CH,CHECL,Eclépens,Eclepens,VD,-23-----,RL,,4639N 00631E,
CH,CHELS,Ecublens,Ecublens,FR,--3-----,RL,,4636N 00648E,
CH,CHEVL,Ecuvillens,Ecuvillens,FR,-----6--,RL,,4645N 00705E,
CH,CHEDB,Edlibach,Edlibach,ZG,--3--6--,RL,,4711N 00835E,
CH,CHEFF,Effretikon,Effretikon,ZH,--3-----,RL,,4726N 00841E,
CH,CHEKG,Egerkingen,Egerkingen,SO,--3-----,RQ,,4719N 00746E,
CH,CHZEG,Egg,Egg,ZH,-----6--,RL,,4718N 00841E,
CH,CHWGG,Eggenwil,Eggenwil,AG,--3-----,RL,,4722N 00820E,
CH,CHEGI,Eggiwil,Eggiwil,BE,--3-----,RL,,4653N 00747E,
CH,CHGWF,Eglisau,Eglisau,ZH,--3-----,RL,,4734N 00833E,
CH,CHEGL,Egliswil,Egliswil,AG,--3-----,RL,,4720N 00811E,
CH,CHEHR,Ehrendingen,Ehrendingen,AG,--3-----,RL,,4729N 00820E,
CH,CHEIK,Eiken,Eiken,AG,-23-----,RL,,4732N 00759E,
CH,CHEGE,Einigen,Einigen,BE,--3--6--,RL,,4643N 00738E,
CH,CHESD,Einsiedeln,Einsiedeln,SZ,--3-----,RL,ZDZ,4707N 00845E,
CH,CHEGG,Elgg,Elgg,ZH,--3-----,RL,,4730N 00852E,
CH,CHEDT,Ellikon An Der Thur,Ellikon An Der Thur,ZH,--3-----,RL,,4734N 00849E,
CH,CHELU,Elsau,Elsau,ZH,--3-----,RL,,4730N 00848E,
CH,CHEBH,Embrach,Embrach,ZH,--3-----,RL,,,
CH,CHZET,Embrach-Embraport,Embrach-Embraport,ZH,-----6--,RL,,4731N 00835E,
CH,CHEMM,Emmen,Emmen,LU,-23-----,RL,,4705N 00818E,
CH,CHEBC,Emmenbrücke,Emmenbrucke,LU,--3-----,RL,,4704N 00816E,
CH,CHEDG,Endingen,Endingen,AG,--3-----,RL,,4732N 00817E,
CH,CHENG,Engelberg,Engelberg,OW,--3-----,RL,ZHB,4650N 00824E,
CH,CHELG,Engelburg,Engelburg,SG,-----6--,RL,,4726N 00920E,
CH,CHEN2,Enges,Enges,NE,--3-----,RL,,4704N 00701E,
CH,CHENE,Ennenda,Ennenda,GL,--3-----,RL,,4702N 00905E,
CH,CHTEH,Ennetaach,Ennetaach,TG,-----6--,RL,,4732N 00912E,
CH,CHETB,Ennetbürgen,Ennetburgen,NW,--3-----,RL,,4659N 00820E,
CH,CHNW6,Ennetmoos,Ennetmoos,NW,--3-----,RL,,4657N 00820E,
CH,CHENN,Enney,Enney,FR,--3-----,RL,,4634N 00705E,
CH,CHENT,Entlebuch,Entlebuch,LU,-23-----,RL,,4659N 00803E,
CH,CHDSF,Epalinges,Epalinges,VD,1----6--,RQ,,4633N 00640E,
CH,CHEPE,Ependes,Ependes,FR,--3-----,RL,,4645N 00708E,
CH,CHEPS,Epesses,Epesses,VD,123-----,RL,,4629N 00644E,
CH,CHELH,Erlach,Erlach,BE,--3-----,RL,,4702N 00076E,
CH,CHERT,Erlen,Erlen,TG,-----6--,RQ,,4733N 00914E,
CH,CHERB,Erlenbach,Erlenbach,ZH,123-----,RL,,4718N 00836E,
CH,CHEIS,Erlenbach im Simmental,Erlenbach im Simmental,BE,--3-----,RL,,4640N 00733E,
CH,CHERL,Erlinsbach,Erlinsbach,AG,--3-----,RL,,4724N 00800E,
CH,CHSZ9,Erlinsbach,Erlinsbach,SO,--3-----,RL,,4723N 00800E,
CH,CHEMG,Ermatingen,Ermatingen,TG,--3--6--,RL,,4740N 00905E,
CH,CHERM,Ermensee,Ermensee,LU,--3-----,RL,,4714N 00814E,
CH,CHEWL,Ermenswil,Ermenswil,SG,--3-----,RL,,4714N 00853E,
CH,CHERN,Ernen,Ernen,VS,--3-----,RL,,4624N 00809E,
CH,CHBEE,Ersigen,Ersigen,BE,--3-----,RL,,4705N 00735E,
CH,CHETD,Erstfeld,Erstfeld,UR,-----6--,RL,,4649N 00839E,
CH,CHESB,Eschenbach,Eschenbach,LU,--3-----,RL,,4708N 00819E,
CH,CHECB,Eschenbach,Eschenbach,SG,--3-----,RL,,4714N 00855E,
CH,CHESZ,Eschenz,Eschenz,TG,-----6--,RL,,4739N 00852E,
CH,CHECT,Eschert,Eschert,BE,--3-----,RL,,4717N 00724E,
CH,CHEHK,Eschlikon,Eschlikon,TG,-23-----,RL,,4728N 00858E,
CH,CHEKO,Eschlikon,Eschlikon,ZH,--3-----,RQ,,,
CH,CHESM,Escholzmatt,Escholzmatt,LU,-----6--,RL,,4655N 00756E,
CH,CHELB,Estavayer-le-Gibloux,Estavayer-le-Gibloux,FR,--3-----,RL,,4643N 00700E,
CH,CHELL,Estavayer-le-Lac,Estavayer-le-Lac,FR,--3-----,RL,,4651N 00650E,
CH,CHETO,Etoy,Etoy,VD,--3-----,RL,,4631N 00630E,
CH,CHETT,Ettingen,Ettingen,BL,--3-----,RL,,4729N 00732E,
CH,CHEZK,Etzelkofen,Etzelkofen,BE,--3-----,RL,,4705N 00729E,
CH,CHETZ,Etzgen,Etzgen,AG,--3-----,RL,,4734N 00806E,
CH,CHEKZ,Etziken,Etziken,SO,--3-----,RL,,4711N 00738E,
CH,CHEVZ,Evionnaz,Evionnaz,VS,--3-----,RQ,,4601N 00701E,
CH,CHEYS,Eysins,Eysins,VD,--3-----,RQ,,4623N 00612E,
CH,CHFWG,Fahrwangen,Fahrwangen,AG,--3-----,RL,,,
CH,CHFWS,Fahrweid,Fahrweid,ZH,--3-----,RL,,4724N 00825E,
CH,CHFHY,Fahy,Fahy,JU,--3-----,RL,,4725N 00657E,
CH,CHFLD,Fallanden,Fallanden,ZH,--3-----,RL,,4722N 00838E,
CH,CHFCY,Fechy,Fechy,VD,--3-----,RL,,4926N 00622E,
CH,CHFTF,Fehraltorf,Fehraltorf,ZH,-23-----,RL,,4723N 00845E,
CH,CHFBA,Felben,Felben,TG,-23-----,RL,,4735N 00857E,
CH,CHFEH,Feldbach,Feldbach,ZH,-23-----,RL,,4714N 00847E,
CH,CHFEM,Feldmeilen,Feldmeilen,ZH,123-----,RL,,4717N 00837E,
CH,CHZHC,Feuerthalen,Feuerthalen,ZH,--3-----,RL,,4741N 00838E,
CH,CHFSG,Feusisberg,Feusisberg,SZ,--3-----,RL,,4711N 00844E,
CH,CHFEY,Fey,Fey,VD,--3-----,RL,,,
CH,CHFIE,Fiesch,Fiesch,VS,-23-----,RL,,4624N 00808E,
CH,CHFIN,Finhaut,Finhaut,VS,--3-----,RQ,,4605N 00658E,
CH,CHFGK,Fischbach Goslikon,Fischbach Goslikon,AG,--3-----,RL,,4722N 00818E,
CH,CHFIS,Fisibach,Fisibach,AG,--3--6--,RL,,4734N 00824E,
CH,CHFSH,Fislisbach,Fislisbach,AG,--3-----,RL,,4726N 00818E,
CH,CHFAH,Flaach,Flaach,ZH,--3-----,RQ,,,
CH,CHFLM,Flamatt,Flamatt,FR,--3-----,RL,,4653N 00718E,
CH,CHFTY,Flanthey,Flanthey,VS,--3-----,RL,,4616N 00727E,
CH,CHFLA,Fläsch,Flasch,GR,1-3-----,RL,,4701N 00931E,
CH,CHFLW,Flawil,Flawil,SG,-23-----,RL,,4725N 00911E,
CH,CHFLI,Fleurier,Fleurier,NE,-----6--,RL,,4654N 00635E,
CH,CHFLS,Flims,Flims,GR,--3-----,RL,,4650N 00917E,
CH,CHFLN,Flüelen,Fluelen,UR,-23-----,RL,ZHD,4654N 00837E,
CH,CHYFL,Flüh,Fluh,SO,-23-----,RL,,4729N 00730E,
CH,CHFML,Flumenthal,Flumenthal,SO,--3-----,RL,,4714N 00736E,
CH,CHFLU,Flums,Flums,SG,--3-----,RL,,,
CH,CHFLJ,Flurlingen,Flurlingen,ZH,-23-----,RL,,4741N 00838E,
CH,CHFTM,Fontainemelon,Fontainemelon,NE,--3-----,RL,,4703N 00653E,
CH,CHFTS,Fontaines,Fontaines,NE,--3-----,RL,,4702N 00654E,
CH,CHFCH,Forch,Forch,ZH,-23-----,RQ,,,
CH,CHFOL,Forel,Forel,VD,--3-----,RL,,4633N 00649E,
CH,CHFNX,Founex,Founex,VD,--3-----,RL,,4620N 00612E,
CH,CHFRT,Frasnacht,Frasnacht,TG,--3-----,RL,,4731N 00924E,
CH,CHFRA,Fraubrunnen,Fraubrunnen,BE,--3--6--,RL,,4705N 00731E,
CH,CHFRN,Frauenfeld,Frauenfeld,TG,--3-----,RQ,,,
CH,CH5FK,Frauenkappelen,Frauenkappelen,BE,--3-----,RL,,4657N 00720E,
CH,CHFRD,Freidorf,Freidorf,BL,-23-----,RL,,4732N 00738E,
CH,CHFRE,Freidorf,Freidorf,TG,-23-----,RL,,4729N 00925E,
CH,CHFBH,Freienbach,Freienbach,SZ,--3-----,RL,,,
CH,CHFSI,Freienstein,Freienstein,ZH,--3-----,RL,,4732N 00835E,
CH,CHFKD,Frenkendorf,Frenkendorf,BL,-2------,RQ,,,
CH,CHFRB,Fribourg,Fribourg,FR,--3-----,RQ,,,
CH,CHFCK,Frick,Frick,AG,-23--6--,RL,,4730N 00801E,
CH,CHFTN,Frutigen,Frutigen,BE,-23-----,RQ,,,
CH,CHFUL,Fulenbach,Fulenbach,SO,--3-----,RL,,4717N 00750E,
CH,CHFRF,Füllinsdorf,Fullinsdorf,BL,-23-----,RL,,4730N 00743E,
CH,CHFLY,Fully,Fully,VS,--3--6--,RL,,4608N 00706E,
CH,CHSGG,Gais,Gais,AR,--3-----,RL,,4722N 00927E,
CH,CHGGN,Galgenen,Galgenen,SZ,--3-----,RL,,4710N 00852E,
CH,CHGMP,Gampelen,Gampelen,BE,-23-----,RL,,4701N 00703E,
CH,CHGAM,Gams,Gams,SG,--3-----,RL,,4712N 00926E,
CH,CHGDA,Gandria,Gandria,TI,--3-----,RL,,4600N 00900E,
CH,CHGAN,Gansingen,Gansingen,AG,--3-----,RL,,,
CH,CHGSW,Ganterschwil,Ganterschwil,SG,--3-----,RL,,4723N 00905E,
CH,CHGEB,Gebenstorf,Gebenstorf,AG,--3-----,RL,,,
CH,CHGKR,Gelterkinden,Gelterkinden,BL,-23-----,RL,,,
CH,CHGSR,Genestrerio,Genestrerio,TI,--3-----,RQ,,,
CH,CHGVA,Genève,Geneve,GE,-2345---,AI,,,
CH,CHGNL,Genolier,Genolier,VD,--3-----,RL,,4626N 00612E,
CH,CHGNT,Genthod,Genthod,GE,--3-----,RL,,4616N 00609E,
CH,CHGFG,Gerlafingen,Gerlafingen,SO,--3-----,RQ,,,
CH,CHGDW,Geroldswil,Geroldswil,ZH,--3-----,RL,,,
CH,CHGER,Gersau,Gersau,SZ,--3-----,RL,,4659N 00832E,
CH,CHLL4,Gettnau,Gettnau,LU,--3-----,RL,,4708N 00758E,
CH,CHWSG,Gibswill,Gibswill,ZH,--3-----,RL,,4718N 00855E,
CH,CHGLL,Gilly,Gilly,VD,--3-----,RL,,4627N 00618E,
CH,CHGIS,Gingins,Gingins,VD,--3-----,RL,,4624N 00611E,
CH,CHTGO,Giornico,Giornico,TI,-----6--,RL,,4623N 00853E,
CH,CHGOF,Gipf-Oberfrick,Gipf-Oberfrick,AG,--3-----,RL,,4830N 00800E,
CH,CHGIK,Gisikon,Gisikon,,-----6--,RQ,,4770N 08240E,
CH,CHGBS,Giubiasco,Giubiasco,TI,--3-----,RQ,,,
CH,CHGSZ,Givisiez,Givisiez,FR,--3-----,RL,,4648N 00707E,
CH,CHGIV,Givrins,Givrins,VD,--3-----,RL,,4625N 00612E,
CH,CHGAD,Gland,Gland,VD,--3-----,RL,,4626N 00616E,
CH,CHGLA,Glarus,Glarus,GL,--3-----,RL,ZHG,4702N 00903E,
CH,CHGTG,Glattbrugg,Glattbrugg,ZH,-23-----,RL,,4726N 00833E,
CH,CHGFN,Glattfelden,Glattfelden,ZH,--3-----,RL,,,
CH,CHGAK,Glattpark,Glattpark,ZH,--3-----,RL,,4742N 00856E,
CH,CHGLO,Glovelier,Glovelier,JU,--3-----,RL,,4720N 00712E,
CH,CHGLD,Goldach,Goldach,SG,-23-----,RL,,4728N 00928E,
CH,CHGOL,Goldau,Goldau,SZ,-23-----,RL,,4703N 00833E,
CH,CHGIN,Goldingen,Goldingen,SG,-----6--,RL,,4716N 00858E,
CH,CHGWD,Gommiswald,Gommiswald,SG,-----6--,RL,,4713N 00901E,
CH,CHG7W,Gondiswil,Gondiswil,BE,--3-----,RL,,4709N 00752E,
CH,CHGON,Gondo,Gondo,VS,--3-----,RL,,4612N 00808E,
CH,CHAGU,Gontenschwil,Gontenschwil,AG,--3-----,RL,,4716N 00808E,
CH,CHGOR,Gordola,Gordola,TI,--3-----,RL,,4611N 00851E,
CH,CHGRG,Gorgier,Gorgier,NE,1----6--,RL,,4654N 00646E,
CH,CHZHH,Gossau,Gossau,SG,--3-----,RL,,4725N 00915E,
CH,CHGOS,Gossau,Gossau,ZH,--3-----,RL,,4718N 00845E,
CH,CHGTB,Gottlieben,Gottlieben,TG,-23-----,RL,,4740N 00908E,
CH,CHGRB,Grabs,Grabs,SG,--3-----,RL,,4712N 00926E,
CH,CHGFR,Grafenried,Grafenried,BE,--3-----,RQ,,,
CH,CHGNA,Grancia,Grancia,TI,--3--6--,RL,,4602N 00846E,
CH,CHGL2,Grand Lancy,Grand Lancy,GE,--3-----,RL,,4611N 00607E,
CH,CHGDN,Grandson,Grandson,VD,--3-----,RL,,4649N 00638E,
CH,CHGVL,Grandval,Grandval,BE,--3-----,RL,,4717N 00725E,
CH,CHGRV,Grandvaux,Grandvaux,VD,--3-----,RL,,4629N 00643E,
CH,CHGVS,Granges,Granges,VS,--3-----,RL,,4615N 00727E,
CH,CHGPA,Granges-Paccot,Granges-Paccot,FR,--3-----,RL,,4649N 00709E,
CH,CHGPM,Granges-près-Marnand,Granges-pres-Marnand,VD,--3-----,RL,,,
CH,CHGNI,Gränichen,Granichen,AG,--3--6--,RL,,4721N 00806E,
CH,CHGRF,Greifensee,Greifensee,ZH,--3-----,RL,,4722N 00840E,
CH,CHGLN,Grellingen,Grellingen,BL,-23-----,RL,,4726N 00735E,
CH,CHGRN,Grenchen,Grenchen,SO,--3-----,RL,ZHI,4711N 00723E,
CH,CHGRE,Grengiols,Grengiols,VS,-23-----,RL,,4622N 00805E,
CH,CHGZB,Gretzenbach,Gretzenbach,SO,-----6--,RQ,,4722N 00800E,
CH,CHGRI,Grindelwald,Grindelwald,BE,--3-----,RL,ZHJ,4637N 00803E,
CH,CHGNE,Grône,Grone,VS,-23-----,RL,,4615N 00727E,
CH,CHGNO,Grono,Grono,GR,--3-----,RQ,,4615N 00909E,
CH,CHGRO,Grossaffoltern,Grossaffoltern,BE,--3-----,RL,,4704N 00722E,
CH,CHGWG,Grosswangen,Grosswangen,LU,--3-----,RL,,4708N 00803E,
CH,CHGRR,Grub,Grub,AR,--3-----,RL,,4727N 00930E,
CH,CHGNG,Grüningen,Gruningen,ZH,--3-----,RL,,4717N 00845E,
CH,CHGRS,Grüsch,Grusch,GR,-23-5---,RL,,4658N 00938E,
CH,CHGYS,Gruyeres,Gruyeres,FR,--3-----,RL,,4635N 00705E,
CH,CHGST,Gstaad,Gstaad,BE,--3-----,RL,ZHK,4628N 00717E,
CH,CHGML,Gumligen,Gumligen,BE,--3-----,RL,,4658N 00730E,
CH,CHGUE,Gümligen,Gumligen,BE,--3-----,RL,,,
CH,CHGNS,Günsberg,Gunsberg,SO,--3-----,RL,,4716N 00735E,
CH,CHGZN,Gunzgen,Gunzgen,SO,-23-----,RL,,4719N 00749E,
CH,CHGUR,Gurmels,Gurmels,FR,--3-----,RL,,4654N 00710E,
CH,CHGTT,Güttingen,Guttingen,TG,123--6--,RL,,4736N 00917E,
CH,CHGWT,Gwatt,Gwatt,BE,--3-----,RL,,4643N 00737E,
CH,CHHAD,Hadlikon,Hadlikon,ZH,--3--6--,RL,,4717N 00851E,
CH,CHHGD,Hägendorf,Hagendorf,SO,-23-----,RL,,4720N 00750E,
CH,CHHAE,Hägglingen,Hagglingen,AG,--3-----,RL,,4723N 00815E,
CH,CHHLU,Hallau,Hallau,SH,--3-----,RL,,4742N 00828E,
CH,CHHAL,Hallwil,Hallwil,AG,--3-----,RL,,4720N 00811E,
CH,CHHKN,Härkingen,Harkingen,SO,--3-----,RL,,4718N 00749E,
CH,CHHAS,Hasle,Hasle,LU,--3-----,RL,,4658N 00803E,
CH,CHHBB,Hasle bei Burgdorf,Hasle bei Burgdorf,BE,--3-----,RL,,4701N 00739E,
CH,CHHRU,Hasle-Rüegsau,Hasle-Ruegsau,BE,--3-----,RL,,4701N 00739E,
CH,CHHAB,Hausen am Albis,Hausen am Albis,ZH,--3-----,RL,,4224N 00853E,
CH,CHHAU,Hausen bei Brugg,Hausen bei Brugg,AG,--3-----,RL,,,
CH,CHHTE,Hauterive,Hauterive,NE,123-----,RL,,4701N 00658E,
CH,CHHED,Hedingen,Hedingen,AG,--3-----,RL,,4718N 00827E,
CH,CHHEE,Heerbrugg,Heerbrugg,SG,--3-----,RL,ZHL,4724N 00937E,
CH,CHHGA,Hegnau,Hegnau,ZH,--3-----,RL,,4723N 00841E,Near Volkertswil
CH,CHHEI,Heiden,Heiden,AR,--3-----,RL,,4726N 00931E,
CH,CHHMG,Heimberg,Heimberg,BE,-----6--,RL,,4647N 00736E,
CH,CHHLL,Hellbühl,Hellbuhl,LU,--3-----,RL,,4704N 00812E,
CH,CHHNA,Henau,Henau,SG,--3-----,RL,,4727N 00907E,
CH,CHHEN,Henggart,Henggart,ZH,--3-----,RL,,4733N 00841E,
CH,CHHNZ,Henniez,Henniez,VD,-----6--,RQ,,4644N 00652E,
CH,CHHVN,Herbriggen,Herbriggen,VS,--3-----,RL,,4609N 00748E,
CH,CHHGL,Hergiswil,Hergiswil,NW,--3-----,RL,,4659N 00819E,
CH,CHHSA,Herisau,Herisau,AR,--3-----,RL,,4723N 00916E,
CH,CHHBG,Herrliberg,Herrliberg,ZH,123-----,RL,,4717N 00837E,
CH,CHHER,Herznach,Herznach,AG,--3-----,RL,,4728N 00803E,
CH,CHHRZ,Herzogenbuchsee,Herzogenbuchsee,BE,--3-----,RL,ZHN,4711N 00742E,
CH,CHHTL,Hettlingen,Hettlingen,ZH,-23-----,RL,,4733N 00842E,
CH,CHHIL,Hildisrieden,Hildisrieden,LU,--3-----,RL,,4709N 00814E,
CH,CHHLF,Hilfikon,Hilfikon,AG,--3-----,RL,,4720N 00815E,
CH,CHBEH,Hilterfingen,Hilterfingen,BE,--3-----,RQ,,,
CH,CHHDK,Hindelbank,Hindelbank,BE,-----6--,RL,,4702N 00732E,
CH,CHHFO,Hinterforst,Hinterforst,SG,--3-----,RL,,4721N 00931E,
CH,CHHNW,Hinwil,Hinwil,ZH,--3-----,RL,,4717N 00849E,
CH,CHHHT,Hirschthal,Hirschthal,AG,--3-----,RL,,4719N 00803E,
CH,CHHZL,Hirzel,Hirzel,ZH,--3-----,RQ,,4713N 00836E,
CH,CHHTU,Hittnau,Hittnau,ZH,--3-----,RL,,4722N 00850E,
CH,CHHTK,Hitzkirch,Hitzkirch,LU,-----6--,RL,,4714N 00816E,
CH,CHHOC,Hochdorf,Hochdorf,LU,--3-----,RL,,4710N 00817E,
CH,CHHO7,Hochfelden,Hochfelden,ZH,--3-----,RL,,4731N 00831E,
CH,CHHOF,Hofstatt,Hofstatt,,-23-----,RL,,4703N 00737E,
CH,CHHOH,Hohenrain,Hohenrain,LU,--3-----,RL,,4711N 00819E,
CH,CHHOL,Holderbank,Holderbank,AG,--3-----,RL,,4726N 00810E,
CH,CHHSN,Hölstein,Holstein,BL,--3-----,RL,,4725N 00746E,
CH,CHHOM,Hombrechtikon,Hombrechtikon,ZH,--3-----,RQ,,4715N 00846E,
CH,CHHNU,Honau,Honau,,--3-----,RL,,4707N 00824E,
CH,CHHOE,Horgen,Horgen,ZH,--3-----,RL,,4715N 00836E,
CH,CHHRH,Hörhausen,Horhausen,TG,--3-----,RL,,4738N 00858E,
CH,CHHRI,Höri,Hori,ZH,--3-----,RL,,4730N 00000E,
CH,CHHOR,Horn,Horn,TG,--3-----,RL,,,
CH,CHHRW,Horw,Horw,LU,--3-----,RL,,4701N 00818E,
CH,CHHUN,Hünenberg,Hunenberg,ZG,--3-----,RL,,4710N 00825E,
CH,CHHWN,Huntwangen,Huntwangen,ZH,--3-----,RL,,4736N 00829E,
CH,CHHZW,Hunzenschwil,Hunzenschwil,AG,-23-----,RL,,4723N 00807E,
CH,CHHTT,Hüttikon,Huttikon,ZH,--3-----,RL,,4726N 00823E,
CH,CHHUT,Hüttlingen,Huttlingen,TG,--3-----,RL,,4734N 00859E,
CH,CHHWL,Huttwil,Huttwil,BE,-23-----,RL,,4707N 00751E,
CH,CHHWI,Huttwilen,Huttwilen,TG,--3-----,RL,,4736N 00852E,
CH,CHXZX,Ibach,Ibach,SZ,1-3-----,RL,,4701N 00839E,
CH,CHILZ,Ilanz,Ilanz,GR,-23-----,RL,,4646N 00912E,
CH,CHILG,Illgau,Illgau,SZ,--3-----,RL,,4659N 00844E,
CH,CHILL,Illnau-Effretikon,Illnau-Effretikon,ZH,--3-----,RL,,,
CH,CHIMM,Immensee,Immensee,SZ,--3--6--,RL,,4706N 00828E,
CH,CHINS,Ins,Ins,BE,-23-----,RL,,4701N 00706E,
CH,CHINT,Interlaken,Interlaken,BE,--3-----,RL,ZIN,4641N 00751E,
CH,CHINW,Inwil,Inwil,LU,--3-----,RL,,4707N 00820E,
CH,CHIPS,Ipsach,Ipsach,BE,-23-----,RL,,4706N 00714E,
CH,CHIRA,Iragna,Iragna,TI,-----6--,RL,,4619N 00858E,
CH,CHISL,Islikon,Islikon,TG,--3-----,RL,,4732N 00850E,
CH,CHBIN,Itingen,Itingen,BL,-----6--,RL,,4728N 00747E,
CH,CHITG,Ittigen,Ittigen,BE,--3-----,RL,,4959N 00729E,
CH,CHJBG,Jaberg,Jaberg,BE,--3-----,RL,,4649N 00734E,
CH,CHJGT,Jegenstorf,Jegenstorf,BE,-23--6--,RL,,4703N 00730E,
CH,CHJNS,Jenins,Jenins,GR,-----6--,RL,,4700N 00934E,
CH,CHBEJ,Jens,Jens,BE,-----6--,RL,,4706N 00716E,
CH,CHJON,Jona,Jona,SG,-23-----,RL,,4714N 00850E,
CH,CHJNE,Jonen,Jonen,AG,--3--6--,RL,,4718N 00824E,
CH,CHJNG,Jongny,Jongny,VD,--3-----,RL,,4629N 00651E,
CH,CHJWL,Jonschwil,Jonschwil,SG,--3-----,RL,,4726N 00905E,
CH,CHJXT,Jouxtens-Mézery,Jouxtens-Mezery,VD,--3-----,RL,,4633N 00636E,
CH,CHJSY,Jussy,Jussy,GE,--3-----,RL,,4615N 00617E,
CH,CHKGT,Kaiseraugst,Kaiseraugst,AG,-23-----,RL,,4732N 00743E,
CH,CHKAI,Kaisten,Kaisten,AG,--3-----,RL,,4732N 00802E,
CH,CHKNH,Kallnach,Kallnach,BE,--3-----,RL,,4701N 00714E,
CH,CHKAL,Kaltbrunn,Kaltbrunn,SG,--3-----,RL,,4713N 00902E,
CH,CHKDG,Kandergrund,Kandergrund,BE,--3-----,RL,,4633N 00740E,
CH,CHKAN,Kandersteg,Kandersteg,BE,-23-----,RL,ZHR,4629N 00740E,
CH,CHKAA,Kappel am Albis,Kappel am Albis,ZH,--3-----,RL,,4714N 00831E,
CH,CHKAP,Kappelen,Kappelen,BE,--3-----,RL,,4703N 00715E,
CH,CHKFO,Kaufdorf,Kaufdorf,BE,--3-----,RQ,,4650N 00730E,
CH,CHKSZ,Kehrsatz,Kehrsatz,BE,--3-----,RL,,4654N 00728E,
CH,CHKEH,Kemptthal,Kemptthal,ZH,--3-----,RL,,4727N 00842E,
CH,CHKER,Kerns,Kerns,OW,--3-----,RL,,4654N 00816E,
CH,CHKEZ,Kerzers,Kerzers,FR,-23-----,RL,,4659N 00712E,
CH,CHKSW,Kesswil,Kesswil,TG,--3-----,RL,,4735N 00918E,
CH,CHKSO,Kestenholz,Kestenholz,SO,--3--6--,RL,,4716N 00745E,
CH,CHKIB,Kienberg,Kienberg,SO,--3-----,RL,,4727N 00758E,
CH,CHKIE,Kiesen,Kiesen,BE,--3-----,RL,,4649N 00734E,
CH,CHKIL,Kilchberg,Kilchberg,ZH,--3-----,RL,,4719N 00833E,
CH,CHKIW,Killwangen,Killwangen,AG,--3-----,RL,,4726N 00821E,
CH,CHKHB,Kirchberg,Kirchberg,BE,-23-----,RL,,4705N 00735E,
CH,CHKRG,Kirchberg,Kirchberg,SG,--3-----,RL,,4724N 00902E,
CH,CHKCO,Kirchdorf,Kirchdorf,BE,--3-----,RL,,4649N 00733E,
CH,CHKLR,Kirchleerau,Kirchleerau,AG,--3-----,RQ,,,
CH,CHBEK,Kirchlindach,Kirchlindach,BE,-----6--,RL,,4700N 00741E,
CH,CHKLF,Kleinandelfingen,Kleinandelfingen,ZH,--3-----,RL,,4736N 00841E,
CH,CHKBO,Kleinbosingen,Kleinbosingen,FR,--3-----,RL,,4654N 00713E,
CH,CHKDO,Kleindöttingen,Kleindottingen,AG,--3-----,RL,,4734N 00815E,
CH,CHKLL,Kleinlützel,Kleinlutzel,BL,--3-----,RL,,4726N 00725E,
CH,CHRGU,Klingnau,Klingnau,AG,1-------,RL,,4735N 00815E,
CH,CHKLS,Klosters,Klosters,GR,--3-----,RL,ZHS,4652N 00952E,
CH,CHKTN,Kloten,Kloten,ZH,--3-----,RL,,4727N 00834E,
CH,CHKNA,Knonau,Knonau,ZH,--3--6--,RL,,4714N 00827E,
CH,CHLEN,Koblenz,Koblenz,AG,--3-----,RQ,,,
CH,CHK3L,Kollbrunn,Kollbrunn,ZH,1----6--,RL,,4727N 00847E,
CH,CHKOL,Kölliken,Kolliken,AG,--3-----,RL,,4720N 00801E,
CH,CHKOZ,Köniz,Koniz,BE,--3--6--,RL,,4655N 00724E,
CH,CHKON,Konolfingen,Konolfingen,BE,-23-----,RL,,4653N 00737E,
CH,CHKPP,Koppigen,Koppigen,BE,1----6--,RL,,4708N 00736E,
CH,CHKWI,Kottwil,Kottwil,LU,--3-----,RL,,4709N 00802E,
CH,CHKRA,Kradolf,Kradolf,TG,--3-----,RL,,4732N 00912E,
CH,CHKRT,Krauchthal,Krauchthal,BE,--3-----,RL,,4701N 00734E,
CH,CHKRZ,Kreuzlingen,Kreuzlingen,TG,1-------,RQ,,,
CH,CHKRI,Kriegstetten,Kriegstetten,SO,-23-----,RL,,4711N 00736E,
CH,CHKRS,Kriens,Kriens,LU,--3-----,RL,,4702N 00817E,
CH,CHKSN,Kriessern,Kriessern,SG,--3-----,RL,,4721N 00936E,
CH,CHKNN,Künten,Kunten,AG,--3-----,RL,,4723N 00819E,
CH,CHKHH,Küsnacht,Kusnacht,ZH,-23-----,RL,,4719N 00835E,
CH,CHKSS,Kussnacht,Kussnacht,SZ,1-------,RQ,,,
CH,CHKSR,Küssnacht am Rigi,Kussnacht am Rigi,SZ,-----6--,RL,,4704N 00826E,
CH,CHKT5,Küttigen,Kuttigen,AG,--3-----,RL,,4725N 00803E,
CH,CHLAB,La Brévine,La Brevine,NE,--3-----,RL,,4659N 00636E,
CH,CHLCF,La Chaux-de-Fonds,La Chaux-de-Fonds,NE,-23-----,RL,ZHV,4708N 00651E,
CH,CHCDM,La Chaux-du-Milieu,La Chaux-du-Milieu,NE,--3-----,RL,,4700N 00642E,
CH,CHLCV,La Conversion,La Conversion,VD,--3-----,RL,,4630N 00640E,
CH,CHCAF,La Côte-aux-Fées,La Cote-aux-Fees,NE,--3-----,RL,,4652N 00629E,
CH,CHLCR,La Croix-de-Rozon,La Croix-de-Rozon,GE,#NAME?,RL,,,
CH,CHLNE,La Neuveville,La Neuveville,BE,--3-----,RL,,4704N 00706E,
CH,CHPLN,La Plaine,La Plaine,GE,-23-----,RL,,4611N 00600E,
CH,CHG2E,La Praille,La Praille,GE,--3-----,RL,,4611N 00607E,
CH,CHSGN,La Sagne,La Sagne,NE,-23-----,RL,,4703N 00649E,
CH,CHLSZ,La Sarraz,La Sarraz,VD,--3-----,RQ,,4640N 00631E,
CH,CHSOZ,La Sonnaz,La Sonnaz,FR,--3-----,RL,,4650N 00707E,
CH,CHVTP,La Tour-de-Peilz,La Tour-de-Peilz,VD,--3-----,RL,,4627N 00652E,
CH,CHTTR,La Tour-De-Trême,La Tour-De-Treme,FR,--3-----,RL,,4637N 00704E,
CH,CHABB,L'Abbaye,L'Abbaye,VD,-23-----,RL,,4639N 00619E,
CH,CHLAH,Lachen,Lachen,AR,--3-----,RL,,4726N 00935E,
CH,CHLHN,Lachen,Lachen,SZ,-23-----,RL,,4711N 00851E,
CH,CHLAL,Lalden,Lalden,VS,-23-----,RL,,4618N 00754E,
CH,CHLBN,Lamboing,Lamboing,BE,--3--6--,RL,,4707N 00708E,
CH,CHLOE,Lamone,Lamone,TI,--3-----,RL,,,
CH,CHGEL,Lancy,Lancy,GE,1-3--6--,RL,,4611N 00608E,
CH,CHLQU,Landquart,Landquart,GR,-23-----,RL,,4657N 00934E,
CH,CHLAD,Langendorf,Langendorf,SO,--3-----,RL,,4711N 00731E,
CH,CHLAN,Langenthal,Langenthal,BE,--3-----,RL,ZHW,4712N 00747E,
CH,CHLGU,Langnau,Langnau,BE,-23-----,RL,,4656N 00747E,
CH,CHLNA,Langnau im Emmental,Langnau im Emmental,BE,--3-----,RQ,,4656N 00747E,
CH,CHLRB,Langrickenbach,Langrickenbach,TG,--3-----,RL,,4735N 00914E,
CH,CHLNN,Lauenen,Lauenen,BE,--3-----,RL,,4625N 00720E,
CH,CHLFN,Laufen,Laufen,BL,-23-----,RL,,4725N 00730E,
CH,CHLAF,Laufenburg,Laufenburg,AG,--3-----,RL,,4733N 00803E,
CH,CHLPN,Laupen,Laupen,ZH,--3-----,RL,,4716N 00855E,
CH,CHLAU,Lausanne,Lausanne,VD,-23-5---,RQ,,,
CH,CHLAS,Lausen,Lausen,BL,--3-----,RL,,4728N 00745E,
CH,CHLVN,Lavin,Lavin,GR,--3-----,RL,,4646N 01006E,
CH,CHLAV,Lavorgo,Lavorgo,TI,-2------,RL,,4627N 00850E,
CH,CHBRS,Le Brassus,Le Brassus,VD,--3-----,RQ,,4635N 00613E,
CH,CHBRY,Le Bry,Le Bry,FR,--3-----,RL,,4642N 00705E,
CH,CHLCA,Le Châble,Le Chable,VS,--3-----,RL,,4605N 00712E,
CH,CHCGT,Le Chalet-à-Gobet,Le Chalet-a-Gobet,VD,--3-----,RL,,4634N 00641E,
CH,CHCRE,Le Crêt,Le Cret,FR,-23-----,RL,,4636N 00654E,
CH,CHCLC,Le Crêt-du-Locle,Le Cret-du-Locle,NE,-23-----,RL,,4704N 00647E,
CH,CHLGS,Le Grand-Saconnex,Le Grand-Saconnex,GE,-23-----,RL,,4614N 00608E,
CH,CHLDO,Le Landeron,Le Landeron,NE,123-----,RL,,4703N 00704E,
CH,CHLLV,Le Levron,Le Levron,VS,--3-----,RL,,4606N 00700E,
CH,CHLLU,Le Lieu,Le Lieu,VD,123-----,RL,,4639N 00616E,
CH,CHZJA,Le Locle,Le Locle,,----5---,RQ,,,
CH,CHLML,Le Mont-sur-Lausanne,Le Mont-sur-Lausanne,VD,-----6--,RL,,4633N 00638E,
CH,CHLMT,Le Mouret,Le Mouret,FR,--3-----,RL,,4645N 00710E,
CH,CHNOI,Le Noirmont,Le Noirmont,JU,-23-----,RL,,4713N 00657E,
CH,CHLSR,Le Sentier,Le Sentier,VD,--3-----,RL,,4637N 00614E,
CH,CHSPY,Le Sépey,Le Sepey,VD,--3-----,RL,,4622N 00703E,
CH,CHLVA,Le Vaud,Le Vaud,VD,--3-----,RL,,4629N 00614E,
CH,CHLBT,Leibstadt,Leibstadt,AG,--3-----,RL,,4735N 00810E,
CH,CHLEG,Leissigen,Leissigen,BE,--3-----,RL,,4639N 00746E,
CH,CHLNU,Lengnau,Lengnau,AG,-----6--,RL,,4731N 00820E,
CH,CHLNG,Lengnau,Lengnau,BE,-23-----,RL,,4711N 00721E,
CH,CHLGO,Lengwil-Oberhofen,Lengwil-Oberhofen,TG,--3-----,RL,,4737N 00911E,
CH,CHLNK,Lenk,Lenk,BE,--3-----,RQ,,4627N 00726E,
CH,CHLBG,Lenzburg,Lenzburg,AG,-23-----,RQ,,,
CH,CHLNZ,Lenzerheide,Lenzerheide,GR,--3-----,RL,ZJD,4645N 00933E,
CH,CHLES,Les Acacias,Les Acacias,GE,-23-----,RL,,4611N 00608E,
CH,CHLBS,Les Bois,Les Bois,JU,--3-----,RL,,4710N 00645E,
CH,CHBRE,Les Brenets,Les Brenets,NE,--3-----,RL,,4704N 00642E,
CH,CHBRX,Les Breuleux,Les Breuleux,JU,--3-----,RL,,4712N 00700E,
CH,CHLEC,Les Charbonnieres,Les Charbonnieres,VD,--3-----,RL,,4640N 00619E,
CH,CHLSC,Les Clées,Les Clees,VD,--3-----,RL,,4644N 00628E,
CH,CHLDB,Les Diablerets,Les Diablerets,VD,--3-----,RL,,4621N 00709E,
CH,CHLGC,Les Geneveys-Sur-Coffrane,Les Geneveys-Sur-Coffrane,NE,--3-----,RL,,4702N 00651E,
CH,CHGNZ,Les Genevez,Les Genevez,JU,--3-----,RL,,4715N 00708E,
CH,CHLVR,Les Verrières,Les Verrieres,NE,-23-----,RL,,4654N 00629E,
CH,CHLGE,Leuggern,Leuggern,AG,--3-----,RL,,4734N 00814E,
CH,CHLEU,Leuk,Leuk,VS,-23-----,RL,,4619N 00738E,
CH,CHLEA,Leutwil,Leutwil,AG,--3--6--,RL,,4719N 00810E,
CH,CHLYN,Leysin,Leysin,VD,--3-----,RQ,,4621N 00701E,
CH,CHLSG,Lichtensteig,Lichtensteig,SG,-23-----,RL,,4719N 00905E,
CH,CHLDD,Liddes,Liddes,VS,--3-----,RL,,4600N 00711E,
CH,CHLFL,Liebefeld,Liebefeld,BE,--3-----,RQ,,4656N 00726E,
CH,CHLBW,Liebewil,Liebewil,BE,--3-----,RL,,4654N 00722E,
CH,CHLIE,Liesberg,Liesberg,BL,--3-----,RL,,4724N 00725E,
CH,CHLTL,Liestal,Liestal,BL,-23-----,RL,,4729N 00744E,
CH,CHLGT,Ligornetto,Ligornetto,TI,--3-----,RL,,4552N 00857E,
CH,CHLIU,Lindau,Lindau,ZH,--3-----,RL,,4727N 00840E,
CH,CHLTH,Linthal,Linthal,GL,--3-----,RL,,4655N 00900E,
CH,CHLIT,Littau,Littau,LU,--3-----,RL,,4702N 00815E,
CH,CHLON,Locarno,Locarno,TI,--3-----,RL,,,
CH,CHTIL,Lodrino,Lodrino,TI,0-------,RL,,4618N 00858E,
CH,CHLAM,Lohn-Ammannsegg,Lohn-Ammannsegg,BL,--3-----,RQ,,4710N 00731E,
CH,CHNNG,Lohningen,Lohningen,SH,--3-----,RL,,4742N 00832E,
CH,CHLOY,Lonay,Lonay,VD,--3-----,RL,,4631N 00631E,
CH,CHLOR,L'Orient,L'Orient,VD,--3-----,RL,,4636N 00614E,
CH,CHLSE,Losone,Losone,TI,--3-----,RL,,4608N 00845E,
CH,CHLSF,Lostorf,Lostorf,SO,-----6--,RL,,4723N 00757E,
CH,CHLOT,Lotzwil,Lotzwil,BE,--3--6--,RL,,4711N 00747E,
CH,CHLOU,Lourtier,Lourtier,VS,--3-----,RL,,4602N 00716E,
CH,CHLCS,Lucens,Lucens,VD,--3-----,RQ,,4643N 00650E,
CH,CHLUC,Lucerne,Lucerne,LU,-----6--,RL,,4705N 00816E,
CH,CHLUF,Lufingen,Lufingen,ZH,--3-----,RL,,4730N 00836E,
CH,CHLUG,Lugano,Lugano,TI,-234----,AI,,,
CH,CHLMN,Lumino,Lumino,TI,--3-----,RL,,4614N 00904E,
CH,CHLGN,Lungern,Lungern,OW,-23-----,RL,,4648N 00810E,
CH,CHLPG,Lupfig,Lupfig,AG,-----6--,RQ,,4726N 00812E,
CH,CHLUP,Lupsingen,Lupsingen,BL,--3-----,RL,,4727N 00742E,
CH,CHSOL,Lusslingen,Lusslingen,SO,--3-----,RL,,4711N 00730E,
CH,CHLM2,Lussy-sur-Morges,Lussy-sur-Morges,VD,--3-----,RL,,4630N 00627E,
CH,CHLRH,Luterbach,Luterbach,SO,-----6--,RL,,4713N 00735E,
CH,CHLUB,Lütisburg,Lutisburg,SG,--3-----,RL,,4724N 00905E,
CH,CHLTY,Lutry,Lutry,VD,--3-----,RQ,,4631N 00642E,
CH,CHBLH,Lützelflüh,Lutzelfluh,BE,-23-----,RL,,4701N 00741E,
CH,CHLZN,Luzern,Luzern,LU,--3-----,RL,,4703N 00818E,
CH,CHLYS,Lyss,Lyss,BE,--3-----,RQ,,,
CH,CHLSA,Lyssach,Lyssach,BE,--3-----,RL,,4704N 00735E,
CH,CHMDL,Madetswil,Madetswil,ZH,--3-----,RL,,,
CH,CHDSW,Madiswil,Madiswil,BE,--3-----,RL,,4710N 00748E,
CH,CHMDN,Magden,Magden,AG,--3-----,RL,,4732N 00748E,
CH,CHMGW,Mägenwil,Magenwil,AG,-23-----,RL,,4725N 00814E,
CH,CHMGL,Magliaso,Magliaso,TI,--3-----,RL,,4558N 00853E,
CH,CHMNF,Maienfeld,Maienfeld,GR,--3-----,RL,,4701N 00932E,
CH,CHMAS,Malans,Malans,GR,--3-----,RL,,4658N 00934E,
CH,CHMAY,Malleray,Malleray,BE,--3-----,RL,,4714N 00716E,
CH,CHMAL,Malters,Malters,LU,-23-----,RL,,4702N 00811E,
CH,CHMAM,Mammern,Mammern,TG,--3-----,RL,,4739N 00855E,
CH,CHMDF,Männedorf,Mannedorf,ZH,123-----,RQ,,4725N 00868E,
CH,CHMNN,Manno,Manno,TI,--3-----,RL,,4601N 00854E,
CH,CHMNE,Marin-Epagnier,Marin-Epagnier,NE,-----6--,RL,,4700N 00700E,
CH,CHMRL,Marly,Marly,FR,--3-----,RL,,4647N 00710E,
CH,CHMRO,Maroggia,Maroggia,TI,--3-----,RL,,4555N 00859E,
CH,CHMRS,Marsens,Marsens,FR,--3-----,RL,,4639N 00704E,
CH,CHMAR,Märstetten,Marstetten,TG,--3-----,RL,,4736N 00904E,
CH,CHMRT,Marthalen,Marthalen,ZH,--3-----,RL,,4737N 00839E,
CH,CHMGY,Martigny,Martigny,VS,--3-----,RL,,,
CH,CHVME,Martigny-Ville,Martigny-Ville,VS,-----6--,RL,,4606N 00705E,
CH,CHMAE,Märwil,Marwil,TG,--3-----,RL,,4732N 00904E,
CH,CHMAA,Massagno,Massagno,TI,--3-----,RL,,4601N 00857E,
CH,CHMSX,Massongex,Massongex,VS,--3-----,RL,,4615N 00659E,
CH,CHMAT,Matran,Matran,FR,--3-----,RQ,,4648N 00706E,
CH,CHMTT,Matten bei Interlaken,Matten bei Interlaken,BE,--3-----,RL,,4640N 00752E,
CH,CHMAZ,Matzendorf,Matzendorf,SO,--3-----,RL,,4718N 00737E,
CH,CHMZI,Matzingen,Matzingen,TG,-23--6--,RL,,4731N 00856E,
CH,CHMAU,Maur,Maur,ZH,1-3-----,RL,,4720N 00840E,
CH,CHMED,Medeglia,Medeglia,TI,--3-----,RL,,4607N 00856E,
CH,CHMEG,Meggen,Meggen,LU,--3-----,RL,,4703N 00823E,
CH,CHCHL,Meierskappel,Meierskappel,LU,--3-----,RL,,4707N 00826E,
CH,CHMLN,Meilen,Meilen,ZH,123-----,RL,,4717N 00838E,
CH,CHMIR,Meinier,Meinier,GE,--3-----,RL,,4614N 00614E,
CH,CHMEI,Meiringen,Meiringen,BE,-23-----,RL,,4644N 00811E,
CH,CHMWA,Meisterschwanden,Meisterschwanden,AG,1-3-----,RL,,4717N 00814E,
CH,CHMLO,Melano,Melano,TI,--3-----,RL,,4556N 00900E,
CH,CHLGL,Melchnau,Melchnau,BE,--3-----,RL,,4711N 00751E,
CH,CHJJO,Melide,Melide,,1----6--,RL,,,
CH,CHMLK,Mellikon,Mellikon,AG,--3-----,RL,,4734N 00821E,
CH,CHMLG,Mellingen,Mellingen,AG,--3-----,RL,,4725N 00816E,
CH,CHSMS,Mels,Mels,SG,-----6--,RL,,4703N 00825E,
CH,CHMEN,Mendrisio,Mendrisio,TI,-23-----,RL,,4552N 00859E,
CH,CHMZK,Menziken,Menziken,AG,-23-----,RL,,4715N 00811E,
CH,CHMZN,Menzingen,Menzingen,ZG,-23-----,RL,,4711N 00835E,
CH,CHMZU,Menznau,Menznau,LU,-23-----,RL,,4705N 00802E,
CH,CHMSD,Merenschwand,Merenschwand,AG,-23-----,RL,,4715N 00822E,
CH,CHMHN,Merlischachen,Merlischachen,SZ,--3-----,RL,,4703N 00824E,
CH,CHMTM,Mettembert,Mettembert,JU,--3-----,RQ,,4724N 00719E,
CH,CHAS2,Mettlen,Mettlen,TG,--3-----,RL,,4732N 00907E,
CH,CHMET,Mettmenstetten,Mettmenstetten,ZH,--3-----,RQ,,,
CH,CHMEX,Mex,Mex,VS,--3-----,RL,,4610N 00659E,
CH,CHMEY,Meyrin,Meyrin,GE,--3-----,RL,,4614N 00604E,
CH,CHMEZ,Mezzovico,Mezzovico,TI,0-------,RQ,,,
CH,CHMIG,Miege,Miege,VS,1----6--,RL,,4619N 00733E,
CH,CHMIS,Mies,Mies,VD,-23--6--,RL,,4618N 00610E,
CH,CHMVG,Milvignes,Milvignes,NE,--3-----,RL,,4658N 00652E,
CH,CHMIO,Minusio,Minusio,TI,--3-----,RL,,4611N 00848E,
CH,CHMIT,Mitlödi,Mitlodi,GL,-23-----,RL,,4701N 00904E,
CH,CHMHL,Möhlin,Mohlin,AG,--3-----,RL,,4733N 00751E,
CH,CHMOL,Mollis,Mollis,GL,--3-----,RL,,4705N 00904E,
CH,CHMTF,Mönchaltorf,Monchaltorf,ZH,--3-----,RL,,4719N 00843E,
CH,CHMPN,Mont Pèlerin,Mont Pelerin,VD,--3-----,RL,,4629N 00649E,
CH,CHMLZ,Montbrelloz,Montbrelloz,FR,-----6--,RQ,,4653N 00653E,
CH,CHMDM,Monteggio,Monteggio,TI,--3-----,RL,,4600N 00849E,
CH,CHMTC,Montfaucon,Montfaucon,JU,--3-----,RL,,4717N 00703E,
CH,CHMON,Monthey,Monthey,VS,--3-----,RQ,,,
CH,CHMGZ,Montignez,Montignez,JU,--3-----,RL,,4729N 00703E,
CH,CHMNG,Montlingen,Montlingen,SG,#NAME?,RL,,4720N 00935E,
CH,CHMNT,Montreux,Montreux,VD,--3-----,RL,ZJP,4626N 00655E,
CH,CHVVD,Mont-Sur-Rolle,Mont-Sur-Rolle,VD,--3-----,RL,,4628N 00620E,
CH,CHMLU,Moosleerau,Moosleerau,AG,-23-----,RL,,4716N 00804E,
CH,CHMSF,Moosseedorf,Moosseedorf,BE,--3-----,RL,,4701N 00729E,
CH,CHMOE,Mörel,Morel,VS,-23-----,RL,,4621N 00802E,
CH,CHMOS,Morges,Morges,VD,--3-----,RL,CJQ,,
CH,CHMKN,Möriken,Moriken,AG,-23-----,RL,,4725N 00811E,
CH,CHMOR,Morschach,Morschach,SZ,--3-----,RL,,4659N 00838E,
CH,CHMWL,Mörschwil,Morschwil,SG,-----6--,RL,,4728N 00925E,
CH,CHMSE,Mosen,Mosen,LU,--3--6--,RL,,4715N 00814E,
CH,CHMSG,Mosnang,Mosnang,SG,--3-----,RL,,4722N 00902E,
CH,CHMOT,Môtiers,Motiers,NE,-2-45---,RQ,,4655N 00636E,
CH,CHMOU,Moudon,Moudon,VD,-23-----,RL,,4640N 00648E,
CH,CHMTR,Moutier,Moutier,BE,--3-----,RQ,,,
CH,CHMOV,Movelier,Movelier,JU,--3-----,RL,,4725N 00718E,
CH,CHMUH,Muhen,Muhen,AG,-23-----,RL,,4720N 00803E,
CH,CHMBG,Muhleberg,Muhleberg,BE,--3-----,RL,,4657N 00715E,
CH,CHMHR,Muhlruti,Muhlruti,SG,--3-----,RL,,4722N 00859E,
CH,CHMLL,Müllheim,Mullheim,TG,--3-----,RL,,4736N 00900E,
CH,CHMTG,Mullheim Tg,Mullheim Tg,TG,--3-----,RL,,4736N 00900E,
CH,CHMLW,Mümliswil,Mumliswil,SO,--3-----,RL,,4721N 00742E,
CH,CHMPF,Mumpf,Mumpf,AG,-23--6--,RL,,4733N 00755E,
CH,CHMNB,Münchenbuchsee,Munchenbuchsee,BE,--3-----,RL,,4701N 00726E,
CH,CHMUS,Münchenstein,Munchenstein,BL,--3-----,RL,,4731N 00736E,
CH,CHMWR,Münchenwiler,Munchenwiler,BE,--3-----,RL,,4655N 00707E,
CH,CHMUN,Münchwilen,Munchwilen,AG,--3-----,RL,,4732N 00758E,
CH,CHMWI,Münchwilen,Munchwilen,TG,--3-----,RL,,4728N 00859E,
CH,CHMSN,Münsingen,Munsingen,BE,--3-----,RL,,4652N 00732E,
CH,CHMSL,Münsterlingen,Munsterlingen,TG,--3-----,RL,,4738N 00914E,
CH,CHMYY,Müntschemier,Muntschemier,BE,-23--6--,RL,,4700N 00708E,
CH,CHMUO,Muolen,Muolen,SG,--3-----,RL,,4731N 00919E,
CH,CHMTH,Muotathal,Muotathal,SZ,--3-----,RL,,4658N 00846E,
CH,CHMUG,Murg,Murg,SG,--3-----,RL,,4707N 00913E,
CH,CHMRG,Murgenthal,Murgenthal,AG,--3-----,RL,,4716N 00749E,
CH,CHMUR,Muri,Muri,AG,-23-----,RL,,4716N 00820E,
CH,CHMBB,Muri bei Bern,Muri bei Bern,BE,--3-----,RL,,4655N 00729E,
CH,CHMTN,Murten,Murten,FR,--3-----,RL,,4656N 00706E,
CH,CHMSR,Müstair,Mustair,GR,--3-----,RL,,4638N 01026E,
CH,CHMUW,Müswangen,Muswangen,LU,--3-----,RL,,4714N 00817E,
CH,CHMUT,Muttenz,Muttenz,BL,--3-----,RQ,,,
CH,CHMUZ,Muzzano,Muzzano,TI,--3-----,RL,,,
CH,CHNEF,Näfels,Nafels,GL,123-----,RL,,4706N 00904E,
CH,CHNKN,Nänikon,Nanikon,ZH,--3-----,RL,,,
CH,CHNAT,Naters,Naters,VS,--3-----,RL,,4620N 00759E,
CH,CHNBK,Nebikon,Nebikon,LU,--3-----,RL,,,
CH,CHNRH,Neerach,Neerach,ZH,--3-----,RL,,4730N 00828E,
CH,CHNFH,Neftenbach,Neftenbach,ZH,--3-----,RL,,4732N 00840E,
CH,CHNDZ,Nendaz,Nendaz,VS,--3-----,RL,,4611N 00718E,
CH,CHNES,Nesslau,Nesslau,SG,-23-----,RL,,4713N 00912E,
CH,CHNTL,Netstal,Netstal,GL,--3-----,RL,,4703N 00903E,
CH,CHQNC,Neuchâtel,Neuchatel,NE,--3-----,RL,,4700N 00656E,
CH,CHNER,Neudorf,Neudorf,LU,--3-----,RQ,,4710N 00812E,
CH,CHNEU,Neuendorf,Neuendorf,SO,--3-----,RQ,,,
CH,CHNGG,Neuenegg,Neuenegg,BE,-23-----,RL,,4654N 00717E,
CH,CHNHF,Neuenhof,Neuenhof,AG,--3-----,RL,,4727N 00819E,
CH,CHNEK,Neuenkirch,Neuenkirch,LU,--3-----,RL,,4706N 00812E,
CH,CHNUS,Neuhaus,Neuhaus,SG,--3--6--,RL,,4641N 00749E,
CH,CHNHR,Neuhausen am Rheinfall,Neuhausen am Rheinfall,SH,--3--6--,RL,,4741N 00837E,
CH,CHNHM,Neuheim,Neuheim,ZG,--3-----,RL,,4712N 00835E,
CH,CHNKS,Neunkirch,Neunkirch,SH,-----6--,RL,,4741N 00829E,
CH,CHNEN,Neuwilen,Neuwilen,TG,-----6--,RQ,,4761N 00907E,
CH,CHNYZ,Neyruz,Neyruz,FR,--3-----,RL,,4647N 00704E,
CH,CHNDU,Nidau,Nidau,BE,--3-----,RL,,4707N 00714E,
CH,CHNDB,Niederbipp,Niederbipp,BE,1----6--,RL,,4716N 00741E,
CH,CHNRN,Niederbuchsiten,Niederbuchsiten,SO,-----6--,RL,,4717N 00746E,
CH,CHNIE,Niederbüren,Niederburen,SG,--3-----,RL,,4727N 00912E,
CH,CHNBA,Niedererlinsbach,Niedererlinsbach,SO,--3-----,RL,,4724N 08000E,
CH,CHNTT,Niederglatt,Niederglatt,,0-------,RQ,,,SG? ZH?
CH,CHNDG,Niedergösgen,Niedergosgen,SO,--3--6--,RL,,4722N 00758E,
CH,CHNHI,Niederhasli,Niederhasli,ZH,-23-----,RL,,4729N 00829E,
CH,CHNLZ,Niederlenz,Niederlenz,AG,--3-----,RQ,,,
CH,CHNDR,Niederönz,Niederonz,BE,--3--6--,RL,,4716N 00707E,
CH,CHNHO,Niederrohrdorf,Niederrohrdorf,AG,--3-----,RL,,4725N 00818E,
CH,CHNUN,Niederurnen,Niederurnen,GL,--3-----,RQ,,,
CH,CHNRL,Niederuzwil,Niederuzwil,SG,-23-----,RL,,4726N 00907E,
CH,CHNWA,Niederwangen,Niederwangen,BE,--3-----,RL,,4655N 00722E,
CH,CHNWG,Niederweningen,Niederweningen,ZH,--3-----,RQ,,,
CH,CHNWT,Niederwichtrach,Niederwichtrach,BE,--3--6--,RL,,4651N 00734E,
CH,CHNOR,Noranco,Noranco,TI,--3-----,RL,,4559N 00855E,
CH,CHNOT,Nottwil,Nottwil,LU,-23-----,RL,,,
CH,CHNOZ,Novazzano,Novazzano,TI,--3-----,RL,,4550N 00858E,
CH,CHNUG,Nunningen,Nunningen,SO,--3-----,RL,,4724N 00736E,
CH,CHNRO,Nürensdorf,Nurensdorf,ZH,--3-----,RL,,4727N 00839E,
CH,CHNBB,Nussbaumen bei Baden,Nussbaumen bei Baden,AG,--3-----,RL,,4729N 00817E,
CH,CHNYO,Nyon,Nyon,VD,--3-----,RL,ZRN,4623N 00613E,
CH,CHORA,Oberaach,Oberaach,TG,-23-----,RL,,4733N 00916E,
CH,CHOGI,Oberägeri,Oberageri,ZG,--3-----,RQ,,,
CH,CHOBP,Oberbipp,Oberbipp,BE,-23-----,RL,,4716N 00740E,
CH,CHOBB,Oberbuchsiten,Oberbuchsiten,SO,--3-----,RL,,4718N 00745E,
CH,CHOBN,Oberbüren,Oberburen,BE,--3-----,RL,,4708N 00723E,
CH,CHOEN,Oberbüren,Oberburen,SG,-----6--,RL,,4727N 00910E,
CH,CHOBU,Oberburg,Oberburg,BE,-23-----,RL,,4703N 00737E,
CH,CHODI,Oberdiessbach,Oberdiessbach,BE,-23-----,RL,,4650N 00737E,
CH,CHOEG,Oberengstringen,Oberengstringen,ZH,--3-----,RL,,4724N 00827E,
CH,CHOFE,Oberentfelden,Oberentfelden,AG,-23-----,RL,,4721N 00803E,
CH,CHGEN,Obergerlafingen,Obergerlafingen,SO,--3--6--,RL,,4710N 00734E,
CH,CHORG,Oberglatt,Oberglatt,ZH,-23-----,RL,,4729N 00830E,
CH,CHOGN,Obergösgen,Obergosgen,SO,--3-----,RL,,4722N 00757E,
CH,CHOHI,Oberhasli,Oberhasli,BE,--3-----,RL,,,
CH,CHOBK,Oberkirch,Oberkirch,LU,--3-----,RL,,4709N 00807E,
CH,CHOBM,Oberkulm,Oberkulm,AG,--3-----,RL,,4717N 00807E,
CH,CHOLH,Oberlunkhofen,Oberlunkhofen,AG,--3-----,RL,,4718N 00823E,
CH,CHORF,Oberneunforn,Oberneunforn,TG,--3-----,RL,,4736N 00846E,
CH,CHODB,Oberried am Brienzersee,Oberried am Brienzersee,BE,123-----,RL,,4644N 00757E,
CH,CHORN,Oberrieden,Oberrieden,ZH,--3-----,RL,,,
CH,CHORT,Oberriet,Oberriet,SG,-23-----,RL,,4719N 00934E,
CH,CHORD,Oberrohrdorf,Oberrohrdorf,AG,--3-----,RL,,4725N 00819E,
CH,CHXUU,Oberruti,Oberruti,AG,--3-----,RL,,4709N 00823E,
CH,CHOBS,Obersaxen,Obersaxen,GR,--3-----,RL,,4645N 00906E,
CH,CHURH,Ober-Stammheim,Ober-Stammheim,ZH,--3-----,RL,,4738N 00848E,
CH,CHOBE,Oberuzwil,Oberuzwil,SG,0-------,RQ,,,
CH,CHOBG,Oberwangen,Oberwangen,TG,--3-----,RL,,4655N 00721E,
CH,CHOBL,Oberwil,Oberwil,BL,-23-----,RL,,4731N 00733E,
CH,CHOLI,Oberwil-Lieli,Oberwil-Lieli,AG,--3-----,RL,,4720N 00824E,
CH,CHOFD,Obfelden,Obfelden,ZH,--3-----,RL,,4716N 00825E,
CH,CHOSN,Oensingen,Oensingen,SO,-23-----,RL,,4718N 00743E,
CH,CHOES,Oeschgen,Oeschgen,AG,--3-----,RL,,4731N 00801E,
CH,CHOLS,Oetwil am See,Oetwil am See,ZH,--3-----,RL,,4716N 00843E,
CH,CHOET,Oetwil an der Limmat,Oetwil an der Limmat,ZH,--3-----,RL,,4726N 00823E,
CH,CHOFT,Oftringen,Oftringen,AG,--3-----,RL,,4719N 00755E,
CH,CHVOO,Ogens,Ogens,VD,--3-----,RL,,4643N 00643E,
CH,CHOLV,Olivone,Olivone,TI,--3-----,RL,,4632N 00857E,
CH,CHOLO,Ollon,Ollon,VD,-23-----,RL,,4618N 00659E,
CH,CHOLT,Olten,Olten,SO,--3-----,RQ,,,
CH,CHONX,Onex,Onex,GE,--3--6--,RL,,4611N 00606E,
CH,CHONS,Onnens,Onnens,VD,--3-----,RL,,4650N 00641E,
CH,CHOFN,Opfikon,Opfikon,ZH,--3-----,RL,,4726N 00834E,
CH,CHOPS,Oppens,Oppens,VD,--3-----,RL,,4643N 00642E,
CH,CHORE,Orbe,Orbe,VD,--3-----,RL,,4643N 00631E,
CH,CHOGS,Orges,Orges,VD,--3-----,RL,,4649N 00635E,
CH,CHOLG,Ormalingen,Ormalingen,BL,--3-----,RL,,4728N 00752E,
CH,CHORV,Oron-la-ville,Oron-la-ville,VD,--3-----,RL,,4634N 00648E,
CH,CHORP,Orpund,Orpund,BE,--3-----,RL,,4708N 00718E,
CH,CHOVN,Orvin,Orvin,BE,-----6--,RL,,4709N 00712E,
CH,CHOBA,Ospizio Bernina,Ospizio Bernina,GR,--3-----,RL,,4626N 01000E,
CH,CHOSG,Ossingen,Ossingen,ZH,--3-----,RQ,,4737N 00843E,
CH,CHOMD,Ostermundigen,Ostermundigen,BE,--3-----,RL,,4657N 00729E,
CH,CHOFG,Otelfingen,Otelfingen,ZH,--3-----,RL,,,
CH,CHOTH,Othmarsingen,Othmarsingen,AG,--3-----,RL,,4724N 00813E,
CH,CHOTT,Ottenbach,Ottenbach,ZH,--3-----,RL,,4717N 00824E,
CH,CHOEH,Oulens-sous-Echallens,Oulens-sous-Echallens,VD,--3--6--,RL,,4639N 00635E,
CH,CHPVD,Palezieux,Palezieux,VD,--3-----,RL,,4633N 00650E,
CH,CHPDO,Paradiso,Paradiso,TI,-----6--,RL,,4559N 00857E,
CH,CHVPD,Paudex,Paudex,VD,--3-----,RL,,4630N 00640E,
CH,CHPYE,Payerne,Payerne,VD,--3-----,RL,,4649N 00656E,
CH,CHPHZ,Penthalaz,Penthalaz,VD,-23--6--,RL,,4637N 00632E,
CH,CHPEN,Penthaz,Penthaz,VD,-23-----,RL,,4636N 00633E,
CH,CHLPE,Perlen,Perlen,LU,-----6--,RL,,4707N 00822E,
CH,CHPCX,Perly-Certoux,Perly-Certoux,GE,--3-----,RL,,4609N 00605E,
CH,CHPEO,Perroy,Perroy,VD,--3-----,RL,,4828N 00622E,
CH,CHPER,Pery,Pery,BE,-----6--,RL,,4712N 00715E,
CH,CHPES,Peseux,Peseux,NE,--3-----,RL,,4659N 00653E,
CH,CHPET,Petit-Lancy,Petit-Lancy,GE,-23-----,RL,,4612N 00608E,
CH,CHPEY,Peyres-Possens,Peyres-Possens,VD,--3-----,RL,,4640N 00642E,
CH,CHPFF,Pfaffhausen,Pfaffhausen,ZH,--3-----,RL,,4722N 00837E,
CH,CHPFK,Pfäffikon,Pfaffikon,SZ,--3-----,RL,,4712N 00846E,
CH,CHPFA,Pfäffikon,Pfaffikon,ZH,--3-----,RL,,4722N 00847E,
CH,CHPFU,Pfaffnau,Pfaffnau,LU,--3-----,RL,,4714N 00754E,
CH,CHZPN,Pfungen,Pfungen,ZH,-----6--,RL,,4731N 00838E,
CH,CHPFY,Pfyn,Pfyn,TG,--3-----,RL,,4736N 00858E,
CH,CHPRL,Pieterlen,Pieterlen,BE,-23-----,RL,,4711N 00720E,
CH,CHPFN,Plaffeien,Plaffeien,FR,--3-----,RL,,4645N 00717E,
CH,CHPLO,Plan-les-Ouates,Plan-les-Ouates,GE,--3-----,RL,,4610N 00607E,
CH,CHPLA,Plasselb,Plasselb,FR,--3-----,RL,,4644N 00715E,
CH,CHPLG,Poliez-le-Grand,Poliez-le-Grand,VD,--3-----,RL,,4638N 00640E,
CH,CHPLL,Pollegio,Pollegio,TI,-----6--,RL,,4621N 00856E,
CH,CHPPA,Pompaples,Pompaples,VD,--3-----,RL,,4640N 00631E,
CH,CHPTR,Pontresina,Pontresina,GR,--3-----,RL,ZJV,4629N 00954E,
CH,CHPRY,Porrentruy,Porrentruy,JU,--3-----,RL,,4725N 00705E,
CH,CHPOT,Port,Port,BE,--3-----,RL,,4707N 00715E,
CH,CHPTD,Portalban-Dessous,Portalban-Dessous,FR,--3-----,RL,,4655N 00657E,
CH,CHPOR,Porto Ronco,Porto Ronco,TI,1-3-----,RL,,4608N 00844E,
CH,CHPRZ,Porza,Porza,TI,--3-----,RL,,4600N 00857E,
CH,CHPOS,Posieux,Posieux,FR,--3-----,RL,,4646N 00706E,
CH,CHPGS,Prangins,Prangins,VD,-23-----,RL,,4624N 00615E,
CH,CHPRD,Praratoud,Praratoud,FR,--3-----,RL,,4645N 00652E,
CH,CHATT,Pratteln,Pratteln,BL,--3-----,RQ,,,
CH,CHPRA,Praz,Praz,FR,--3-----,RL,,4657N 00706E,
CH,CHPRS,Préverenges,Preverenges,VD,--3-----,RL,,4631N 00631E,
CH,CHPRI,Prilly,Prilly,VD,--3-----,RL,,4632N 00635E,
CH,CHPDX,Puidoux,Puidoux,VD,--3-----,RL,,4630N 00647E,
CH,CHPLY,Pully,Pully,VD,--3-----,RL,,,
CH,CHPUB,Puplinge,Puplinge,GE,--3-----,RL,,4612N 00613E,
CH,CHQUA,Quartino,Quartino,TI,--3-----,RL,,4609N 00853E,
CH,CHRFZ,Rafz,Rafz,ZH,-23-----,RQ,,,
CH,CHRAM,Ramsen,Ramsen,SH,--3-----,RQ,,,
CH,CHRCT,Rancate,Rancate,TI,--3-----,RQ,,,
CH,CHZJW,Rapperswil,Rapperswil,SG,--3-----,RL,,4714N 00850E,
CH,CHRRN,Raron,Raron,VS,123-----,RL,,4618N 00748E,
CH,CHRTA,Realta,Realta,GR,--3-----,RL,,4645N 00925E,
CH,CHRBV,Rebeuvelier,Rebeuvelier,JU,--3-----,RL,,4720N 00725E,
CH,CHRBS,Rebstein,Rebstein,SG,--3-----,RL,,4724N 00935E,
CH,CHRCK,Reckingen,Reckingen,VS,--3-----,RL,,4628N 00814E,
CH,CHVIX,Reconvilier,Reconvilier,BE,-----6--,RL,,4714N 00713E,
CH,CHRGF,Regensdorf,Regensdorf,ZH,-23-----,RQ,,,
CH,CHREH,Rehetobel,Rehetobel,SG,--3-----,RL,,4725N 00929E,
CH,CHRNB,Reichenbach,Reichenbach,BE,123-----,RL,,4637N 00741E,
CH,CHRBG,Reichenburg,Reichenburg,SZ,--3-----,RL,,,
CH,CHREI,Reiden,Reiden,LU,--3-----,RL,,4715N 00758E,
CH,CHREN,Reinach,Reinach,AG,-23-----,RL,,4716N 00811E,
CH,CHRCH,Reinach,Reinach,BL,--3-----,RL,,4729N 00735E,
CH,CHRTN,Reitnau,Reitnau,AG,--3-----,RL,,4715N 00803E,
CH,CHRKG,Rekingen,Rekingen,AG,-23-----,RL,,4734N 00819E,
CH,CHRMF,Remaufens,Remaufens,FR,--3-----,RL,,,
CH,CHRMG,Remigen,Remigen,AG,--3-----,RL,,4731N 00811E,
CH,CHRNN,Renan,Renan,BE,--3-----,RL,,4707N 00655E,
CH,CHRHW,Renens,Renens,VD,--3-----,RL,,,
CH,CHRBU,Reussbühl,Reussbuhl,LU,--3-----,RL,,4704N 00817E,
CH,CHREU,Reutigen,Reutigen,BE,--3-----,RL,,4642N 00737E,
CH,CHREV,Reverolle,Reverolle,VD,--3-----,RL,,4632N 00626E,
CH,CHRNK,Rheineck,Rheineck,SG,--3-----,RL,,4728N 00935E,
CH,CHRFD,Rheinfelden,Rheinfelden,AG,-23-----,RQ,,,
CH,CHRZO,Riazzino,Riazzino,TI,--3-----,RL,,4610N 00853E,
CH,CHRIC,Richterswil,Richterswil,ZH,--3-----,RL,,4713N 00842E,
CH,CHRBH,Rickenbach,Rickenbach,SO,--3-----,RL,,4720N 00751E,
CH,CHRHI,Rickenbach,Rickenbach,TG,--3-----,RL,,4727N 00904E,
CH,CHRKB,Rickenbach-Attikon,Rickenbach-Attikon,ZH,-23-----,RL,,4733N 00847E,
CH,CHRID,Riddes,Riddes,VS,-23-----,RL,,4610N 00714E,
CH,CHRBK,Ried bei Kerzers,Ried bei Kerzers,FR,--3-----,RL,,4657N 00711E,
CH,CHRDN,Riedern,Riedern,GL,--3-----,RL,,4703N 00903E,
CH,CHRIE,Riedholz,Riedholz,SO,-23-----,RL,,4714N 00734E,
CH,CHRHN,Riehen,Riehen,BS,--3-----,RL,,4735N 00738E,
CH,CHRIF,Rifferswil,Rifferswil,ZH,--3-----,RL,,4714N 00828E,
CH,CHZ5R,Rikon,Rikon,ZG,--3-----,RL,,4727N 00847E,
CH,CHXXX,RIS Inland waterways,RIS Inland waterways,,1-------,AI,,,
CH,CHRSV,Riva San Vitale,Riva San Vitale,TI,--3-----,RL,,4654N 00858E,
CH,CHRVZ,Rivaz,Rivaz,VD,--3-----,RL,,4629N 00647E,
CH,CHRDD,Rodersdorf,Rodersdorf,SO,-----6--,RL,,4729N 00727E,
CH,CHRWL,Roggliswil,Roggliswil,LU,--3-----,RL,,,
CH,CHRGW,Roggwil,Roggwil,BE,-23-----,RL,,4714N 00749E,
CH,CHROW,Roggwil,Roggwil,TG,--3-----,RL,,4730N 00923E,
CH,CHROH,Rohrbach,Rohrbach,BE,--3-----,RL,,4708N 00749E,
CH,CHROL,Rolle,Rolle,VD,-23-----,RL,,4628N 00619E,
CH,CHRSL,Romanel-sur-Lausanne,Romanel-sur-Lausanne,VD,-----6--,RL,,4633N 00636E,
CH,CHRSM,Romanel-sur-Morges,Romanel-sur-Morges,VD,--3-----,RL,,4633N 00630E,
CH,CHRMH,Romanshorn,Romanshorn,TG,123----B,RL,,4734N 00923E,
CH,CHROM,Romont,Romont,FR,--3-----,RQ,,,
CH,CHROO,Root,Root,LU,-23-----,RL,,4705N 00823E,
CH,CHROP,Ropraz,Ropraz,VD,--3-----,RL,,4637N 00645E,
CH,CHRRB,Rorbas,Rorbas,ZH,--3-----,RL,,4732N 00835E,
CH,CHRRC,Rorschach,Rorschach,SG,--3-----,RL,ZJZ,4728N 00929E,
CH,CHROR,Rorschacherberg,Rorschacherberg,SG,--3-----,RL,,4728N 00930E,
CH,CHROS,Rossens,Rossens,FR,--3-----,RL,,4643N 00706E,
CH,CHRER,Rossiniere,Rossiniere,VD,--3-----,RL,,4628N 00750E,
CH,CHROT,Rothenburg,Rothenburg,LU,--3-----,RL,,4705N 00816E,
CH,CHRTM,Rothenthurm,Rothenthurm,SZ,--3-----,RL,,4706N 00841E,
CH,CHRTR,Rothrist,Rothrist,AG,--3-----,RL,,4718N 00753E,
CH,CHRTZ,Rotkreuz,Rotkreuz,ZG,-23-----,RL,,4708N 00826E,
CH,CHRGT,Rougemont,Rougemont,VD,1----6--,RL,,4629N 00713E,
CH,CHROV,Roveredo,Roveredo,GR,--3-----,RL,,4614N 00908E,
CH,CHRUB,Rubigen,Rubigen,BE,--3-----,RL,,4654N 00732E,
CH,CHRUD,Rudolfstetten,Rudolfstetten,AG,--3-----,RL,,4722N 00823E,
CH,CHRAH,Rüdtligen-Alchenflüh,Rudtligen-Alchenfluh,BE,-----6--,RL,,4705N 00734E,
CH,CHEGB,Rüeggisberg,Rueggisberg,BE,-----6--,RL,,4649N 00726E,
CH,CHRUE,Rüegsauschachen,Ruegsauschachen,BE,--3-----,RL,,,
CH,CHRES,Rueyres,Rueyres,FR,--3-----,RL,,4639N 00657E,
CH,CHRFH,Rüfenacht,Rufenacht,BE,--3-----,RL,,4655N 00731E,
CH,CHRMK,Rumikon,Rumikon,AG,--3-----,RL,,4734N 00822E,
CH,CHRMA,Rümlang,Rumlang,ZH,-23-----,RL,,4727N 00832E,
CH,CHRPP,Rupperswil,Rupperswil,AG,--3-----,RL,,4724N 00807E,
CH,CHRUG,Rüschegg,Ruschegg,BE,--3-----,RL,,4646N 00723E,
CH,CHRSN,Rüschlikon,Ruschlikon,ZH,-----6--,RL,,4718N 00833E,
CH,CHRSS,Russikon,Russikon,ZH,--3-----,RL,,4724N 00846E,
CH,CHRSW,Ruswil,Ruswil,LU,--3-----,RL,,4705N 00807E,
CH,CHRTH,Rüthi,Ruthi,SG,--3-----,RL,,,
CH,CHRTI,Rüti,Ruti,,--3-----,RQ,,,BE? GL?
CH,CHRUI,Rüti,Ruti,ZH,--3-----,RL,,,
CH,CHRTB,Rüti bei Büren,Ruti bei Buren,BE,--3-----,RQ,,4716N 00851E,
CH,CHRLA,Ruvigliana,Ruvigliana,TI,--3--6--,RL,,4600N 00859E,
CH,CHSAA,Saanen,Saanen,BE,--3-----,RL,,4629N 00715E,
CH,CHSFE,Saas-Fee,Saas-Fee,VS,--3-----,RL,ZKI,4607N 00755E,
CH,CHOSA,Sachseln,Sachseln,OW,-----6--,RL,,4652N 00814E,
CH,CHSAF,Safenwil,Safenwil,AG,--3-----,RQ,,,
CH,CHSFR,Safnern,Safnern,BE,--3-----,RL,,4709N 00719E,
CH,CHSGL,Saignelégier,Saignelegier,JU,--3-----,RL,,4715N 00700E,
CH,CHSAB,Saint Blaise,Saint Blaise,NE,--3-----,RL,,4701N 00658E,
CH,CHSMV,Saint Moritz,Saint Moritz,GR,--3-----,RL,,4630N 00950E,
CH,CHSAS,Saint-Aubin-Sauges,Saint-Aubin-Sauges,NE,1-3--6--,RL,,4653N 00646E,
CH,CHVCC,Saint-Barthelemy,Saint-Barthelemy,VD,--3-----,RL,,4638N 00636E,
CH,CHSCX,Sainte Croix,Sainte Croix,VD,-23-----,RL,,4649N 00630E,
CH,CHSIM,Saint-Imier,Saint-Imier,BE,-23-5---,RQ,,4709N 00700E,
CH,CHSEC,Saint-Légier-La Chiésaz,Saint-Legier-La Chiesaz,VD,-23--6--,RL,,4628N 00653E,
CH,CHSPR,Saint-Prex,Saint-Prex,VD,--3-----,RL,,4629N 00628E,
CH,CHSSV,Saint-Sulpice,Saint-Sulpice,VD,1----6--,RL,,4631N 00634E,
CH,CHSUN,Saint-Ursanne,Saint-Ursanne,JU,-23-----,RL,,4722N 00709E,
CH,CHSVX,Salavaux,Salavaux,VD,-----6--,RL,,4655N 00701E,
CH,CHTTG,Salenstein,Salenstein,TG,1----6--,RL,,4740N 00903E,
CH,CHSLS,Sales,Sales,FR,--3-----,RL,,4638N 00658E,
CH,CHGES,Salgesch,Salgesch,,--3-----,RL,,,
CH,CHSAL,Salmsach,Salmsach,TG,--3-----,RL,,4733N 00922E,
CH,CHSLN,Salvan,Salvan,VS,--3-----,RL,,4607N 00701E,
CH,CHSAM,Samedan,Samedan,GR,--3-----,RL,,4632N 00952E,
CH,CHSST,Samstagern,Samstagern,ZH,--3-----,RL,,4712N 00841E,
CH,CHSVI,San Vittore,San Vittore,GR,-----6--,RL,,4614N 00907E,
CH,CHQGL,Sankt Gallen,Sankt Gallen,SG,--34----,RQ,,,
CH,CHSTM,Sankt Margrethen,Sankt Margrethen,SG,--3-----,RQ,,,
CH,CHSMA,Sankt Maurice,Sankt Maurice,VS,-23-----,RL,,4613N 00659E,
CH,CHNKL,Sankt Niklaus,Sankt Niklaus,VS,--3-----,RL,,4610N 00747E,
CH,CHSMI,Santa Maria,Santa Maria,GL,--3-----,RL,,4636N 01025E,
CH,CHSBD,Sant'Abbondio,Sant'Abbondio,TI,--3-----,RL,,,
CH,CHSNO,Sant'Antonino,Sant'Antonino,TI,-23-----,RL,,4609N 00858E,
CH,CHSAR,Sargans,Sargans,SG,--3-----,RL,ZKA,4703N 00925E,
CH,CHSNN,Sarnen,Sarnen,OW,-23-----,RQ,,,
CH,CHSAT,Satigny,Satigny,GE,-23-----,RL,,4613N 00602E,
CH,CHSVS,Savièse,Saviese,VS,--3-----,RL,,4615N 00721E,
CH,CHSAV,Savigny,Savigny,VD,--3-----,RL,,4633N 00644E,
CH,CHSVG,Savognin,Savognin,GR,--3-----,RQ,,4636N 00936E,
CH,CHSVA,Savosa,Savosa,TI,--3-----,RL,,4601N 00856E,
CH,CHSXN,Saxon,Saxon,VS,-23-----,RL,,4609N 00711E,
CH,CHSHH,Schachen,Schachen,LU,-23-----,RL,,4702N 00808E,
CH,CHSCH,Schaffhausen,Schaffhausen,SH,--3-----,RQ,,,
CH,CHSFM,Schafisheim,Schafisheim,AG,--3--6--,RL,,4723N 00808E,
CH,CHSNU,Schangnau,Schangnau,BE,--3-----,RL,,4650N 00751E,
CH,CHSNS,Schanis,Schanis,SG,--3-----,RL,,4709N 00903E,
CH,CHUSF,Schattdorf,Schattdorf,UR,-----6--,RL,,4652N 00839E,
CH,CHSEN,Schenkon,Schenkon,LU,1-3-----,RL,,4710N 00808E,
CH,CHSRZ,Scherz,Scherz,AG,--3-----,RL,,4727N 00811E,
CH,CHSCG,Scherzingen,Scherzingen,TG,--3-----,RL,,4738N 00912E,
CH,CHSC9,Schiers,Schiers,GR,--3-----,RL,,4658N 00941E,
CH,CHSGI,Schindellegi,Schindellegi,SZ,--3-----,RL,,4710N 00842E,
CH,CHSNB,Schinznach Bad,Schinznach Bad,AG,--3--6--,RL,,4726N 00810E,
CH,CHSCD,Schinznach Dorf,Schinznach Dorf,AG,--3-----,RL,,4727N 00808E,
CH,CHSHT,Schlatt,Schlatt,TG,-----6--,RQ,,4739N 00842E,
CH,CHSLI,Schlattingen,Schlattingen,TG,--3-----,RL,,4740N 00845E,
CH,CHSHR,Schlieren,Schlieren,ZH,-23-----,RQ,,,
CH,CHSMK,Schmerikon,Schmerikon,SG,123-----,RL,,4714N 00856E,
CH,CHSCK,Schmerikon,Schmerikon,SZ,-----6--,RQ,,4713N 00856E,
CH,CHSCM,Schmitten,Schmitten,FR,--3-----,RL,,4652N 00715E,
CH,CHSNG,Schoenenberg,Schoenenberg,ZH,-----6--,RL,,4711N 00838E,
CH,CHSFL,Schöftland,Schoftland,AG,--3-----,RL,,4718N 00803E,
CH,CHSBL,Schönbühl,Schonbuhl,BE,-23-----,RL,,4701N 00729E,
CH,CHSGT,Schönenberg,Schonenberg,TG,--3-----,RL,,4731N 00911E,
CH,CHSBC,Schönenbuch,Schonenbuch,BL,--3-----,RL,,4732N 00729E,
CH,CHSOH,Schönenbuch,Schonenbuch,BL,--3-----,RL,,4732N 00729E,
CH,CHSHB,Schönengrund,Schonengrund,AR,--3-----,RL,,4719N 00914E,
CH,CHSWD,Schönenwerd,Schonenwerd,SO,-23-----,RL,,4722N 00800E,
CH,CHSOE,Schonried,Schonried,BE,-----6--,RQ,,4630N 07170E,
CH,CHSHZ,Schotz,Schotz,LU,--3-----,RL,,4710N 00759E,
CH,CHSBB,Schübelbach,Schubelbach,SZ,-23-----,RL,,4710N 00856E,
CH,CHSBH,Schüpbach,Schupbach,BE,--3-----,RL,,4655N 00744E,
CH,CHSFN,Schüpfen,Schupfen,BE,-23-----,RL,,4702N 00723E,
CH,CHSPF,Schüpfheim,Schupfheim,LU,-23-----,RL,,4657N 00801E,
CH,CHSDR,Schwadernau,Schwadernau,BE,--3-----,RL,,4707N 00718E,
CH,CHSDN,Schwanden,Schwanden,GL,-23-----,RL,,4700N 00905E,
CH,CHSWH,Schwarzenbach,Schwarzenbach,SG,--3-----,RL,,4726N 00904E,
CH,CHSZB,Schwarzenburg,Schwarzenburg,BE,-23-----,RL,,4650N 00720E,
CH,CHWEI,Schweizerhalle,Schweizerhalle,BL,-----6--,RL,,4732N 00740E,
CH,CHSCW,Schwellbrunn,Schwellbrunn,AR,--3-----,RL,,4722N 00915E,
CH,CHSWB,Schwerzenbach,Schwerzenbach,ZH,--3-----,RL,,4722N 00839E,
CH,CHSCZ,Schwyz,Schwyz,SZ,--3-----,RL,ZKK,,
CH,CHSCU,Scuol,Scuol,GR,-23-----,RL,,4648N 01018E,
CH,CHSEE,Seegraeben,Seegraeben,ZH,-----6--,RL,,4720N 00846E,
CH,CHSGZ,Seengen,Seengen,AG,--3-----,RL,,4720N 00813E,
CH,CHSWE,Seewen,Seewen,SO,--3-----,RL,,4726N 00740E,
CH,CHSWN,Seewen,Seewen,SZ,-23-----,RL,,4702N 00837E,
CH,CHSEF,Seftigen,Seftigen,BE,--3-----,RL,,4647N 00732E,
CH,CHSLZ,Selzach,Selzach,SO,-23-----,RL,,4712N 00726E,
CH,CHSMB,Sembrancher,Sembrancher,VS,--3-----,RL,,4604N 00709E,
CH,CHSPA,Sempach,Sempach,LU,--3--6--,RL,,4708N 00812E,
CH,CHSPS,Sempach Station,Sempach Station,LU,--3--6--,RQ,,4706N 00811E,
CH,CHSEM,Semsales,Semsales,FR,--3-----,RL,,4635N 00656E,
CH,CHZSF,Sennhof,Sennhof,ZH,--3-----,RL,,4728N 00845E,
CH,CHSND,Sennwald,Sennwald,SG,-23-----,RL,,4716N 00930E,
CH,CHSNT,Sent,Sent,GR,--3-----,RQ,,4649N 01020E,
CH,CHSEO,Seon,Seon,AG,--3-----,RL,,4721N 00809E,
CH,CHSUZ,Seuzach,Seuzach,ZH,-----6--,RL,,4732N 00843E,
CH,CHSVZ,Sévaz,Sevaz,FR,--3-----,RL,,4650N 00652E,
CH,CHSVN,Sevelen,Sevelen,SG,--3-----,RL,,,
CH,CHSBN,Siebnen,Siebnen,SZ,--3-----,RQ,,4711N 00854E,
CH,CHSIE,Siegershausen,Siegershausen,TG,--3-----,RL,,4737N 00909E,
CH,CHSRR,Sierre,Sierre,VS,--3-----,RL,ZKO,4618N 00732E,
CH,CHSGO,Sigirino,Sigirino,TI,-----6--,RQ,,4605N 00855E,
CH,CHFGT,Siglistorf,Siglistorf,AG,--3-----,RL,,4733N 00822E,
CH,CHSIY,Signy-Avenex,Signy-Avenex,VD,--3-----,RL,,4623N 00612E,
CH,CHSRU,Sihlbrugg,Sihlbrugg,ZG,-23--6--,RL,,4711N 00835E,
CH,CHSHG,Sihlbrugg Dorf,Sihlbrugg Dorf,ZG,--3--6--,RL,,4712N 00834E,
CH,CHSVP,Silvaplana,Silvaplana,GR,-----6--,RL,,4627N 00947E,
CH,CHSIN,Sins,Sins,AG,--3-----,RL,,4712N 00823E,
CH,CHSIR,Sion,Sion,VS,--34----,RL,,4615N 00721E,
CH,CHSNH,Sirnach,Sirnach,TG,-23-----,RL,,4728N 00900E,
CH,CHSSH,Sissach,Sissach,BL,-----6--,RL,,4728N 00747E,
CH,CHSIS,Sisseln,Sisseln,AG,--3-----,RL,,4733N 00800E,
CH,CHSSS,Sisseln AG,Sisseln AG,BL,--3-----,RQ,,4733N 00759E,
CH,CHSID,Sitterdorf,Sitterdorf,TG,-23--6--,RL,,4730N 00915E,
CH,CHFSZ,Siviriez,Siviriez,FR,-----6--,RL,,4640N 00652E,
CH,CHSOO,Solothurn,Solothurn,SO,--3-----,RL,ZKS,4713N 00732E,
CH,CHSOM,Someo,Someo,TI,-23-----,RL,,4617N 00840E,
CH,CHSMM,Sommeri,Sommeri,TG,--3-----,RL,,4734N 00917E,
CH,CHSZS,Sonceboz-Sombeval,Sonceboz-Sombeval,BE,-23-----,RL,,4712N 00711E,
CH,CHSOR,Sorens,Sorens,FR,-23-----,RL,,4641N 00703E,
CH,CHSOY,Soyhieres,Soyhieres,JU,--3-----,RL,,4724N 00722E,
CH,CHSCR,Speicher,Speicher,AR,--3-----,RL,,4724N 00927E,
CH,CHSPZ,Spiez,Spiez,BE,-23-----,RL,,4641N 00741E,
CH,CHSPB,Spreitenbach,Spreitenbach,AG,--3-----,RL,,4725N 00822E,
CH,CHNLS,St Niklausen,St Niklausen,OW,--3-----,RL,,4652N 00816E,
CH,CHANT,St. Antoni,St. Antoni,FR,--3-----,RL,,4649N 00716E,
CH,CHURS,St. Ursen,St. Ursen,FR,--3-----,RL,,4647N 00713E,
CH,CHSBO,Stabio,Stabio,TI,--3-----,RQ,,,
CH,CHSDL,Stadel,Stadel,ZH,--3-----,RL,,4732N 00827E,
CH,CHSFA,Stäfa,Stafa,ZH,--3-----,RL,,4714N 00843E,
CH,CHOBW,Stalden,Stalden,OW,--3-----,RL,,4653N 00814E,
CH,CHSTK,Stallikon,Stallikon,ZH,--3--6--,RL,,4731N 00849E,
CH,CHSAN,Stans,Stans,NW,--3-----,RQ,,,
CH,CHSTA,Stansstad,Stansstad,NW,123-----,RL,,4658N 00820E,
CH,CHSTC,Steckborn,Steckborn,TG,--3-----,RL,,4740N 00859E,
CH,CHSBG,Steffisburg,Steffisburg,BE,-23-----,RL,,4647N 00738E,
CH,CHSTG,Steg,Steg,ZH,--3-----,RL,,4721N 00856E,
CH,CHSTN,Stein,Stein,AG,-23-----,RL,,4732N 00757E,
CH,CHTGS,Stein am Rhein,Stein am Rhein,TG,-23--6--,RL,,4739N 00851E,
CH,CHSTE,Steinach,Steinach,SG,--3-----,RL,,4730N 00927E,
CH,CHSTB,Steinebrunn,Steinebrunn,TG,--3-----,RQ,,4633N 00746E,
CH,CHSNE,Steinen,Steinen,SZ,-23-----,RL,,4703N 00837E,
CH,CHSTI,Steinhausen,Steinhausen,ZG,123-----,RL,,4712N 00828E,
CH,CHSMR,Steinmaur,Steinmaur,ZH,--3-----,RL,,,
CH,CHZSG,Sternenberg,Sternenberg,ZH,--3-----,RL,,4723N 00855E,
CH,CHSTT,Stetten,Stetten,AG,--3-----,RL,,4724N 00818E,
CH,CHSTF,Stettfurt,Stettfurt,TG,--3-----,RL,,4723N 00857E,
CH,CHSTL,Stettlen,Stettlen,BE,--3-----,RL,,4657N 00732E,
CH,CHSTO,Stoos,Stoos,SZ,--3-----,RL,,4659N 00840E,
CH,CHSGB,Strengelbach,Strengelbach,AG,--3-----,RL,,4716N 00755E,
CH,CHSTU,Studen,Studen,BE,-23-----,RL,,4706N 00718E,
CH,CHSOK,Stüsslingen,Stusslingen,SO,--3--6--,RL,,4723N 00758E,
CH,CHSBE,Suberg,Suberg,BE,-23-----,RL,,4704N 00720E,
CH,CHSBI,Subingen,Subingen,SO,-23-----,RL,,4712N 00736E,
CH,CHSCY,Suchy,Suchy,JU,--3-----,RL,,4643N 00636E,
CH,CHSUG,Sugiez,Sugiez,FR,--3-----,RL,,4658N 00706E,
CH,CHHSR,Suhr,Suhr,AG,-23-----,RL,,4722N 00805E,
CH,CHSGE,Sulgen,Sulgen,TG,-23-----,RQ,,,
CH,CHSVD,Sullens,Sullens,VD,--3-----,RL,,4636N 00634E,
CH,CHSMW,Sumiswald,Sumiswald,BE,-23--6--,RL,,4702N 00745E,
CH,CHSUR,Sursee,Sursee,LU,--3-----,RL,ZKU,4710N 00805E,
CH,CHSSC,Susch,Susch,GR,--3-----,RL,,4645N 01004E,
CH,CHSUT,Sutz-Lattrigen,Sutz-Lattrigen,BE,--3-----,RL,,4706N 00713E,
CH,CHTAF,Tafers,Tafers,FR,--3-----,RL,,4648N 00713E,
CH,CHTWG,Tagelswangen,Tagelswangen,ZH,-23-----,RL,,4726N 00841E,
CH,CHTGC,Tägerschen,Tagerschen,TG,--3--6--,RL,,4730N 00901E,
CH,CHTWN,Tägerwilen,Tagerwilen,TG,--3-----,RL,,,
CH,CHTGN,Tartegnin,Tartegnin,VD,--3-----,RL,,4628N 00619E,
CH,CHTAR,Taufen,Taufen,AR,-----6--,RL,,4723N 00923E,
CH,CHTVS,Tavannes,Tavannes,BE,--3-----,RL,,4713N 00712E,
CH,CHTVR,Taverne,Taverne,TI,-23--6--,RL,,4604N 00856E,
CH,CHTGF,Tegerfelden,Tegerfelden,AG,--3-----,RL,,4734N 00817E,
CH,CHTEN,Tenero,Tenero,TI,0-------,RQ,,,
CH,CHTNK,Tenniken,Tenniken,BL,--3-----,RL,,4726N 00749E,
CH,CHTTL,Tentlingen,Tentlingen,FR,--3-----,RL,,4646N 00712E,
CH,CHTMN,Termen,Termen,VS,--3-----,RL,,4620N 00801E,
CH,CHTFN,Teufen,Teufen,AR,--3-----,RQ,,,
CH,CHTEU,Teufenthal,Teufenthal,AG,--3-----,RL,,4720N 00807E,
CH,CHTHL,Thal,Thal,SG,--3-----,RL,,4728N 00933E,
CH,CHTHI,Thalheim,Thalheim,AG,--3-----,RL,,4726N 00806E,
CH,CHTWL,Thalwil,Thalwil,ZH,--3-----,RQ,,,
CH,CHTHA,Thayngen,Thayngen,SH,--3-----,RQ,,,
CH,CHTHW,Therwil,Therwil,BL,-23-----,RL,,4730N 00733E,
CH,CHTNX,Thonex,Thonex,GE,--3-----,RL,,4611N 00610E,
CH,CHTRG,Thörigen,Thorigen,BE,--3-----,RL,,4710N 00744E,
CH,CHCHT,Thörishaus,Thorishaus,BE,-23-----,RL,,4654N 00720E,
CH,CHTHU,Thun,Thun,BE,-23-----,RL,ZTK,4645N 00737E,
CH,CHTHD,Thundorf,Thundorf,TG,--3-----,RL,,4732N 00858E,
CH,CHTHR,Thürnen,Thurnen,BL,--3--6--,RL,,4727N 00750E,
CH,CHTHS,Thusis,Thusis,GR,-23-----,RL,,4641N 00926E,
CH,CHTOB,Tobel,Tobel,TG,--3--6--,RL,,4731N 00902E,
CH,CHTOF,Toffen,Toffen,BE,--3-----,RL,,4651N 00729E,
CH,CHTHZ,Tolochenaz,Tolochenaz,VD,--3-----,RL,,4630N 00628E,
CH,CHTON,Torgon,Torgon,VS,--3-----,RL,,4619N 00652E,
CH,CHTIC,Torre,Torre,TI,--3-----,RL,,4629N 00857E,
CH,CHTM2,Tramelan,Tramelan,BE,--3-----,RL,,4713N 00706E,
CH,CHTSD,Trasadingen,Trasadingen,SH,-23-----,RL,,4740N 00825E,
CH,CHTRA,Travers,Travers,NE,-23-5---,RQ,,4656N 00641E,
CH,CHTRX,Trélex,Trelex,VD,--3-----,RL,,4625N 00612E,
CH,CHTRE,Treyvaux,Treyvaux,FR,--3-----,RL,,4644N 00708E,
CH,CHTNG,Triengen,Triengen,LU,--3-----,RL,,4714N 00805E,
CH,CHTBS,Trimbach,Trimbach,SO,-----6--,RL,,4721N 00754E,
CH,CHTRS,Trimmis,Trimmis,GR,--3-----,RL,,4654N 00934E,
CH,CHTRI,Trin,Trin,GR,--3-----,RL,,4649N 00921E,
CH,CHTRT,Troistorrents,Troistorrents,VS,--3-----,RL,,4613N 00655E,
CH,CHTBH,Trübbach,Trubbach,SG,-23-----,RL,,4704N 00928E,
CH,CHTSA,Trubschachen,Trubschachen,BE,-23-----,RL,,4655N 00751E,
CH,CHTSC,Tschiertschen,Tschiertschen,GR,--3-----,RL,,4649N 00936E,
CH,CHTUB,Tübach,Tubach,SG,--3-----,RL,,4729N 00927E,
CH,CHTUG,Tuggen,Tuggen,SZ,--3--6--,RL,,4712N 00856E,
CH,CHTUR,Turbenthal,Turbenthal,ZH,-23-----,RL,,4726N 00850E,
CH,CHTGI,Turgi,Turgi,AG,-23-----,RL,,4729N 00815E,
CH,CHTUM,Turtmann,Turtmann,VS,--3-----,RL,,4618N 00742E,
CH,CHTAN,Twann,Twann,BE,123-----,RL,,4706N 00709E,
CH,CHUDL,Udligenswil,Udligenswil,LU,-----6--,RL,,4706N 00824E,
CH,CHUEN,Ueken,Ueken,AG,--3-----,RL,,4729N 00803E,
CH,CHUER,Uerikon,Uerikon,ZH,--3-----,RL,,4714N 00845E,
CH,CHUGN,Uesslingen,Uesslingen,TG,--3-----,RL,,4735N 00850E,
CH,CHUTF,Uetendorf,Uetendorf,BE,-23-----,RL,,4646N 00734E,
CH,CHUKS,Uetikon am See,Uetikon am See,ZH,123--6--,RL,,4716N 00840E,
CH,CHUKN,Uitikon,Uitikon,ZH,--3-----,RL,,4722N 00827E,
CH,CHUTR,Unterägeri,Unterageri,ZG,-----6--,RL,,4708N 00834E,
CH,CHUNB,Unterbach,Unterbach,BE,--3-----,RL,,4644N 00807E,
CH,CHUGE,Unterengstringen,Unterengstringen,ZH,--3-----,RL,,4725N 00826E,
CH,CH7AU,Unterentfelden,Unterentfelden,AG,--3-----,RL,,4722N 00802E,
CH,CHUTB,Unteriberg,Unteriberg,SZ,-----6--,RQ,,4703N 00847E,
CH,CHUTK,Unterkulm,Unterkulm,AG,--3-----,RL,,4719N 00807E,
CH,CHUTS,Unterseen,Unterseen,BE,--3-----,RL,,4641N 00750E,
CH,CHUGA,Untersiggenthal,Untersiggenthal,AG,--3--6--,RL,,4730N 00815E,
CH,CHZUR,Unter-Stammheim,Unter-Stammheim,ZH,--3-----,RL,,4738N 00847E,
CH,CHURD,Urdorf,Urdorf,ZH,--3-----,RL,,4723N 00825E,
CH,CHURN,Urnäsch,Urnasch,AR,--3-----,RL,,4719N 00917E,
CH,CHUNH,Ursenbach,Ursenbach,BE,-----6--,RL,,4708N 00746E,
CH,CHUSY,Ursy,Ursy,FR,--3-----,RL,,4638N 00650E,
CH,CHUSR,Uster,Uster,ZH,-23-----,RL,,4720N 00842E,
CH,CHUTT,Uttwil,Uttwil,TG,-----6--,RL,,4735N 00920E,
CH,CHTZE,Utzenstorf,Utzenstorf,BE,1----6--,RL,,4708N 00733E,
CH,CHUZN,Uznach,Uznach,SG,-23-----,RL,,4713N 00858E,
CH,CHUZW,Uzwil,Uzwil,SG,--3-----,RQ,,,
CH,CHSVO,Vacallo,Vacallo,TI,--3-----,RL,,4551N 00902E,
CH,CHVG3,Valangin,Valangin,NE,--3-----,RL,,4601N 00654E,
CH,CHVDR,Val-de-Ruz,Val-de-Ruz,NE,--3-----,RL,,4705N 00658E,
CH,CH4VM,Valeyres-sous-Montagny,Valeyres-sous-Montagny,VD,--3-----,RL,,4648N 00637E,
CH,CHVLM,Vallamand,Vallamand,VD,--3-----,RL,,4656N 00702E,
CH,CHVAL,Vallorbe,Vallorbe,VD,--3-----,RQ,,,
CH,CHVA5,Vals,Vals,GR,--3-----,RL,,4637N 00911E,
CH,CHVDO,Vandoeuvres,Vandoeuvres,GE,--3-----,RL,,4613N 00612E,
CH,CHVFN,Vauffelin,Vauffelin,BE,--3-----,RQ,,,
CH,CHVAU,Vaumarcus,Vaumarcus,NE,1----6--,RQ,,4652N 00645E,
CH,CHVEN,Vendlincourt,Vendlincourt,JU,--3-----,RQ,,,
CH,CHVTH,Venthône,Venthone,VS,--3-----,RL,,4618N 00732E,
CH,CHVER,Verbier,Verbier,VS,--3-----,RL,,4606N 00713E,
CH,CHVNR,Vernier,Vernier,GE,--3-----,RL,,4613N 00605E,
CH,CHVSX,Versoix,Versoix,GE,123-5---,RL,,4617N 00610E,
CH,CHVSZ,Vésenaz,Vesenaz,GE,-----6--,RL,,4614N 00612E,
CH,CHVSY,Vessy,Vessy,GE,--3-----,RL,,4610N 00610E,
CH,CHVTZ,Vétroz,Vetroz,VS,-----6--,RL,,4613N 00716E,
CH,CHZKZ,Vevey,Vevey,VD,-23-----,RQ,,,
CH,CHVEZ,Vezia,Vezia,TI,--3-----,RL,,4601N 00856E,
CH,CHVLA,Vilars,Vilars,NE,--3-----,RL,,4702N 00656E,
CH,CHVSC,Villars-Sainte-Croix,Villars-Sainte-Croix,VD,--3-----,RL,,4634N 00633E,
CH,CHVSG,Villars-sur-Glâne,Villars-sur-Glane,FR,--3-----,RL,,4648N 00707E,
CH,CHVIL,Villars-sur-Ollon,Villars-sur-Ollon,VD,--3-----,RL,ZLA,4618N 00703E,
CH,CHVS5,Villaz-Saint-Pierre,Villaz-Saint-Pierre,FR,1-------,RL,,4643N 00658E,
CH,CHVLE,Villeneuve,Villeneuve,VD,-----6--,RL,,4624N 00656E,
CH,CHVIT,Villeret,Villeret,BE,--3-----,RL,,4710N 00701E,
CH,CH3DV,Villette,Villette,VD,--3-----,RL,,4629N 00642E,
CH,CHVI2,Villiers,Villiers,NE,--3-----,RL,,4704N 00658E,
CH,CHVLG,Villigen,Villigen,AG,--3--6--,RL,,4731N 00813E,
CH,CHVMG,Villmergen,Villmergen,AG,--3-----,RL,,4721N 00815E,
CH,CHVSN,Villorsonnens,Villorsonnens,FR,-----6--,RL,,4642N 00659E,
CH,CHVLT,Vilters,Vilters,SG,--3-----,RQ,,4701N 00927E,
CH,CHVZL,Vinzel,Vinzel,VD,--3-----,RL,,4627N 00617E,
CH,CHVNZ,Vionnaz,Vionnaz,VS,--3-----,RL,,4618N 00654E,
CH,CHVIS,Visp,Visp,VS,--3-----,RQ,,,
CH,CHVSO,Vissoie,Vissoie,VS,--3-----,RL,,4613N 00735E,
CH,CHVZU,Vitznau,Vitznau,LU,123-----,RL,,4701N 00829E,
CH,CHVGO,Vogorno,Vogorno,TI,-----6--,RL,,4613N 00851E,
CH,CHVKI,Volketswil,Volketswil,ZH,-23-----,RL,,4722N 00841E,
CH,CHVRM,Vordemwald,Vordemwald,AG,--3-----,RL,,4717N 00754E,
CH,CHVVY,Vouvry,Vouvry,VS,--3-----,RQ,,,
CH,CHVUD,Vuadens,Vuadens,FR,-----6--,RL,,4637N 00701E,
CH,CHVHS,Vucherens,Vucherens,VD,--3--6--,RL,,4637N 00646E,
CH,CHVLV,Vufflens-la-Ville,Vufflens-la-Ville,VD,--3-----,RL,,4634N 00632E,
CH,CHVUI,Vuiteboeuf,Vuiteboeuf,VD,--3-----,RL,,4648N 00633E,
CH,CHVLL,Vulliens,Vulliens,VD,-----6--,RL,,4637N 00647E,
CH,CHVUS,Vullierens,Vullierens,VD,--3-----,RL,,4634N 00629E,
CH,CHWBR,Wabern,Wabern,BE,--3-----,RL,,4656N 00729E,
CH,CHWDW,Wädenswil,Wadenswil,ZH,-23-----,RL,ZLC,4714N 00840E,
CH,CHWAN,Wagen,Wagen,SG,--3-----,RL,,4714N 00853E,
CH,CHWCW,Walchwil,Walchwil,ZG,123--6--,RL,,4706N 00831E,
CH,CHWLD,Wald,Wald,ZH,--3-----,RL,,4717N 00855E,
CH,CHWLB,Waldenburg,Waldenburg,BL,--3-----,RL,,4723N 00745E,
CH,CHWDI,Wäldi,Waldi,TG,--3-----,RL,,4738N 00905E,
CH,CHWAD,Waldstatt,Waldstatt,AR,-23-----,RL,,4721N 00917E,
CH,CHWLS,Walenstadt,Walenstadt,SG,--3-----,RL,,4707N 00919E,
CH,CHWKN,Walkringen,Walkringen,BE,--3-----,RL,,4657N 00737E,
CH,CHWLL,Wallbach,Wallbach,AG,--3-----,RL,,4734N 00754E,
CH,CHWLN,Wallisellen,Wallisellen,ZH,-23-----,RL,,4725N 00835E,
CH,CHWTL,Waltalingen,Waltalingen,ZH,--3-----,RL,,4737N 00847E,
CH,CHWAL,Waltenschwil,Waltenschwil,AG,--3--6--,RL,,4720N 00818E,
CH,CHWAI,Waltikon,Waltikon,ZH,-23-----,RL,,4720N 00837E,
CH,CHWLZ,Walzenhausen,Walzenhausen,AR,--3-----,RL,,4727N 00936E,
CH,CHWGN,Wangen,Wangen,,--3-----,RQ,,,BE?SO?SZ?ZH? 4 places with this name
CH,CHWSO,Wangen,Wangen,SO,--3-----,RL,,4721N 00752E,
CH,CHWGA,Wangen an der Aare,Wangen an der Aare,BE,-23-----,RL,,4714N 00739E,
CH,CHWAB,Wangen-Brüttisellen,Wangen-Bruttisellen,ZH,--3-----,RL,,4725N 00839E,
CH,CHWGI,Wängi,Wangi,TG,-23-----,RL,,4730N 00857E,
CH,CHWNS,Wangs,Wangs,SG,--3-----,RL,,4702N 00926E,
CH,CHVTW,Warth-Weiningen,Warth-Weiningen,TG,--3-----,RL,,4735N 00852E,
CH,CHWA5,Wasen,Wasen,BE,--3-----,RL,,4702N 00747E,
CH,CHWAS,Wassen,Wassen,UR,--3-----,RL,,4642N 00835E,
CH,CHWSK,Wasterkingen,Wasterkingen,ZH,--3-----,RL,,4735N 00829E,
CH,CHWTW,Wattenwil,Wattenwil,BE,--3-----,RL,,4646N 00730E,
CH,CHWAT,Wattwil,Wattwil,SG,-23-----,RL,,4718N 00905E,
CH,CHWWL,Wauwil,Wauwil,LU,--3-----,RL,,4711N 00801E,
CH,CHWES,Weesen,Weesen,SG,--3-----,RL,,4708N 00906E,
CH,CHWGS,Weggis,Weggis,LU,--3-----,RL,,4702N 00826E,
CH,CHZHW,Weiach,Weiach,ZH,--3-----,RL,,4733N 00826E,
CH,CHWFL,Weinfelden,Weinfelden,TG,--3-----,RL,ZLD,4734N 00906E,
CH,CHWEG,Weiningen,Weiningen,ZH,--3-----,RL,,4725N 00826E,
CH,CHWSB,Weissbad,Weissbad,SG,-23-----,RL,,4719N 00926E,
CH,CHWSN,Weisslingen,Weisslingen,ZH,--3-----,RL,,4726N 00845E,
CH,CHWEL,Welschenrohr,Welschenrohr,SO,--3-----,RL,,4717N 00732E,
CH,CHWNG,Wengen,Wengen,BE,--3-----,RL,ZLE,4636N 00755E,
CH,CHWDB,Werdenberg,Werdenberg,SG,-23-----,RL,,4710N 00928E,
CH,CHWTG,Wettingen,Wettingen,AG,--3-----,RL,ZLF,,
CH,CHWSI,Wettswil,Wettswil,ZH,--3-----,RL,,4720N 00829E,
CH,CHWZK,Wetzikon,Wetzikon,ZH,-23-----,RL,ZKW,4719N 00847E,
CH,CHWID,Widen,Widen,AG,--3-----,RL,,4722N 00822E,
CH,CHWNU,Widnau,Widnau,SG,--3-----,RL,,4725N 00938E,
CH,CHWBA,Wiedlisbach,Wiedlisbach,BE,--3-----,RL,,4715N 00739E,
CH,CHWDG,Wiesendangen,Wiesendangen,ZH,--3-----,RL,,4731N 00847E,
CH,CHWGT,Wigoltingen,Wigoltingen,TG,--3-----,RL,,4736N 00902E,
CH,CHWKO,Wikon,Wikon,LU,--3-----,RL,,4716N 00758E,
CH,CHWQL,Wil,Wil,AG,--3--6--,RL,,4734N 00809E,
CH,CHWIL,Wil,Wil,SG,--3-----,RL,ZLH,4727N 00902E,
CH,CHWLA,Wila,Wila,ZH,--3-----,RL,,4725N 00850E,
CH,CHWWI,Wilderswil,Wilderswil,BE,--3-----,RL,,4640N 00751E,
CH,CHWHS,Wildhaus,Wildhaus,SG,--3-----,RL,,4712N 00921E,
CH,CHWBW,Wilen Bei Wollerau,Wilen Bei Wollerau,SZ,--3-----,RL,,4711N 00844E,
CH,CHWLR,Wiler,Wiler,BE,-23-----,RL,,4709N 00733E,
CH,CHWSU,Willisau,Willisau,LU,--3-----,RL,,4707N 00759E,
CH,CHWMM,Wimmis,Wimmis,BE,--3-----,RL,,4641N 00738E,
CH,CHWBG,Winterberg,Winterberg,ZH,--3-----,RQ,,4727N 00841E,
CH,CHWIN,Winterthur,Winterthur,ZH,--3-----,RQ,,,
CH,CHWZA,Winznau,Winznau,SO,--3-----,RL,,4722N 00756E,
CH,CHWTB,Wittenbach,Wittenbach,SG,-23-----,RL,,4728N 00923E,
CH,CHWIT,Witterswil,Witterswil,SO,--3-----,RL,,4729N 00731E,
CH,CHWHL,Wohlen,Wohlen,AG,--3-----,RL,,,
CH,CHWHD,Wolfhalden,Wolfhalden,AR,--3-----,RL,,4727N 00933E,
CH,CHZWN,Wolfhausen,Wolfhausen,ZH,--3--6--,RL,,4716N 00849E,
CH,CHWFW,Wolfwil,Wolfwil,SO,--3-----,RL,,4716N 00747E,
CH,CHWHN,Wolhusen,Wolhusen,LU,-23-----,RL,,4703N 00804E,
CH,CHWLU,Wollerau,Wollerau,SZ,--3-----,RL,,4712N 00842E,
CH,CHWRB,Worb,Worb,BE,--3-----,RL,,4656N 00734E,
CH,CHWOR,Worben,Worben,BE,--3-----,RL,,4706N 00717E,
CH,CHWBN,Worblaufen,Worblaufen,BE,-23--6--,RL,,4658N 00728E,
CH,CHWLF,Wünnewil-Flamatt,Wunnewil-Flamatt,FR,-23--6--,RL,,4652N 00716E,
CH,CHWLG,Wurenlingen,Wurenlingen,AG,--3-----,RL,,4732N 00816E,
CH,CHWLO,Würenlos,Wurenlos,AG,123-----,RL,,4727N 00822E,
CH,CHWYU,Wynau,Wynau,BE,-----6--,RL,,4715N 00748E,
CH,CHWYG,Wynigen,Wynigen,BE,--3-----,RL,,4706N 00740E,
CH,CHWSC,Wyssachen,Wyssachen,BE,--3-----,RL,,4705N 00749E,
CH,CHYNS,Yens,Yens,VD,-23-----,RL,,4631N 00625E,
CH,CHYLB,Yverdon-les-Bains,Yverdon-les-Bains,VD,-23-----,RL,ZLJ,4647N 00638E,
CH,CHYVD,Yvonand,Yvonand,VD,-23-----,RL,,4648N 00645E,
CH,CHYVR,Yvorne,Yvorne,VD,--3-----,RL,,4620N 00658E,
CH,CHZAZ,Zäziwil,Zaziwil,BE,-23-----,RL,,4654N 00739E,
CH,CHZEI,Zeihen,Zeihen,AG,-23--6--,RL,,4728N 00805E,
CH,CHZGN,Zeiningen,Zeiningen,AG,--3-----,RL,,4732N 00752E,
CH,CHZZL,Zell,Zell,LU,-23-----,RL,,4708N 00755E,
CH,CHZEL,Zell,Zell,ZH,-23-----,RL,,4727N 00849E,
CH,CHZER,Zermatt,Zermatt,VS,--3-----,RL,QZB,4601N 00745E,
CH,CHZWI,Zetzwil,Zetzwil,AG,--3-----,RL,,,
CH,CHZGB,Ziegelbrucke,Ziegelbrucke,GL,--3-----,RL,,4707N 00903E,
CH,CHZSD,Zihlschlacht-Sitterdorf,Zihlschlacht-Sitterdorf,TG,--3-----,RL,,4731N 00916E,
CH,CHZRD,Zimmerwald,Zimmerwald,BE,-----6--,RL,,4652N 00728E,
CH,CHZIN,Zinal,Zinal,VS,--3-----,RL,,4608N 00738E,
CH,CHZIZ,Zizers,Zizers,GR,-23-----,RL,,4656N 00934E,
CH,CHZLL,Zofingen,Zofingen,AG,--345---,AI,,4717N 00756E,
CH,CHZBK,Zollbrück,Zollbruck,BE,--3-----,RL,,4658N 00745E,
CH,CHZLK,Zollikofen,Zollikofen,BE,--3-----,RL,,4700N 00727E,
CH,CHZOL,Zollikon,Zollikon,ZH,--3-----,RQ,,4720N 00835E,
CH,CHZWL,Zuchwil,Zuchwil,SO,-23-----,RL,,4712N 00733E,
CH,CHZFN,Zufikon,Zufikon,AG,--3-----,RL,,4721N 00822E,
CH,CHZLM,Zug,Zug,ZG,-2------,RL,,,
CH,CHZKN,Zumikon,Zumikon,ZH,-23-----,RL,,4720N 00837E,
CH,CHZZG,Zunzgen,Zunzgen,BL,--3-----,RL,,4726N 00748E,
CH,CHZT3,Zuoz,Zuoz,GR,--3-----,RL,,4636N 00957E,
CH,CHZRH,Zurich,Zurich,ZH,---45---,AI,,,
CH,CHZZH,Zurzach,Zurzach,AG,--3-----,RQ,,4736N 00818E,
CH,CHZUL,Zuzwil,Zuzwil,SG,-----6--,RQ,,4728N 00907E,
CH,CHZIM,Zweisimmen,Zweisimmen,BE,--3-----,RL,,4633N 00721E,
CH,CHZWK,Zwillikon,Zwillikon,ZH,--3-----,RL,,4717N 00825E,
CH,CHZWG,Zwingen,Zwingen,BL,--3-----,RL,,4726N 00732E,
