country,locode,name,name_wo,sub_division,function,status,iata,coordinates,remarks
CO,COAAS,Acacías,Acacias,MET,-----6--,RL,,0359N 07345W,
CO,COACD,Acandi,Acandi,ANT,---4----,RQ,,0832N 07714W,
CO,COARF,Acaricuara,Acaricuara,VAU,---4----,RL,,0042N 07014W,
CO,COAGD,Agrado,Agrado,,--3-----,RQ,,0215N 07556W,
CO,COAGC,Aguachica,Aguachica,CES,--3-----,RL,,0818N 07337W,
CO,COACL,Aguaclara,Aguaclara,NAR,---4----,RQ,,0143N 07847W,
CO,COAGU,Aguadas,Aguadas,CAL,--3-----,RL,,0536N 07527W,
CO,COABL,Aguasblancas,Aguasblancas,CES,--3-----,RL,,1013N 07329W,
CO,COAFI,Amalfi,Amalfi,ANT,---4----,RL,,0655N 07504W,
CO,COAND,Andalucia,Andalucia,,--3-----,RQ,,0513N 07407W,
CO,COADN,Andes,Andes,ANT,---4----,RQ,,0539N 07552W,
CO,COAQA,Antioquia,Antioquia,ANT,-----6--,RQ,,0633N 07549W,
CO,COAPO,Apartado,Apartado,,---4----,AI,,,
CO,COLAP,Apartadó,Apartado,ANT,--3-----,RL,,0753N 07638W,
CO,COAPI,Apiay,Apiay,MET,---4----,RL,,0405N 07334W,
CO,COARA,Aracataca,Aracataca,MAG,--3-----,RL,,1035N 07411W,
CO,COACR,Araracuara,Araracuara,MET,---4----,RQ,,0410N 07258W,
CO,COAUC,Arauca,Arauca,,---4----,AI,,,
CO,COARQ,Arauquita,Arauquita,ARA,---4----,RQ,,0701N 07126W,
CO,COARO,Arboletas,Arboletas,ANT,---4----,RQ,,0850N 07625W,
CO,COARE,Arenal,Arenal,BOL,--3-----,RL,,0828N 07357W,
CO,COACM,Arica,Arica,,1-3-----,RL,,0207S 07144W,
CO,COARI,Ariguani,Ariguani,CES,--3-----,RL,,1015N 07400W,
CO,COARJ,Arjona,Arjona,CES,--3-----,RL,,0932N 07354W,
CO,COAXM,Armenia,Armenia,,---4----,AI,,,
CO,COAGY,Armero Guayabal,Armero Guayabal,TOL,--3-----,AM,,0502N 07453W,
CO,COASR,Astrea,Astrea,,--3-----,RQ,,0930N 07358W,
CO,COAYC,Ayacucho,Ayacucho,,---4----,RQ,,,
CO,COAYA,Ayapel,Ayapel,,--3-----,RQ,,0819N 07508W,
CO,COBHF,Bahía Cupica,Bahia Cupica,CHO,---4----,RL,,0633N 07720W,
CO,COBSC,Bahia Solano,Bahia Solano,CHO,---4----,RQ,,0614N 07725W,
CO,COBAL,Balboa,Balboa,CAU,1-------,RL,,0202N 07713W,
CO,COBAR,Baranoa,Baranoa,ATL,--3-----,RL,,1047N 07455W,
CO,COBAA,Barbosa,Barbosa,ANT,--3-----,RL,,0626N 07519W,
CO,COBAC,Barranca de Upia,Barranca de Upia,CAS,---4----,RQ,,0435N 07258W,
CO,COEJA,Barrancabermeja,Barrancabermeja,,1--4----,AI,,,
CO,COBRR,Barrancas,Barrancas,LAG,--3-----,RL,,1057N 07247W,
CO,CONBB,Barrancominas,Barrancominas,GUA,---4----,RL,,0320N 07020W,
CO,COBAQ,Barranquilla,Barranquilla,,1--45---,AI,,,
CO,COBAY,Bayunca,Bayunca,BOL,--3-----,RL,,1032N 07524W,
CO,COBEC,Becerril,Becerril,CES,--3-----,RL,,0942N 07317W,
CO,COBLO,Bello,Bello,ANT,--3-----,RL,,0620N 07533W,
CO,COBER,Berrugas,Berrugas,SUC,--3-----,RL,,0942N 07537W,
CO,COBET,Betania,Betania,,--3-----,RQ,,0545N 07559W,
CO,COBCC,Boca Chica,Boca Chica,CAS,-----6--,RQ,,,
CO,COBOG,Bogotá,Bogota,CUN,-2345---,AI,,0436N 07405W,
CO,COBOS,Bosconia,Bosconia,CES,--3-----,RL,,0958N 07353W,
CO,COBGA,Bucaramanga,Bucaramanga,,---4----,AI,,,
CO,COBUE,Buena Vista,Buena Vista,COR,--3-----,RL,,0813N 07529W,
CO,COBUN,Buenaventura,Buenaventura,,1--4----,AI,,,
CO,COBUG,Buga,Buga,,--3-----,RQ,,0211N 07753W,
CO,COCAP,Cachipay,Cachipay,,--3-----,RQ,,0500N 07232W,
CO,COCAJ,Cajica,Cajica,CUN,-----6--,RQ,,0455N 07402W,
CO,COCAL,Calamar,Calamar,BOL,--3-----,RL,,0900N 07422W,
CO,COCLO,Cali,Cali,,---4----,AI,,,
CO,CON6A,California,California,SAN,--3-----,RL,,0721N 07258W,
CO,COXCO,Caloto,Caloto,CAU,-----6--,RL,,0302N 07624W,
CO,COCAM,Camarones,Camarones,LAG,--3-----,RL,,1125N 07303W,
CO,COCLC,Campo de La Cruz,Campo de La Cruz,ATL,--3-----,RL,,1023N 07453W,
CO,COCAN,Candelaria,Candelaria,VAC,-----6--,RL,,0324N 07620W,
CO,COCJD,Candilejas,Candilejas,CAQ,---4----,RL,,0204N 07435W,
CO,COCPB,Capurgana,Capurgana,CHO,---4----,RL,,0838N 07720W,
CO,COCQT,Caquetania,Caquetania,,---4----,RL,,0202N 07413W,
CO,COCCO,Carimagua,Carimagua,CAS,---4----,RL,,0434N 07120W,
CO,COCTG,Cartagena,Cartagena,,1--4----,AI,,,
CO,COCRC,Cartago,Cartago,,1--4----,AI,,,
CO,COCUO,Caruru,Caruru,VAU,---4----,RQ,,0102N 07114W,
CO,COCAS,Casacará,Casacara,CES,--3-----,RL,,0949N 07315W,
CO,COCSR,Casuarito,Casuarito,VID,---4----,RL,,0550N 06808W,
CO,COCAU,Cauca,Cauca,CAU,--3--6--,RL,,0234N 07646W,
CO,COCAQ,Caucasia,Caucasia,ANT,---4----,RL,,0759N 07512W,
CO,COCCA,Centro Alegre,Centro Alegre,COR,--3-----,RL,,0810N 07538W,
CO,COCER,Cereté,Cerete,COR,--3-----,RL,,0853N 07547W,
CO,COCPL,Chaparral,Chaparral,TOL,---4----,RQ,,0342N 07545W,
CO,COCHI,Chia,Chia,CUN,-----6--,RL,,0452N 07404W,
CO,COIGO,Chigorodó,Chigorodo,ANT,---4----,AI,,0741N 07641W,
CO,COCHG,Chimichagua,Chimichagua,CES,--3-----,RL,,0915N 07349W,
CO,CONNA,Chinchina,Chinchina,CAL,-----6--,RQ,,0458N 07536W,
CO,COCHU,Chinú,Chinu,COR,--3-----,RL,,0906N 07523W,
CO,COCHQ,Chiquinquirá,Chiquinquira,BOY,--3-----,RL,,0537N 07349W,
CO,COCHN,Chiriguaná,Chiriguana,CES,--3-----,RL,,0922N 07335W,
CO,COIVO,Chivolo,Chivolo,MAG,---4----,RQ,,1001N 07438W,
CO,COCIE,Cienaga,Cienaga,,0-------,RQ,,,
CO,COCDO,Ciénaga de Oro,Cienaga de Oro,COR,--3-----,RL,,0852N 07537W,
CO,COCIM,Cimitarra,Cimitarra,,---4----,RQ,,,
CO,CODZI,Codazzi,Codazzi,VID,---4----,RQ,,0936N 07327W,
CO,COCGA,Cogua,Cogua,COR,--3-----,RL,,0504N 07359W,
CO,COCOL,Colomboy,Colomboy,COR,--3-----,RL,,0845N 07530W,
CO,COCOG,Condoto,Condoto,CHO,---4----,RQ,,0505N 07637W,
CO,COCNR,Contecar,Contecar,BOL,1-3--6--,RQ,,1023N 07531W,
CO,COCZU,Corozal,Corozal,,---4----,RQ,,,
CO,COCOT,Cota,Cota,CUN,-----6--,RQ,,0449N 07406W,
CO,COCOR,Cotorra,Cotorra,COR,--3-----,RL,,0903N 07548W,
CO,COCVE,Coveñas,Covenas,SUC,---4----,AI,,0925N 07542W,
CO,COCOV,Covenas Offshore Terminal,Covenas Offshore Terminal,SUC,1-------,RL,,0930N 07544W,
CO,CORAV,Cravo Norte,Cravo Norte,ARA,---4----,RQ,,0618N 07012W,
CO,COCUC,Cucuta,Cucuta,,---4----,AI,,,
CO,COCUI,Currillo,Currillo,CAQ,---4----,RQ,,0102N 07553W,
CO,COCUR,Curumaní,Curumani,CES,--3-----,RL,,0912N 07332W,
CO,CODAB,Dabeiba,Dabeiba,,--3-----,RQ,,0700N 07616W,
CO,CODQS,Dos Quebradas,Dos Quebradas,RIS,--3-----,RL,,0450N 07540W,
CO,CODUE,Duitama,Duitama,BOY,--3-----,RL,,0549N 07301W,
CO,CODUR,Durania,Durania,,--3-----,RQ,,1002N 07353W,
CO,COEBG,El Bagre,El Bagre,,---4----,AI,,,
CO,COELB,El Banco,El Banco,MAG,---4----,RQ,,0902N 07358W,
CO,COEBQ,El Bosque,El Bosque,,1-------,RL,,,
CO,COECB,El Carmen de Bolívar,El Carmen de Bolivar,BOL,-23-----,RL,,0943N 07507W,
CO,COECR,El Charco,El Charco,NAR,---4----,RQ,,0228N 07801W,
CO,COECO,El Encanto,El Encanto,AMA,---4----,RL,,0137S 07314W,
CO,COEES,El Espino,El Espino,,--3-----,RQ,,0628N 07230W,
CO,COELP,El Paso,El Paso,CES,--3-----,RL,,0939N 07345W,
CO,COEPI,El Penón,El Penon,MAG,--3-----,RL,,1024N 07449W,
CO,COPBD,El Poblado,El Poblado,ANT,-----6--,RL,,0613N 07534W,
CO,COELJ,El Recréo,El Recreo,HUI,---4----,RL,,0220N 07556W,
CO,COESN,El Santuario,El Santuario,ANT,--3-----,RL,,0608N 07515W,
CO,COEYP,El Yopal,El Yopal,CAS,---4----,RQ,,0520N 07222W,
CO,COENV,Envigado,Envigado,ANT,1-3-----,RQ,,,
CO,COTOL,Espinal,Espinal,TOL,-----6--,RL,,0409N 07453W,
CO,CO9FC,Facatativa,Facatativa,CUN,--3-----,RL,,0449N 07422W,
CO,COFLA,Florencia,Florencia,,--34----,AI,,,
CO,COFLC,Floridablanca,Floridablanca,SAN,--3-----,RL,,0703N 07305W,
CO,COFON,Fonseca,Fonseca,LAG,--3-----,RL,,1053N 07251W,
CO,COFUN,Fundacion,Fundacion,,--3-----,RQ,,0401N 07427W,
CO,COFZA,Funza,Funza,CUN,--3-----,RL,,0443N 07413W,
CO,COGLP,Galapa,Galapa,ATL,-23-----,RL,,1054N 07453W,
CO,COGRL,Galeras,Galeras,SUC,--3-----,RL,,0909N 07503W,
CO,COGAL,Galicia,Galicia,VAC,-----6--,RL,,0410N 07603W,
CO,COGAM,Gamarra,Gamarra,,--3-----,RQ,,0820N 07344W,
CO,COGRA,Gamarra,Gamarra,CES,---4----,RQ,,0820N 07341W,
CO,COGAR,Garagoa,Garagoa,,--3-----,RQ,,0505N 07322W,
CO,COGAZ,Garzon,Garzon,,--3-----,RQ,,0450N 07218W,
CO,COGGL,Gilgal,Gilgal,CHO,---4----,RQ,,0820N 07705W,
CO,COGIR,Girardot,Girardot,CUN,---4----,RQ,,0417N 07448W,
CO,COGIN,Girón,Giron,SAN,--3-----,RL,,0704N 07310W,
CO,COGRD,Granada,Granada,ANT,--3-----,RL,,0608N 07511W,
CO,COGCA,Guacamaya,Guacamaya,HUI,---4----,RQ,,0219N 07530W,
CO,COGHN,Guachene,Guachene,CAU,-----6--,RL,,0308N 07623W,
CO,COGUA,Guaduas,Guaduas,,--3-----,RQ,,0546N 07610W,
CO,COGAA,Guamal,Guamal,MAG,---4----,RL,,0909N 07414W,
CO,COGUP,Guapi,Guapi,,--3-----,RQ,,0235N 07754W,
CO,COGPI,Guapi,Guapi,CAU,---4----,RQ,,0234N 07754W,
CO,COGST,Guaranao,Guaranao,SAN,-----6--,RQ,,,
CO,COGUD,Guaranda,Guaranda,COR,--3-----,RL,,0828N 07532W,
CO,COGTI,Guatica,Guatica,RIS,--3-----,AM,,0519N 07548W,
CO,COGMC,Guerima,Guerima,,---4----,RL,,0338N 07110W,
CO,COHTZ,Hato Corozal,Hato Corozal,CAS,---4----,RQ,,0609N 07146W,
CO,COHAT,Hato Nuevo,Hato Nuevo,LAG,--3-----,RL,,1104N 07246W,
CO,COHRR,Herrera,Herrera,TOL,---4----,RQ,,0313N 07551W,
CO,COIBE,Ibaque,Ibaque,TOL,---4----,RQ,,0426N 07514W,
CO,COPDA,Inírida,Inirida,GUA,--34----,AI,,0351N 06755W,
CO,COIPI,Ipiales,Ipiales,NAR,---4----,RQ,,0049N 07738W,
CO,COISD,Iscuande,Iscuande,NAR,---4----,RQ,,0049N 07738W,
CO,COITG,Itagui,Itagui,ANT,-----6--,RQ,,0610N 07536W,
CO,COJER,Jericó,Jerico,ANT,--3-----,RL,,0547N 07547W,
CO,COJDA,Juan de Acosta,Juan de Acosta,ATL,--3-----,RL,,1049N 07502W,
CO,COJUO,Jurado,Jurado,CHO,---4----,RL,,0631N 07636W,
CO,COAPA,La Apartada,La Apartada,COR,--3-----,RL,,0806N 07522W,
CO,COLAU,La Aurora,La Aurora,CES,--3-----,RL,,0928N 07333W,
CO,COLCR,La Chorrera,La Chorrera,AMA,---4----,RL,,0044S 07301W,
CO,COLAD,La Dorada,La Dorada,,--3-----,RL,,0528N 07440W,
CO,COLAA,La Estrella,La Estrella,ANT,--3-----,RL,,0615N 07437W,
CO,COLJG,La Jagua de Ibirico,La Jagua de Ibirico,CES,-----6--,RL,,0933N 07320W,
CO,COLLO,La Loma,La Loma,CES,--3-----,RL,,0937N 07335W,
CO,COLPD,La Pedrera,La Pedrera,AMA,---4----,RQ,,0115S 06943W,
CO,COLPE,La Primavera,La Primavera,,---4----,RL,,0344N 07613W,
CO,COLAT,La Uribe,La Uribe,DC,---4----,RQ,,0445N 07403W,
CO,COLMC,Lamacarena,Lamacarena,MET,---4----,RQ,,0319N 07354W,
CO,COLGT,Las Gaviotas,Las Gaviotas,BOL,---4----,RQ,,0910N 07229W,
CO,COLPS,Las Palomas,Las Palomas,COR,--3-----,RL,,0827N 07600W,
CO,COLEB,Lebrija,Lebrija,SAN,--3-----,RL,,0707N 07313W,
CO,COLEJ,Lejanias,Lejanias,,--3-----,RQ,,0331N 07401W,
CO,COLET,Leticia,Leticia,AMA,1--4----,AI,,0413S 06956W,
CO,COLMX,Lopez de Micay Apt/Micay,Lopez de Micay Apt/Micay,CAU,---4----,RL,,0303N 07733W,
CO,COLRI,Lorica,Lorica,COR,---4----,RQ,,0901N 07542W,
CO,COLCO,Los Córdobas,Los Cordobas,COR,--3-----,RL,,0854N 07621W,
CO,CONAD,Macanal,Macanal,CAU,---4----,RL,,0303N 07733W,
CO,COMAC,Macedonia,Macedonia,,--3-----,RQ,,0839N 07355W,
CO,COMDD,Madrid,Madrid,CUN,--3-----,RL,,0444N 07416W,
CO,COMGN,Magangue,Magangue,BOL,---4----,RQ,,0917N 07450W,
CO,COMCJ,Maicao,Maicao,,---4----,RQ,,,
CO,COMAJ,Majagual,Majagual,SUC,--3-----,RL,,0832N 07437W,
CO,COMAL,Malambo,Malambo,ATL,--3-----,RL,,1051N 07446W,
CO,COMAM,Mamonal,Mamonal,BOL,1-------,RL,,1019N 07530W,
CO,COMAU,Manaure,Manaure,LAG,1-3-----,RL,,1146N 07226W,
CO,COMZL,Manizales,Manizales,,---4----,AI,,,
CO,COMBA,Maria La Baja,Maria La Baja,BOL,--3-----,RL,,1000N 07520W,
CO,COMRA,Marinilla,Marinilla,ANT,--3-----,RL,,0610N 07520W,
CO,COMQU,Mariquita,Mariquita,TOL,---4----,RQ,,,
CO,COMAT,Matanza,Matanza,,--3-----,RQ,,0743N 07445W,
CO,COMDE,Medellín,Medellin,ANT,---4----,AI,,0617N 07532W,
CO,COMND,Medina,Medina,CUN,---4----,RQ,,0431N 07316W,
CO,COMIN,Mingueo,Mingueo,LAG,1-3--6--,AM,,1112N 07324W,
CO,COMFS,Miraflores,Miraflores,,---4----,RQ,,0510N 07315W,
CO,COMIX,Miriti,Miriti,,---4----,RQ,,,
CO,COMVP,Mitu,Mitu,VAU,---4----,RQ,,0108N 07003W,
CO,COMMP,Mompos,Mompos,MAG,---4----,RQ,,0915N 07426W,
CO,COMFB,Monfort,Monfort,GUA,---4----,RL,,0234N 06735W,
CO,COTUE,Moniquira,Moniquira,,--3-----,RQ,,0553N 07335W,
CO,COMOL,Monte Libano,Monte Libano,MAG,--3-----,RQ,,0915N 07357W,
CO,COMTB,Montelíbano,Montelibano,COR,--34----,AI,,0759N 07525W,Monte Líbano
CO,COMTR,Monteria,Monteria,,---4----,AI,,,
CO,COMOY,Monterrey,Monterrey,,---4----,RQ,,,
CO,COMHF,Morichal,Morichal,ARA,---4----,RL,,0145N 06955W,
CO,COMQR,Mosquera,Mosquera,,---4----,RQ,,,
CO,COULS,Mulatos,Mulatos,ANT,---4----,RQ,,0838N 07645W,
CO,CONAR,Nare,Nare,,---4----,RQ,,,
CO,CONCI,Necocli,Necocli,ANT,---4----,RQ,,0828N 07645W,
CO,CONVA,Neiva,Neiva,HUI,--34----,RL,,0255N 07516W,
CO,CONOB,Nobsa,Nobsa,,--3-----,RQ,,0546N 07257W,
CO,CONUH,Nunchia,Nunchia,CAS,---4----,RQ,,0537N 07213W,
CO,CONQU,Nuqui,Nuqui,CHO,---4----,RL,,0542N 07717W,
CO,COOCV,Ocana,Ocana,NSA,---4----,RQ,,0814N 07320W,
CO,COOIB,Oiba,Oiba,,--3-----,RQ,,0615N 07318W,
CO,COORE,Orejero,Orejero,SUC,--3-----,RL,,0859N 07443W,
CO,COORC,Orocue,Orocue,CAS,---4----,RQ,,0454N 07120W,
CO,COOTU,Otu,Otu,ANT,---4----,RQ,,0700N 07443W,
CO,COOVE,Ovejas,Ovejas,SUC,--3-----,RL,,0931N 07514W,
CO,COPAI,Pailitas,Pailitas,CES,--3-----,RL,,0857N 07337W,
CO,COPAL,Palanquero,Palanquero,CUN,---4----,RL,,0529N 07439W,
CO,COQPI,Palmira,Palmira,,---4----,RQ,,,
CO,COPDG,Palo de Agua,Palo de Agua,COR,--3-----,RL,,0910N 07551W,
CO,COEUO,Paratebueno,Paratebueno,,---4----,RQ,,,
CO,COPSO,Pasto,Pasto,,---4----,AI,,,
CO,COPYN,Payan,Payan,NAR,--34----,RL,,0148N 07814W,
CO,COPZA,Paz de Ariporo,Paz de Ariporo,CAS,---4----,RQ,,0533N 07153W,
CO,COPEL,Pelaya,Pelaya,CES,--3-----,RL,,0841N 07339W,
CO,COPEI,Pereira,Pereira,,---4----,AI,,,
CO,COPIE,Piedecuesta,Piedecuesta,SAN,--3-----,RL,,0659N 07303W,
CO,COPTX,Pitalito,Pitalito,HUI,--34----,RL,,0151N 07602W,
CO,COPIV,Pivijay,Pivijay,MAG,--3-----,RL,,1028N 07437W,
CO,COPLA,Planadas,Planadas,,---4----,RQ,,,
CO,COPLC,Planeta Rica,Planeta Rica,COR,---4----,RQ,,0825N 07535W,
CO,COPLT,Plato,Plato,MAG,---4----,RQ,,0946N 07446W,
CO,COPON,Ponedera,Ponedera,ATL,--3-----,RL,,1038N 07445W,
CO,COPPN,Popayán,Popayan,CAU,--34----,RL,,0226N 07537W,
CO,COPRE,Pore,Pore,CAS,---4----,RQ,,0541N 07158W,
CO,COPOC,Pozos Colorados,Pozos Colorados,,1-------,RQ,,,
CO,COPVA,Providencia,Providencia,,---4----,RQ,,,
CO,COPBL,Pueblo Bello,Pueblo Bello,CES,--3-----,RL,,1025N 07335W,
CO,COPNU,Pueblo Nuevo,Pueblo Nuevo,COR,--3-----,RL,,0830N 07530W,
CO,COPCA,Puente Canoas,Puente Canoas,CES,--3-----,RL,,0939N 07338W,
CO,COPUU,Puerto Asís,Puerto Asis,PUT,1-34----,RL,,0031N 07630W,
CO,COPBE,Puerto Berrio,Puerto Berrio,,1--4----,AI,,,
CO,COPBO,Puerto Bolívar,Puerto Bolivar,LAG,1-------,RL,,1041N 07444W,
CO,COPYA,Puerto Boyaca,Puerto Boyaca,BOY,1-34----,RL,,0545N 07424W,
CO,COPCR,Puerto Carreño,Puerto Carreno,VID,1-34----,RL,,0611N 06729W,
CO,COPUC,Puerto Colombia,Puerto Colombia,,1-3-----,RL,,1100N 07457W,
CO,COPCO,Puerto Colón,Puerto Colon,PUT,--3-----,RL,,0016N 07655W,
CO,COPES,Puerto Escondido,Puerto Escondido,COR,--3-----,RL,,0901N 07615W,
CO,COPGA,Puerto Gaitan,Puerto Gaitan,,--3-----,RQ,,0615N 07127W,
CO,COPUG,Puerto Gaitan,Puerto Gaitan,,--3-----,RQ,,0419N 07204W,
CO,COLQM,Puerto Leguízamo,Puerto Leguizamo,PUT,--34----,AI,,0010S 07446W,
CO,COPLI,Puerto Libertador,Puerto Libertador,COR,--3-----,RL,,0753N 07540W,
CO,COPNM,Puerto Limón,Puerto Limon,,1-3-----,RL,,0103N 07630W,
CO,COPUL,Puerto Limón,Puerto Limon,,1-3-----,RL,,0923N 07611W,
CO,COPLL,Puerto Lleras,Puerto Lleras,,--3-----,RQ,,0809N 07228W,
CO,COPPR,Puerto Prodeco,Puerto Prodeco,,0-------,RQ,,,
CO,COPCC,Puerto Rico,Puerto Rico,CAQ,--34----,AI,,0154N 07508W,
CO,COPWI,Puerto Wilches,Puerto Wilches,SAN,--3-----,RL,,0720N 07354W,
CO,COUIB,Quibdó,Quibdo,CHO,---4----,AI,,0542N 07640W,
CO,COQUO,Quindio,Quindio,SAN,--3-----,RL,,0714N 07334W,
CO,CORCO,Rio Cordoba,Rio Cordoba,,1-------,RL,,0855N 07622W,
CO,CORCH,Riohacha,Riohacha,,1--4----,AI,,,
CO,CORRO,Rionegro,Rionegro,ANT,-----6--,RL,,0609N 07523W,
CO,CORON,Rondon,Rondon,,---4----,RQ,,,
CO,COROZ,Rozo,Rozo,VAC,--3-----,AM,,0336N 07623W,
CO,COSNT,Sabana de Torres,Sabana de Torres,SAN,--34----,RL,,0740N 07301W,
CO,COSGR,Sabanagrande,Sabanagrande,ATL,--3-----,RL,,1047N 07445W,
CO,COSA2,Sabanalarga,Sabanalarga,ANT,--3-----,RL,,0651N 07549W,
CO,COSAB,Sabanalarga,Sabanalarga,ATL,--3-----,RL,,1038N 07455W,
CO,COSAT,Sabaneta,Sabaneta,ANT,--3-----,RL,,0609N 07536W,
CO,COSAH,Sahagún,Sahagun,COR,--3-----,RL,,0856N 07526W,
CO,COSAL,Salento,Salento,QUI,--3-----,RL,,0438N 07534W,
CO,COSAM,Samaca,Samaca,,--3-----,RQ,,0529N 07329W,
CO,COSAP,Sampués,Sampues,SUC,--3-----,RL,,0922N 07522W,
CO,COSAO,San Alberto,San Alberto,CES,--3-----,RL,,0908N 07334W,
CO,COSAC,San Andrés,San Andres,SAP,--3-----,RL,,1235N 08142W,
CO,COADZ,San Andres Island,San Andres Island,,---4----,AI,,,
CO,COANT,San Antero,San Antero,COR,--3-----,RL,,0922N 07545W,
CO,COSBV,San Bernardo del Viento,San Bernardo del Viento,COR,--3-----,RL,,0921N 07557W,
CO,CO8SG,San Carlos de Guaroa,San Carlos de Guaroa,MET,--3-----,RL,,0342N 07314W,
CO,COSDI,San Diego,San Diego,CES,--3-----,RL,,1020N 07310W,
CO,COSET,San Estanislao,San Estanislao,BOL,--3-----,RL,,1023N 07509W,
CO,COSSD,San Felipe,San Felipe,GUA,--34----,RL,,0145N 06706W,
CO,COSAG,San Gil,San Gil,,--3-----,RQ,,0633N 07308W,
CO,COSJC,San Jacinto,San Jacinto,BOL,--3-----,RL,,0949N 07507W,
CO,COSJA,San Jose de Ariguani,San Jose de Ariguani,BOL,--3-----,RL,,0955N 07457W,
CO,COSJE,San Jose del Gua,San Jose del Gua,GUV,---4----,RQ,,0234N 07239W,
CO,COSJR,San Juan de Uraba,San Juan de Uraba,ANT,---4----,RQ,,0846N 07631W,
CO,COSJH,San Juan del Cesar,San Juan del Cesar,LAG,---4----,RQ,,1046N 07301W,
CO,COSJN,San Juan Nepomuceno,San Juan Nepomuceno,BOL,--3-----,RL,,0957N 07505W,
CO,COSQE,San Luis de Pale,San Luis de Pale,,---4----,RQ,,,
CO,COSRS,San Marcos,San Marcos,SUC,---4----,RQ,,0838N 07507W,
CO,COSMA,San Martín,San Martin,CES,--3-----,RL,,0956N 07338W,
CO,COSMT,San Mateo,San Mateo,SUC,--3-----,RL,,0854N 07443W,
CO,COSON,San Onofre,San Onofre,SUC,--3-----,RL,,0944N 07531W,
CO,COSPR,San Pedro,San Pedro,SUC,--3-----,RL,,0843N 07443W,
CO,COSJG,San Pedro Jagua,San Pedro Jagua,,---4----,RQ,,,
CO,CONPU,San Pedro Uraba,San Pedro Uraba,,---4----,RQ,,,
CO,COSPY,San Pelayo,San Pelayo,COR,--3-----,RL,,0857N 07550W,
CO,COSRQ,San Roque,San Roque,CES,--3-----,RL,,0917N 07330W,
CO,COSRB,San Roque,San Roque,MAG,--3-----,RL,,0904N 07409W,
CO,COSVI,San Vicente del Caguán,San Vicente del Caguan,CAQ,---4----,RL,,0206N 07446W,
CO,COSQB,Santa Ana,Santa Ana,TOL,--34----,RL,,0446N 07557W,
CO,COSCA,Santa Cantalina,Santa Cantalina,BOL,---4----,RQ,,1036N 07516W,
CO,COSTF,Santa Fee,Santa Fee,,--3-----,RQ,,0638N 07046W,
CO,COSTI,Santa Inés,Santa Ines,SUC,--3-----,RL,,0843N 07514W,
CO,COSMG,Santa Margarita,Santa Margarita,ANT,--3-----,RL,,0740N 07445W,
CO,COSMC,Santa Maria,Santa Maria,,---4----,RQ,,,
CO,COSMR,Santa Marta,Santa Marta,,1--4----,AI,,,
CO,COSAR,Santa Rosa,Santa Rosa,,--3-----,RQ,,0849N 07629W,
CO,COSSL,Santa Rosalia,Santa Rosalia,CAS,--34----,RL,,0128N 07214W,
CO,COSRO,Santana Ramos,Santana Ramos,CAQ,--34----,RL,,0213N 07515W,
CO,COSDQ,Santander de Quilichao,Santander de Quilichao,CAU,--3-----,RL,,0300N 07629W,
CO,COSTT,Santiago de Tolu,Santiago de Tolu,SUC,--3-----,RL,,0931N 07535W,
CO,COSRV,Saravena,Saravena,,--3-----,RQ,,0659N 07155W,
CO,CORVE,Saravena,Saravena,ARA,---4----,RQ,,0655N 07154W,
CO,COSAV,Savanilla,Savanilla,,0-------,RQ,,,
CO,COSIB,Sibate,Sibate,CUN,--3-----,RL,,0429N 07415W,
CO,COSIG,Simana,Simana,LAG,--3-----,RL,,0837N 07344W,
CO,COSIM,Simiti,Simiti,BOL,--3-----,RL,,0757N 07356W,
CO,COPSB,Simon Bolivar,Simon Bolivar,,1----6--,RQ,,0408S 06958W,
CO,COSIN,Since,Since,,--3-----,RQ,,0914N 07508W,
CO,COSIJ,Sincelejo,Sincelejo,SUC,--3-----,RL,,0918N 07523W,
CO,COSOA,Soacha,Soacha,CUN,--3-----,RL,,0435N 07413W,
CO,COSPC,Sociedad Portuaria Regional Cartagena,Sociedad Portuaria Regional Cartagena,BOL,1-3--6--,RQ,,1024N 07532W,
CO,COSOX,Sogamoso,Sogamoso,BOY,---4----,RQ,,0543N 07256W,
CO,COSQF,Solano,Solano,CAQ,--34----,RL,,0043N 07516W,
CO,COSOL,Soledad,Soledad,ATL,--3-----,RL,,1055N 07446W,
CO,COSOH,Solita,Solita,,---4----,RQ,,,
CO,COSUC,Sucre,Sucre,SUC,--3-----,RL,,0848N 07443W,
CO,COSTM,Sutamarchan,Sutamarchan,BOY,--3-----,AM,,0536N 07338W,
CO,COTTM,Tablon de Tamara,Tablon de Tamara,,---4----,RQ,,,
CO,COTAL,Tamalameque,Tamalameque,CES,--3-----,RL,,0851N 07349W,
CO,COTAM,Tame,Tame,,--3-----,RQ,,0627N 07144W,
CO,COTME,Tame,Tame,ARA,---4----,RQ,,0630N 07146W,
CO,COTCD,Tarapeca,Tarapeca,CAL,--34----,RL,,0456N 07212W,
CO,COTAU,Tauramena,Tauramena,CAS,---4----,RQ,,0500N 07243W,
CO,COTEN,Tenerife,Tenerife,MAG,--3-----,RL,,0954N 07451W,
CO,COTEO,Tenjo,Tenjo,CUN,--3-----,RL,,0452N 07408W,
CO,COTIB,Tibu,Tibu,NSA,--34----,RL,,0838N 07244W,
CO,COTIE,Tierralta,Tierralta,COR,--3-----,RL,,0810N 07603W,
CO,COTBD,Timbiqui,Timbiqui,CAU,--34----,RL,,0245N 07735W,
CO,COTOP,Tocancipá,Tocancipa,CUN,-----6--,RL,,0457N 07354W,
CO,COTLU,Tolú,Tolu,SUC,1--4----,AI,,0932N 07535W,
CO,COTOV,Toluviejo,Toluviejo,SUC,--3-----,RL,,0927N 07526W,
CO,COTQS,Tres Esquinas,Tres Esquinas,,---4----,RQ,,,
CO,COTDA,Trinidad,Trinidad,,---4----,RQ,,,
CO,COULQ,Tulua,Tulua,VAC,---4----,RQ,,0405N 07613W,
CO,COTCO,Tumaco,Tumaco,,1--4----,AI,,,
CO,COTUN,Tunja,Tunja,BOY,--3-----,RQ,,0532N 07321W,
CO,COTBC,Turbaco,Turbaco,BOL,-2------,RL,,1019N 07524W,
CO,COTRB,Turbo,Turbo,ANT,1--4----,AI,,0805N 07643W,
CO,COUMB,Umbita,Umbita,,--3-----,RQ,,0514N 07327W,
CO,COUNC,Unguia,Unguia,CHO,---4----,RQ,,0801N 07705W,
CO,COURI,Uribe,Uribe,MET,---4----,RQ,,0313N 07424W,
CO,COURR,Urrao,Urrao,ANT,---4----,RQ,,0619N 07611W,
CO,COUQN,Usaquen,Usaquen,CUN,--3-----,RL,,0442N 07402W,
CO,COVDJ,Valencia de Jesús,Valencia de Jesus,CES,--3-----,RL,,1018N 07324W,
CO,COVUP,Valledupar,Valledupar,,--34----,RL,,,
CO,COVEL,Velez,Velez,SAN,--3-----,RL,,0600N 07340W,
CO,COVLR,Villa Rica,Villa Rica,CAU,-2------,RL,,0306N 07616W,
CO,COSDU,Villa San Diego de Ubaté,Villa San Diego de Ubate,CUN,--3-----,RL,,0518N 07348W,
CO,COVGZ,Villagarzon,Villagarzon,PUT,--34----,RL,,0104N 07643W,
CO,COGVL,Villanueva,Villanueva,LAG,--3-----,RL,,1036N 07258W,
CO,COVPZ,Villapinzon,Villapinzon,,--3-----,RQ,,0513N 07335W,
CO,COVVC,Villavicencio,Villavicencio,MET,---4----,RQ,,0404N 07333W,
CO,COAYG,Yaguara,Yaguara,HUI,--34----,RL,,0103N 07356W,
CO,COAYI,Yai (Yarinacocha),Yai (Yarinacocha),NAR,---4----,RL,,0023S 07216W,
CO,COVAB,Yavarate,Yavarate,VAU,--34----,RL,,0107N 07045W,
CO,COYMB,Yumbo,Yumbo,,1-3-----,RL,,0335N 07628W,
CO,COZBR,Zambrano,Zambrano,MAG,--3-----,RL,,0944N 07449W,
CO,COAZT,Zapatoca,Zapatoca,SAN,--34----,RL,,0649N 07317W,
CO,COZQA,Zipaquirá,Zipaquira,CUN,--3-----,RL,,0501N 07400W,
