country,locode,name,name_wo,sub_division,function,status,iata,coordinates,remarks,UNLogNumber
CZ,CZAMV,Adamov,Adamov,,--3-----,RL,,4919N 01640E,,
CZ,CZADP,Adrspach,Adrspach,KA,--3-----,RL,,5037N 01606E,,
CZ,CZALB,Albrechtice,Albrechtice,LI,--3-----,RL,,5045N 01518E,,
CZ,CZKAL,Antoninuv Dul,Antoninuv Dul,KR,-----6--,RL,,5035N 01515E,,
CZ,CZASA,As,As,,#NAME?,AA,,,,
CZ,CZATN,Asten,Asten,OL,--3-----,RL,,4813N 01425E,,
CZ,CZBBC,Babice,Babice,JM,1-3-----,RQ,,4859N 01624E,,
CZ,CZBAB,Babice,Babice,ZL,-----6--,RL,,4907N 01729E,,
CZ,CZBAJ,Bakov nad Jizerou,Bakov nad Jizerou,ST,-23-----,RL,,5029N 01456E,,
CZ,CZBAN,Bánov,Banov,,--3-----,AA,,4859N 01743E,,
CZ,CZBAR,Bartosovice,Bartosovice,MO,1-3-----,RL,,4940N 01803E,,
CZ,CZBSK,Baska,Baska,MO,--3-----,RL,,4939N 01822E,,
CZ,CZBTV,Batelov,Batelov,JM,--3-----,RQ,,4919N 01524E,,
CZ,CZBAT,Batnovice,Batnovice,KR,--3-----,RL,,5031N 01603E,,
CZ,CZBAV,Bavorov,Bavorov,JC,--3-----,RL,,4907N 01405E,,
CZ,CZTPZ,Bechovice,Bechovice,ST,-----6--,RQ,,5005N 01437E,,
CZ,CZBEE,Bechyne,Bechyne,JC,--3-----,RL,,4918N 01429E,,
CZ,CZBVR,Becváry,Becvary,ST,--3-----,RL,,4957N 01504E,,
CZ,CZBDH,Bedihost,Bedihost,OL,-----6--,RQ,,4927N 01709E,,
CZ,CZBNR,Bela nad Radbuzou,Bela nad Radbuzou,PL,-----6--,RL,,4936N 01243E,,
CZ,CZBPB,Belá pod Bezdezem,Bela pod Bezdezem,ST,--3-----,RL,,5030N 01448E,,
CZ,CZBPK,Belá pod Kozákovem,Bela pod Kozakovem,LI,--3-----,RL,,5035N 01511E,,
CZ,CZBPP,Belá pod Pradedem,Bela pod Pradedem,OL,--3-----,RL,,5010N 01711E,,
CZ,CZBLH,Belohrad,Belohrad,20,--3-----,RL,,4942N 01412E,,
CZ,CZBEL,Belotín,Belotin,OL,--3-----,RL,,4935N 01749E,,
CZ,CZBNJ,Benátky nad Jizerou,Benatky nad Jizerou,ST,-23-----,RL,,5017N 01450E,,
CZ,CZBEN,Benesov,Benesov,,-23-----,AA,,,,
CZ,CZUBI,Benesov nad Ploucnici,Benesov nad Ploucnici,US,-----6--,RL,,5044N 01419E,,
CZ,CZBNO,Bernartice nad Odrou,Bernartice nad Odrou,MO,--3-----,RL,,4937N 01757E,,
CZ,CZBER,Beroun,Beroun,,-23-----,AA,,,,
CZ,CZBES,Bestovice,Bestovice,PA,--3-----,RL,,5001N 01613E,,
CZ,CZBZN,Bezno,Bezno,,--3-----,RL,,5022N 01447E,,
CZ,CZBIL,Bila,Bila,,#NAME?,AA,,,,
CZ,CZBLC,Bilcice,Bilcice,,--3-----,RQ,,4952N 01734E,,
CZ,CZBLN,Bílina,Bilina,,123-----,RL,,5033N 01346E,,
CZ,CZBIO,Bílovec,Bilovec,MO,-23-----,RL,,4946N 01802E,,
CZ,CZVKB,Bilovice,Bilovice,OL,-----6--,RL,,4931N 01703E,,
CZ,CZBVI,Bílovice,Bilovice,ZL,--3-----,RL,,4906N 01734E,,
CZ,CZBIP,Bily Potok,Bily Potok,,#NAME?,AA,,,,
CZ,CZPBV,Birkov,Birkov,PL,-----6--,RL,,4931N 01314E,,
CZ,CZBVS,Bitozeves,Bitozeves,US,--3-----,RL,,5022N 01339E,,
CZ,CZBLA,Blansko,Blansko,,-23-----,AA,,,,
CZ,CZTNN,Blatna,Blatna,JC,1-------,RQ,,,,
CZ,CZBTA,Blatná,Blatna,JC,-23-----,RL,,4926N 01353E,,
CZ,CZBLJ,Blatnice,Blatnice,JM,--3-----,RL,,4857N 01727E,,
CZ,CZBTN,Blatnicka,Blatnicka,JM,--3-----,RL,,4856N 01732E,,
CZ,CZBLO,Blovice,Blovice,,--3-----,RL,,4934N 01332E,,
CZ,CZBLS,Blsany,Blsany,US,--3-----,RL,,5013N 01328E,,
CZ,CZUCN,Blucina,Blucina,JM,--3-----,RL,,4904N 01639E,,
CZ,CZBLU,Bludov,Bludov,OL,--3-----,RL,,4957N 01656E,,
CZ,CZBOA,Bocanovice,Bocanovice,,--3-----,RQ,,4933N 01843E,,
CZ,CZBHV,Bochov,Bochov,KA,--3-----,RL,,5009N 01303E,,
CZ,CZBDC,Bohdalice,Bohdalice,JM,1-------,RQ,,,,
CZ,CZBHD,Bohdanec,Bohdanec,,--3-----,RQ,,,,
CZ,CZBOH,Bohumin,Bohumin,,#NAME?,AA,,,,
CZ,CZBVE,Bohunovice,Bohunovice,,-23-----,RL,,4940N 01717E,,
CZ,CZBOU,Bohuslavice,Bohuslavice,KR,-----6--,RL,,5019N 01605E,,
CZ,CZKBI,Bohuslavice nad Metuji,Bohuslavice nad Metuji,KR,-----6--,RL,,5022N 01555E,,
CZ,CZBSO,Bohusovice nad Ohri,Bohusovice nad Ohri,US,--3--6--,RL,,5030N 01409E,,
CZ,CZBHT,Bohutín,Bohutin,ST,--3-----,RL,,4939N 01357E,,
CZ,CZBKV,Bojkovice,Bojkovice,ZL,--3-----,RQ,,4902N 01749E,,
CZ,CZBOL,Bolatice,Bolatice,,1-3-----,RQ,,,,
CZ,CZBLT,Bolatice,Bolatice,MO,--3-----,RQ,,4958N 01805E,,
CZ,CZBOO,Bolehost,Bolehost,KR,--3-----,RL,,5013N 01605E,,
CZ,CZBLR,Boleradice,Boleradice,JM,--3-----,RL,,4858N 01649E,,
CZ,CZBLE,Boletice,Boletice,JC,--3-----,RQ,,4849N 01413E,,
CZ,CZB3R,Bor,Bor,KA,--3-----,RL,,5011N 01228E,,
CZ,CZBOR,Bor u Tachova,Bor u Tachova,,-23-----,AA,,,,
CZ,CZBRV,Boranovice,Boranovice,ST,-----6--,RL,,5011N 14290E,,
CZ,CZBRK,Borek,Borek,JC,--3-----,RL,,4921N 01446E,,
CZ,CZPBK,Borek,Borek,PA,-----6--,RL,,5008N 01552E,,
CZ,CZBTC,Boretice,Boretice,,1-3-----,RQ,,,,
CZ,CZBOK,Borohrádek,Borohradek,KR,--3-----,RL,,5006N 01606E,,
CZ,CZBNY,Borotín,Borotin,64,--3-----,RL,,4935N 01640E,,
CZ,CZBOV,Borovany,Borovany,,-23-----,RL,,4855N 01440E,,
CZ,CZZBE,Borsice,Borsice,ZL,-----6--,RL,,4856N 01735E,,
CZ,CZBO5,Borsov,Borsov,VY,--3-----,RL,,4924N 01526E,,
CZ,CZJBU,Borsov nad Vltavou,Borsov nad Vltavou,JC,-----6--,RL,,5032N 01558E,,
CZ,CZBKE,Boskovice,Boskovice,JM,-----6--,RQ,,4929N 01640E,,
CZ,CZBZJ,Bozejovice,Bozejovice,JM,--3-----,RQ,,4928N 01429E,,
CZ,CZBDA,Bozí Dar,Bozi Dar,,-2------,RL,,5025N 01254E,,
CZ,CZBOZ,Bozicany,Bozicany,KA,--3-----,RQ,,5016N 01247E,,
CZ,CZBNL,Brandys nad Labem,Brandys nad Labem,,--3-----,RL,,5011N 01440E,,
CZ,CZBUO,Branka,Branka,,--3-----,RL,,4953N 01752E,,
CZ,CZBVC,Brankovice,Brankovice,JM,-23-----,RL,,4909N 01709E,,
CZ,CZBTE,Brantice,Brantice,MO,--3-----,RL,,5004N 01737E,,
CZ,CZBRS,Braskov,Braskov,ST,--3-----,RL,,5006N 01406E,,
CZ,CZBRP,Brasy,Brasy,PL,--3-----,RL,,4950N 01334E,,
CZ,CZBVZ,Bratríkov,Bratrikov,LI,--3-----,RL,,5041N 01515E,,
CZ,CZBTO,Bratronice,Bratronice,20,--3-----,RL,,5004N 01401E,,
CZ,CZBRX,Bravantice,Bravantice,80,--3-----,RL,,4945N 01805E,,
CZ,CZBVA,Breclav,Breclav,,-23-5---,AA,,,,
CZ,CZBRY,Brezany,Brezany,ST,-----6--,RQ,,5006N 01448E,,
CZ,CZBZI,Brezí,Brezi,,--3-----,RL,,5039N 01407E,,
CZ,CZBRN,Breznice,Breznice,,--3-----,RL,,4933S 01358E,,
CZ,CZDBZ,Brezník,Breznik,,--3-----,RL,,4910N 01612E,,
CZ,CZBR8,Brezolupy,Brezolupy,ZL,-----6--,RL,,4909N 01735E,,
CZ,CZBRE,Brezova,Brezova,,#NAME?,AA,,,,
CZ,CZBNS,Brezová nad Svitavou,Brezova nad Svitavou,PA,--3-----,RL,,4939N 01631E,,
CZ,CZBZY,Brezuvky,Brezuvky,ZL,-----6--,RQ,,4909N 01742E,,
CZ,CZBDI,Bridlicna,Bridlicna,,--3-----,RL,,4955N 01722E,,
CZ,CZBRI,Brnik,Brnik,,--3-----,RL,,4959N 01454E,,
CZ,CZBIS,Brniste,Brniste,51,--3-----,RL,,5044N 01442E,,
CZ,CZBRQ,Brno,Brno,JM,-2345---,AA,,4912N 01638E,,
CZ,CZKBD,Brod nad Labem,Brod nad Labem,KR,-----6--,RL,,5022N 01555E,,
CZ,CZBRM,Broumov,Broumov,,#NAME?,AA,,,,
CZ,CZBRT,Brtnice,Brtnice,VY,--3-----,RL,,4919N 01541E,,
CZ,CZBBY,Brumov-Bylnice,Brumov-Bylnice,,--3-----,RQ,,4906N 01801E,,
CZ,CZBNT,Bruntál,Bruntal,,--3-----,RL,,4959N 01727E,,
CZ,CZBUB,Bubovice,Bubovice,ST,1-------,RQ,,,,
CZ,CZBLV,Buchlovice,Buchlovice,ZL,-----6--,RQ,,4505N 01720E,,
CZ,CZBCV,Bucovice,Bucovice,,--3-----,RL,,4909N 01700E,,
CZ,CZKKR,Budceves,Budceves,KR,--3-----,RL,,5019N 01515E,,
CZ,CZBUD,Budinek,Budinek,,--3-----,RL,,4945N 01412E,,
CZ,CZBNB,Budisov nad Budisovkou,Budisov nad Budisovkou,MO,-----6--,RL,,4948N 01738E,,
CZ,CZBUL,Budyne nad Ohri,Budyne nad Ohri,US,--3-----,RL,,5024N 01409E,,
CZ,CZBUS,Bustehrad,Bustehrad,ST,-23-----,RL,,5010N 01411E,,
CZ,CZBYN,Bynov,Bynov,US,-23-----,RL,,5046N 01409E,,
CZ,CZBYS,Bysice,Bysice,PR,1-------,RQ,,,,
CZ,CZBY5,Bysice,Bysice,ST,--3-----,RL,,5019N 01437E,,
CZ,CZBYE,Bystre,Bystre,PA,--3-----,RQ,,4938N 01620E,,
CZ,CZBPH,Bystrice,Bystrice,,--3-----,RL,,4938N 01844E,,
CZ,CZBNP,Bystrice nad Pernstejnem,Bystrice nad Pernstejnem,VY,--3-----,RL,,4931N 01616E,,
CZ,CZBYP,Bystrice pod Hostýnem,Bystrice pod Hostynem,ZL,-23--6--,RL,,4924N 01741E,,
CZ,CZBYT,Bystrocice,Bystrocice,OL,-----6--,RL,,4932N 17120E,,
CZ,CZBZC,Bzenec,Bzenec,JM,-23-----,RL,,4858N 01717E,,
CZ,CZCSV,Caslav,Caslav,ST,--3-----,RL,,4955N 01524E,,
CZ,CZCST,Castkov,Castkov,,--3-----,RL,,4906N 01737E,,
CZ,CZCAS,Castolovice,Castolovice,KR,--3-----,RL,,5008N 01611E,,
CZ,CZCBN,Cebin,Cebin,JM,--3-----,RQ,,4919N 01629E,,
CZ,CZCEJ,Cejkovice,Cejkovice,JM,--3-----,RL,,4854N 01657E,,
CZ,CZCLK,Celákovice,Celakovice,,-23-----,RN,,5010N 01446E,,
CZ,CZCEP,Cepi,Cepi,PR,123-----,RQ,,4959N 01542E,,
CZ,CZCY2,Cepirohy,Cepirohy,42,--3-----,RL,,5029N 01337E,,
CZ,CZCNL,Cerekvice nad Loucnou,Cerekvice nad Loucnou,PA,-23-----,RL,,4954N 01614E,,
CZ,CZSCE,Cerhovice,Cerhovice,ST,-----6--,RL,,4951N 01350E,,
CZ,CZCEH,Cerna Hora,Cerna Hora,JM,--3-----,RQ,,4925N 01635E,,
CZ,CZCVP,Cerna v Posumavi,Cerna v Posumavi,,--3-----,RQ,,4844N 01406E,,
CZ,CZC53,Cerná za Bory,Cerna za Bory,PA,--3-----,RL,,5001N 01550E,,
CZ,CZCRC,Cernice,Cernice,PL,--3-----,RL,,4925N 01341E,,
CZ,CZCNI,Cernice,Cernice,US,--3-----,RL,,5034N 01332E,,
CZ,CZCER,Cernosice,Cernosice,ST,--3-----,RL,,4958N 01419E,,
CZ,CZCNZ,Cernozice,Cernozice,,--3-----,RL,,5019N 01552E,,
CZ,CZCNC,Cernuc,Cernuc,ST,--3-----,RL,,5018N 01412E,,
CZ,CZCYD,Cerný Dul,Cerny Dul,KR,--3-----,RL,,5038N 01543E,,
CZ,CZC7V,Cervená Voda,Cervena Voda,PA,1-------,RL,,5002N 01645E,,
CZ,CZCVA,Cervená Voda,Cervena Voda,PA,--3-----,RL,,5002N 01645E,,
CZ,CZCVJ,Cervené Janovice,Cervene Janovice,ST,--3-----,RL,,4950N 01515E,,
CZ,CZCVK,Cervenka,Cervenka,OL,--3-----,RL,,4943N 01705E,,
CZ,CZCVY,Cervený Kostelec,Cerveny Kostelec,KR,--3-----,RL,,5029N 01605E,,
CZ,CZCS4,Ceská,Ceska,JM,--3-----,RL,,4917N 01634E,,
CZ,CZU7J,Ceska Kamenice,Ceska Kamenice,US,--3-----,RL,,5048N 01426E,,
CZ,CZCEK,Ceská Kubice,Ceska Kubice,,#NAME?,AA,,4922N 01251E,,
CZ,CZCLI,Ceská Lípa,Ceska Lipa,,-23-----,AA,,5041N 01433E,,
CZ,CZKCE,Ceska Metuje,Ceska Metuje,KR,-----6--,RL,,5033N 01611E,,
CZ,CZCSK,Ceská Skalice,Ceska Skalice,,-23-----,RL,,5024N 01603E,,
CZ,CZCTR,Ceská Trebová,Ceska Trebova,,-23-----,AA,,4954N 01627E,,
CZ,CZCEV,Ceská Ves,Ceska Ves,OL,1-3-----,RL,,5015N 01714E,,
CZ,CZCKB,Ceské Budejovice,Ceske Budejovice,,-23-5---,AA,,4859N 01428E,,
CZ,CZCKP,Ceské Kopisty,Ceske Kopisty,,-23-----,RN,,5032N 01410E,,
CZ,CZCEM,Ceské Mezirící,Ceske Mezirici,KR,-23-----,RL,,5017N 01603E,,
CZ,CZVEA,Ceské Velenice,Ceske Velenice,,#NAME?,AA,,4846N 01458E,,
CZ,CZCSB,Cesky Brod,Cesky Brod,,--3-----,RL,,5005N 01452E,,
CZ,CZCYB,Cesky Dub,Cesky Dub,LI,--3-----,RL,,5039N 01459E,,
CZ,CZCKR,Cesky Krumlov,Cesky Krumlov,JC,-23--6--,AA,,4849N 01419E,,
CZ,CZCEY,Cesky Rudolec,Cesky Rudolec,31,--3-----,AM,,4904N 01520E,,
CZ,CZTEA,Cesky Tesín,Cesky Tesin,,#NAME?,AA,,4945N 01837E,,
CZ,CZCTC,Cestice,Cestice,JC,--3-----,RL,,4910N 01349E,,
CZ,CZU6R,Cestín,Cestin,ST,--3-----,RL,,4940N 01446E,,
CZ,CZCCE,Cestlice,Cestlice,,--3-----,RL,,4959N 01434E,,
CZ,CZCBV,Chabarovice,Chabarovice,US,--3-----,RL,,5041N 01356E,,
CZ,CZCHB,Cheb,Cheb,,-23-5---,AA,,,,
CZ,CZCHL,Chlebicov,Chlebicov,,--3-----,RL,,,,
CZ,CZCOE,Chlebovice,Chlebovice,MO,--3-----,RL,,4940N 01817E,,
CZ,CZCLV,Chlístov,Chlistov,63,--3-----,RL,,4912N 01544E,,
CZ,CZCLM,Chlum,Chlum,JC,-23-----,RL,,4851N 01355E,,
CZ,CZC5U,Chlumcany,Chlumcany,US,--3-----,RL,,5020N 01351E,,
CZ,CZCPC,Chlumcany u Prestic,Chlumcany u Prestic,PL,-----6--,RQ,,4938N 01318E,,
CZ,CZUSC,Chlumec,Chlumec,US,--3-----,RL,,5042N 01356E,,
CZ,CZCDC,Chlumec nad Cidlinou,Chlumec nad Cidlinou,KR,-----6--,RL,,5009N 01527E,Short:Chlumec,
CZ,CZCCN,Chocen,Chocen,,123-----,RL,,5000N 01614E,,
CZ,CZCCD,Chocerady,Chocerady,ST,-----6--,RL,,4953N 01448E,,
CZ,CZCML,Chocomysl,Chocomysl,PL,--3-----,RL,,4928N 01307E,,
CZ,CZCHO,Chodov,Chodov,PL,--3--6--,RL,,4925N 01249E,,
CZ,CZCPL,Chodová Planá,Chodova Plana,,-23-----,RL,,4953N 01244E,,
CZ,CZCHM,Chomutov,Chomutov,,-23-----,AA,,,,
CZ,CZPCE,Chornice,Chornice,PA,-----6--,RL,,4940N 01645E,,
CZ,CZCBO,Chotebor,Chotebor,VY,-23-----,RL,,4943N 01541E,,
CZ,CZCHT,Chotebuz,Chotebuz,,#NAME?,AA,,,,
CZ,CZCSO,Chotesov,Chotesov,PL,--3-----,RL,,4939N 01313E,,
CZ,CZCOO,Chotoviny,Chotoviny,JC,--3-----,RQ,,,,
CZ,CZCTB,Chotysany,Chotysany,ST,--3-----,RL,,4945N 01449E,,
CZ,CZCTY,Chovotiny,Chovotiny,,--3-----,RL,,4928N 01441E,,
CZ,CZCHS,Chrast,Chrast,PA,--3-----,RL,,4954N 01558E,,
CZ,CZCRT,Chrást,Chrast,PL,--3-----,RL,,4948N 01330E,,
CZ,CZCNS,Chrást nad Sázavou,Chrast nad Sazavou,ST,--3-----,RL,,4951N 01435E,,
CZ,CZCSY,Chrastany,Chrastany,ST,-----6--,RQ,,5003N 01416E,,
CZ,CZCUL,Chrastava,Chrastava,,123-----,RL,,5049N 01458E,,
CZ,CZCBA,Chribská,Chribska,US,-----6--,RL,,5052N 01429E,,
CZ,CZCPY,Chropyne,Chropyne,ZL,--3-----,RL,,4921N 01722E,,
CZ,CZCSE,Chroustovice,Chroustovice,PA,--3-----,RL,,4958N 01600E,,
CZ,CZCHR,Chrudim,Chrudim,,-23-----,AA,,,,
CZ,CZCHZ,Chrustenice,Chrustenice,OL,1-------,RQ,,,,
CZ,CZCHA,Chuchelna,Chuchelna,LI,-----6--,RQ,,5036N 01517E,,
CZ,CZCLA,Chuchelna,Chuchelna,MO,-----6--,RQ,,4959N 01807E,,
CZ,CZCHU,Chudobín,Chudobin,,1-3-----,RL,,4934N 01616E,,
CZ,CZG44,Chvalatice,Chvalatice,JM,1----6--,RQ,,4857N 15450W,,
CZ,CZCCV,Chvalcov,Chvalcov,ZL,--3-----,RL,,4923N 01743E,,
CZ,CZCHV,Chvaletice,Chvaletice,,--3-----,RN,,5002N 01525E,,
CZ,CZAQW,Chvalovice,Chvalovice,JM,--3-----,RL,,4847N 01605E,,
CZ,CZCNE,Chyne,Chyne,ST,-----6--,RQ,,5005N 01414E,,
CZ,CZCHN,Chynov,Chynov,JC,--3-----,RQ,,,,
CZ,CZCN8,Cicenice,Cicenice,31,--3-----,RL,,4909N 01414E,,
CZ,CZMCE,Cimelice,Cimelice,JM,1-------,RQ,,,,
CZ,CZCCA,Cínovec,Cinovec,,#NAME?,AA,,5044N 01346E,,
CZ,CZCIZ,Cizkovice,Cizkovice,US,--3-----,RQ,,5029N 01402E,,
CZ,CZCHY,Ckyne,Ckyne,JC,--3-----,RL,,4908N 01321E,,
CZ,CZCLU,Clunek,Clunek,JC,--3-----,RL,,4907N 01508E,,
CZ,CZCTE,Ctineves,Ctineves,US,--3-----,RL,,5023N 01419E,,
CZ,CZCTV,Ctverín,Ctverin,LI,--3-----,RL,,5036N 01506E,,
CZ,CZLCV,Cvikov,Cvikov,LI,-----6--,RL,,5047N 01438E,,
CZ,CZDCI,Dacice,Dacice,JC,--3-----,RL,,4905N 01526E,,
CZ,CZDLC,Dalecín,Dalecin,,--3-----,RL,,4936N 01615E,,
CZ,CZDVI,Dalovice,Dalovice,KA,--3--6--,RL,,5015N 01254E,,
CZ,CZPDE,Dasice,Dasice,PA,-----6--,RL,,5001N 01555E,,
CZ,CZDAV,Davle,Davle,ST,-----6--,RL,,4953N 01423E,,
CZ,CZXC3,Deblín,Deblin,JM,--3-----,RL,,4919N 01621E,,
CZ,CZDCB,Decín,Decin,,123-5---,AA,,5047N 01413E,,
CZ,CZSKJ,Dehtary,Dehtary,ST,1----6--,RL,,5009N 14038E,,
CZ,CZDEP,Depoltovice,Depoltovice,41,--3-----,RL,,5018N 01249E,,
CZ,CZDST,Destná,Destna,JC,--3-----,RL,,4016N 01456E,,
CZ,CZDEJ,Destné,Destne,80,--3-----,RL,,4954N 01741E,,
CZ,CZDOH,Destne v Orlickych Horach,Destne v Orlickych Horach,KR,1-------,RQ,,,,
CZ,CZDTE,Detkovice,Detkovice,OL,--3-----,RL,,4925N 01705E,,
CZ,CZDMV,Detmarovice,Detmarovice,MO,--3-----,RL,,4957N 01823E,,
CZ,CZDIH,Dívcí Hrad,Divci Hrad,80,-----6--,RL,,5015N 01738E,,
CZ,CZDIV,Divisov,Divisov,,1-3--6--,RL,,4947N 01453E,,
CZ,CZDIS,Divisov,Divisov,PR,123-----,RQ,,,,
CZ,CZDKE,Dobkovice,Dobkovice,,-23-----,RL,,5042N 01410E,,
CZ,CZDBA,Dobra,Dobra,MO,--3-----,RQ,,4941N 01825E,,
CZ,CZDBY,Dobrany,Dobrany,,-23-----,RL,,4939N 01317E,,
CZ,CZDJE,Dobrejovice,Dobrejovice,ST,--3-----,RL,,4959N 01435E,,
CZ,CZDBE,Dobrenice,Dobrenice,KR,-----6--,RQ,,5090N 15390E,,
CZ,CZDOC,Dobric,Dobric,ST,-----6--,RL,,5001N 01416E,,
CZ,CZDBH,Dobrichovice,Dobrichovice,ST,--3-----,RL,,4956N 01417E,,
CZ,CZDRS,Dobris,Dobris,,123--6--,RL,,4947N 01410E,,
CZ,CZDRK,Dobrkovice,Dobrkovice,ZL,--3--6--,RL,,4906N 01740E,,
CZ,CZDRO,Dobromerice,Dobromerice,US,1----6--,RL,,5022N 01348E,,
CZ,CZDBR,Dobronín,Dobronin,VY,-----6--,RQ,,4929N 01539E,,
CZ,CZSDE,Dobrovice,Dobrovice,ST,-----6--,RL,,5022N 01457E,,
CZ,CZDDD,Dobroviz,Dobroviz,ST,1----6--,RL,,5070N 14130E,,
CZ,CZKRB,Dobruska,Dobruska,KR,1-------,RQ,,,,
CZ,CZDSI,Dobsice,Dobsice,JM,--3-----,RL,,4851N 01605E,,
CZ,CZDLN,Dolany,Dolany,,--3-----,RN,,5013N 01421E,,
CZ,CZDBV,Dolní Becva,Dolni Becva,,--3-----,RL,,4927N 01811E,,
CZ,CZDOB,Dolní Benesov,Dolni Benesov,,123-----,RL,,4955N 01807E,,
CZ,CZBBE,Dolní Berkovice,Dolni Berkovice,,123-----,RL,,5023N 01426E,,
CZ,CZDBO,Dolní Bojanovice,Dolni Bojanovice,JM,--3-----,RL,,4851N 01702E,,
CZ,CZDIB,Dolni Brezany,Dolni Brezany,PR,-----6--,RQ,,4958N 01428E,,
CZ,CZDCE,Dolní Cetno,Dolni Cetno,,-23-----,RL,,5024N 01449E,,
CZ,CZDOD,Dolní Dobrouc,Dolni Dobrouc,53,--3-----,RL,,4959N 01630E,,
CZ,CZZ4D,Dolni Dunajovice,Dolni Dunajovice,JM,--3-----,RL,,4851N 01636E,,
CZ,CZDDA,Dolní Dvoriste,Dolni Dvoriste,,#NAME?,AA,,4839N 01427E,,
CZ,CZSK5,Dolní Jircany,Dolni Jircany,ST,1-3-----,RL,,4957N 01432E,,
CZ,CZDKN,Dolní Kalná,Dolni Kalna,,--3-----,RL,,5032N 01539E,,
CZ,CZJDK,Dolni Kounice,Dolni Kounice,JM,-----6--,RQ,,4940N 16280E,,
CZ,CZDKR,Dolní Kralovice,Dolni Kralovice,20,--3-----,RL,,4940N 01509E,,
CZ,CZDOL,Dolní Lhota,Dolni Lhota,,1-3-----,RL,,4908N 01749E,,
CZ,CZDZL,Dolni Lhota u Luhacovic,Dolni Lhota u Luhacovic,MO,-----6--,RL,,4908N 01748E,,
CZ,CZDLI,Dolní Lipka,Dolni Lipka,,#NAME?,AA,,5006N 01643E,,
CZ,CZDO7,Dolni Loucky,Dolni Loucky,VY,--3-----,RL,,4922N 01621E,,
CZ,CZDJC,Dolni Pena,Dolni Pena,JC,-----6--,RQ,,4907N 01501E,,
CZ,CZDPL,Dolní Podluzí,Dolni Podluzi,US,--3-----,RL,,5053N 01436E,,
CZ,CZDNA,Dolni Poustevna,Dolni Poustevna,US,--3-----,RL,,5059N 01418E,,
CZ,CZDOE,Dolni Redice,Dolni Redice,PA,--3-----,RQ,,5005N 01555E,,
CZ,CZPDN,Dolni Roven,Dolni Roven,PA,-----6--,RL,,5002N 01559E,,
CZ,CZDLR,Dolní Rychnov,Dolni Rychnov,KA,-----6--,RQ,,5009N 01238E,,
CZ,CZODD,Dolni Ujezd (u Prerova),Dolni Ujezd (u Prerova),OL,-----6--,RL,,4933N 01732E,,
CZ,CZDVE,Dolní Vestonice,Dolni Vestonice,JM,-----6--,RQ,,4853N 01639E,,
CZ,CZM6T,Dolní Zivotice,Dolni Zivotice,MO,--3-----,RL,,4954N 01747E,,
CZ,CZDMS,Domasov,Domasov,JM,--3-----,RL,,4915N 01620E,,
CZ,CZDMZ,Domazelice,Domazelice,71,-----6--,RL,,4926N 01733E,,
CZ,CZDOM,Domazlice,Domazlice,,-23-----,AA,,,,
CZ,CZDMU,Domousnice,Domousnice,20,--3-----,RL,,5023N 01506E,,
CZ,CZDBX,Doubi,Doubi,KA,--3-----,RL,,5012N 01249E,,
CZ,CZDNS,Doubravice nad Svitavou,Doubravice nad Svitavou,JM,--3-----,RL,,4926N 01638E,,
CZ,CZV8D,Doubravnik,Doubravnik,64,--3-----,RL,,4925N 01621E,,
CZ,CZDNO,Doudleby nad Orlicí,Doudleby nad Orlici,KR,-----6--,RQ,,5006N 01615E,,
CZ,CZDHE,Drahenice,Drahenice,ST,-----6--,RL,,4931N 01358E,,
CZ,CZDRA,Drasov,Drasov,,--3-----,RL,,4920N 01629E,,
CZ,CZDRH,Drhovice,Drhovice,JC,--3-----,RL,,4926N 01434E,,
CZ,CZDSY,Drisy,Drisy,,--3--6--,RQ,,5014N 01439E,,
CZ,CZDRI,Dríten,Driten,JC,--3-----,RL,,4909N 01421E,,
CZ,CZDRN,Drnholec,Drnholec,JM,1----6--,RL,,4851N 01630E,,
CZ,CZDRE,Drnovice,Drnovice,JM,--3-----,RQ,,4917N 01657E,,
CZ,CZDRL,Drslavice,Drslavice,ZL,--3-----,RL,,4903N 01736E,,
CZ,CZDKV,Drzkov,Drzkov,,123-----,RL,,5041N 01519E,,
CZ,CZDNC,Dubenec,Dubenec,KR,--3-----,RL,,5023N 01548E,,
CZ,CZDBI,Dubi,Dubi,,--3-----,AA,,,,
CZ,CZDBK,Dubicko,Dubicko,OL,-----6--,RQ,,4950N 01657E,,
CZ,CZDLV,Dublovice,Dublovice,ST,--3-----,RQ,,4940N 01422E,,
CZ,CZ8KJ,Dubnany,Dubnany,JM,--3-----,RL,,4855N 01706E,,
CZ,CZDBN,Dubnice,Dubnice,LI,--3-----,RL,,5043N 01449E,,
CZ,CZDUC,Duchcov,Duchcov,,--3-----,RL,,5036N 01345E,,
CZ,CZDOV,Dukovany,Dukovany,VY,--3-----,RQ,,,,
CZ,CZDVO,Dvorce,Dvorce,MO,--3-----,RL,,4950N 01734E,,
CZ,CZDVK,Dvur Králové nad Labem,Dvur Kralove nad Labem,,-23-----,AA,,5026N 01549E,,
CZ,CZDYJ,Dyje,Dyje,JM,--3-----,RL,,4851N 01607E,,
CZ,CZDYM,Dymokury,Dymokury,ST,--3-----,RL,,5014N 01511E,,
CZ,CZDYN,Dynín,Dynin,JC,--3-----,RL,,4908N 01438E,,
CZ,CZDYY,Dysina,Dysina,PL,--3-----,RL,,4946N 01329E,,
CZ,CZEJP,Ejpovice,Ejpovice,PL,-23-----,RL,,4945N 01331E,,
CZ,CZFOL,Folmava,Folmava,,#NAME?,AA,,,,
CZ,CZFNP,Frantiskov nad Ploucnici,Frantiskov nad Ploucnici,US,-----6--,RL,,5043N 01420E,,
CZ,CZFLZ,Frantiskovy Lazne,Frantiskovy Lazne,KA,--3-----,RQ,,5007N 01222E,,
CZ,CZFRT,Frenstát pod Radhostem,Frenstat pod Radhostem,,--3-----,RL,,4932N 01812E,,
CZ,CZFRE,Frycovice,Frycovice,MO,--3-----,RL,,4940N 01814E,,
CZ,CZFRM,Frydek-Místek,Frydek-Mistek,,-23-----,AA,,4941N 01820E,,
CZ,CZFRY,Frydlant,Frydlant,,-23-----,AA,,,,
CZ,CZMFI,Frydlant nad Ostravici,Frydlant nad Ostravici,MO,-----6--,RL,,4935N 01821E,,
CZ,CZFTK,Frystak,Frystak,ZL,-----6--,RL,,4918N 01742E,,
CZ,CZFLK,Fulnek,Fulnek,80,--3-----,RL,,4943N 01755E,,
CZ,CZGOL,Golcuv Jeníkov,Golcuv Jenikov,,-23-----,RL,,4949N 01529E,,
CZ,CZGRM,Greslové Myto,Greslove Myto,64,--3-----,RL,,4859N 01553E,,
CZ,CZGGV,Grygov,Grygov,OL,-23-----,RL,,4933N 01719E,,
CZ,CZHTA,Habartice,Habartice,LI,--3-----,RL,,5100N 01504E,,
CZ,CZHTO,Habartov,Habartov,KA,--3-----,RL,,5012N 01233E,,
CZ,CZHJD,Haj u Duchcova,Haj u Duchcova,US,-----6--,RQ,,5037N 01342E,,
CZ,CZHNJ,Haje nad Jizerou,Haje nad Jizerou,LI,--3-----,RQ,,,,
CZ,CZHLM,Halámky,Halamky,,#NAME?,AA,,4851N 01455E,,
CZ,CZHAL,Halenkov,Halenkov,ZL,-23-----,RL,,4919N 01809E,,
CZ,CZHSC,Hanusovice,Hanusovice,OL,--3-----,RL,,5005N 01657E,,
CZ,CZHVA,Harrachov,Harrachov,,#NAME?,AA,,,,
CZ,CZHAT,Hate,Hate,,#NAME?,AA,,,,
CZ,CZHAV,Havírov,Havirov,,-23-----,RL,,4948N 01824E,,
CZ,CZHBV,Havlíckova Borová,Havlickova Borova,VY,--3-----,RL,,4939N 01547E,,
CZ,CZHVB,Havlíckuv Brod,Havlickuv Brod,,-23-----,AA,,4937N 01535E,,
CZ,CZHVN,Havran,Havran,US,-----6--,RL,,5026N 01336E,,
CZ,CZHAZ,Hazlov,Hazlov,KA,--3-----,RL,,5009N 01216E,,
CZ,CZHJC,Hejnice,Hejnice,LI,--3-----,RQ,,5053N 01511E,,
CZ,CZHEL,Helvíkovice,Helvikovice,PA,--3-----,RL,,5005N 01626E,,
CZ,CZHEK,Herink,Herink,ST,--3-----,RL,,4958N 01435E,,
CZ,CZHNL,Hermanice nad Labem,Hermanice nad Labem,KR,-----6--,RQ,,5022N 01555E,,
CZ,CZHER,Hermanova Hut,Hermanova Hut,PL,-2------,RL,,4942N 01305E,,
CZ,CZHMM,Hermanuv Mestec,Hermanuv Mestec,,--3-----,RL,,4957N 01540E,,
CZ,CZHEA,Hevlín,Hevlin,,#NAME?,AA,,4845N 01623E,,
CZ,CZMOZ,Hladke Zivotice,Hladke Zivotice,MO,--3-----,RL,,4941N 01757E,,
CZ,CZHLA,Hlavenec,Hlavenec,20,--3-----,RL,,5014N 01442E,,
CZ,CZHLN,Hlinsko,Hlinsko,,-23-----,AA,,,,
CZ,CZHLH,Hlohovec,Hlohovec,64,--3-----,RL,,4847N 01646E,,
CZ,CZHLP,Hlubocepy,Hlubocepy,ST,1-------,RQ,,,,
CZ,CZHLB,Hlubocky,Hlubocky,,--3-----,RL,,4938N 01724E,,
CZ,CZHLV,Hluboká nad Vltavou,Hluboka nad Vltavou,JC,-23-----,RQ,,4903N 01426E,,
CZ,CZHUC,Hlucin,Hlucin,MO,--3-----,RQ,,,,
CZ,CZHLK,Hluk,Hluk,,--3-----,RL,,4859N 01732E,,
CZ,CZHLU,Hluk,Hluk,ZL,123-----,RQ,,4859N 01731E,,
CZ,CZHHN,Hnanice,Hnanice,64,--3-----,RL,,4848N 01559E,,
CZ,CZHTN,Hnátnice,Hnatnice,PA,--3-----,RL,,5001N 01626E,,
CZ,CZHVI,Hnevice,Hnevice,,-23-----,RL,,4944N 01306E,,
CZ,CZHNE,Hnevotín,Hnevotin,,--3-----,RL,,4934N 01711E,,
CZ,CZHNO,Hnojni,Hnojni,MO,-23-----,RQ,,,,
CZ,CZTAO,Hnojník,Hnojnik,80,--3-----,RL,,4940N 01832E,,
CZ,CZHSV,Hobsovice,Hobsovice,ST,--3-----,RQ,,5016N 01410E,,
CZ,CZHOM,Hodkovice nad Mohelkou,Hodkovice nad Mohelkou,LI,-23-----,RL,,5039N 01505E,,
CZ,CZHOP,Hodkovice Praha Zapad,Hodkovice Praha Zapad,PR,--3-----,RL,,4958N 01429E,,
CZ,CZHDN,Hodonice,Hodonice,JC,--3-----,RL,,4844N 01425E,,
CZ,CZHON,Hodonice,Hodonice,JM,--3-----,RL,,4850N 01610E,,
CZ,CZHOD,Hodonin,Hodonin,,-23-----,AA,,,,
CZ,CZHOE,Holasice,Holasice,64,--3-----,RL,,4904N 01637E,,
CZ,CZHOL,Holesov,Holesov,,---4----,AA,,,,
CZ,CZHCE,Holice,Holice,,--3-----,RL,,5004N 01558E,,
CZ,CZHLC,Holice,Holice,OL,--3--6--,RL,,4934N 17180E,,
CZ,CZHOO,Holoubkov,Holoubkov,PL,--3-----,RL,,4947N 01342E,,
CZ,CZYHO,Holubice,Holubice,,--3-----,RL,,5012N 01418E,,
CZ,CZBVH,Holubov,Holubov,JC,--3-----,RL,,4853N 01419E,,
CZ,CZYOV,Holýsov,Holysov,PL,-----6--,RL,,4936N 01306E,,
CZ,CZHOS,Hora Svatého Sebestiána,Hora Svateho Sebestiana,,#NAME?,AA,,5031N 01316E,,
CZ,CZHZV,Horazd' ovice,Horazd' ovice,,--3-----,RL,,4920N 01341E,,
CZ,CZHDE,Horazdovice,Horazdovice,PL,-----6--,RQ,,4919N 01342E,,
CZ,CZHRD,Horesedly,Horesedly,ST,--3-----,RL,,5010N 01337E,,
CZ,CZHRP,Horice,Horice,,--3--6--,RL,,5021N 01537E,,
CZ,CZLHY,Horka u Stare Paky,Horka u Stare Paky,LI,--3--6--,RL,,5031N 01534E,,
CZ,CZHAH,Horní Adrspach,Horni Adrspach,,--3-----,RL,,5037N 01606E,,
CZ,CZHBC,Horní Becva,Horni Becva,,#NAME?,AA,,4926N 01817E,,
CZ,CZHOB,Horní Benesov,Horni Benesov,MO,--3-----,RL,,4958N 01736E,,
CZ,CZHBA,Horní Bríza,Horni Briza,PL,-23-----,RL,,4950N 01321E,,
CZ,CZHCV,Horní Cerekev,Horni Cerekev,,--3-----,RL,,4920N 01520E,,
CZ,CZHDA,Horní Dvoriste,Horni Dvoriste,,#NAME?,AA,,4836N 01425E,,
CZ,CZHJI,Horni Jiretin,Horni Jiretin,,--3-----,RQ,,5034N 01334E,,
CZ,CZHOR,Horní Libchava,Horni Libchava,LI,--3-----,RL,,5043N 01429E,,
CZ,CZHLD,Horní Lidec,Horni Lidec,,#NAME?,AA,,4911N 01804E,,
CZ,CZSHY,Horni Pocaply,Horni Pocaply,ST,-----6--,RL,,5025N 01423E,,
CZ,CZHPN,Horní Pocernice,Horni Pocernice,ST,--3-----,RL,,5007N 01438E,,
CZ,CZHSO,Horní Slavkov,Horni Slavkov,,-23-----,RL,,5009N 01248E,,
CZ,CZHSP,Horni Stepanov,Horni Stepanov,OL,--3-----,RQ,,4934N 01637E,,
CZ,CZHSU,Horní Suchá,Horni Sucha,,-23-----,RL,,4948N 01829E,,
CZ,CZHTE,Horni Tasovice,Horni Tasovice,,--3-----,RL,,5010N 01300E,,
CZ,CZHTV,Horni Tresnovec,Horni Tresnovec,PA,1-------,RQ,,,,
CZ,CZHMR,Horomerice,Horomerice,ST,--3-----,RL,,5008N 01420E,,
CZ,CZHRV,Horovice,Horovice,,-23-----,RL,,4951N 01354E,,
CZ,CZHKT,Horsovsky Tyn,Horsovsky Tyn,PL,--3-----,RL,,4931N 01256E,,
CZ,CZHS5,Horusice,Horusice,20,-----6--,RL,,5000N 01526E,,
CZ,CZHRY,Hory,Hory,MO,-23-----,RL,,4953N 01745E,,
CZ,CZHST,Hostinne,Hostinne,JC,1-------,RQ,,,,
CZ,CZHVE,Hostivice,Hostivice,ST,-23-----,RL,,5005N 01416E,,
CZ,CZHOT,Hostomice,Hostomice,ZL,1-------,RQ,,,,
CZ,CZHSE,Hostovice,Hostovice,PA,-----6--,RQ,,5000N 01552E,,
CZ,CZHOV,Hovezí,Hovezi,ZL,--3-----,RL,,4918N 01804E,,
CZ,CZHKR,Hradec Králové,Hradec Kralove,,-23-----,AA,,5013N 01551E,,
CZ,CZHNS,Hradec nad Svitavou,Hradec nad Svitavou,PA,--3-----,RL,,4943N 01629E,,
CZ,CZHRM,Hradec-nad-Moravici,Hradec-nad-Moravici,,--3-----,RL,,4952N 01752E,,
CZ,CZDEK,Hradek,Hradek,PL,1----6--,RL,,4943N 01339E,,
CZ,CZHUA,Hrádek nad Nisou,Hradek nad Nisou,,--3-----,RL,,5051N 01450E,,
CZ,CZHDR,Hrádek u Rokycan,Hradek u Rokycan,PL,-----6--,RL,,4944N 01335E,,
CZ,CZHRN,Hradesin,Hradesin,ST,123-----,RL,,5002N 01445E,,
CZ,CZHLT,Hradistko,Hradistko,ST,--3-----,RN,,5010N 01456E,,
CZ,CZ2NC,Hranice,Hranice,LI,--3-----,RL,,5044N 01526E,,
CZ,CZHNI,Hranice,Hranice,OL,-----6--,RL,,4933N 17440E,,
CZ,CZPHM,Hranice na Morave,Hranice na Morave,PL,-----6--,RL,,4933N 01746E,,
CZ,CZPDB,Hranicky,Hranicky,PA,-----6--,RQ,,4943N 01648E,,
CZ,CZHCK,Hrebecniky,Hrebecniky,ST,--3-----,RL,,4959N 01345E,,
CZ,CZHRE,Hredle,Hredle,ST,--3-----,RL,,5011N 01345E,,
CZ,CZHSA,Hrensko,Hrensko,,1-3----B,AA,,,,
CZ,CZHRO,Hrob,Hrob,US,--3-----,RL,,5040N 01343E,,
CZ,CZHRC,Hrobce,Hrobce,US,--3-----,RL,,5028N 01414E,,
CZ,CZHCI,Hrobcice,Hrobcice,US,--3-----,RL,,5030N 01347E,,
CZ,CZHTY,Hrochuv Týnec,Hrochuv Tynec,PA,--3-----,RL,,4958N 01555E,,
CZ,CZHNV,Hronov,Hronov,KR,--3-----,RL,,5029N 01611E,,
CZ,CZVHE,Hrotovice,Hrotovice,VY,-----6--,RL,,4908N 01603E,,
CZ,CZKHN,Hroznetin,Hroznetin,KA,-----6--,RL,,5018N 01252E,,
CZ,CZHUV,Hruba Vrbka,Hruba Vrbka,JM,--3-----,RQ,,,,
CZ,CZHRB,Hrubcice,Hrubcice,OL,-----6--,RL,,4944N 17193E,,
CZ,CZHRU,Hrusky/Breclav,Hrusky/Breclav,JM,1----6--,RL,,4847N 01659E,,
CZ,CZHRS,Hrusov,Hrusov,ST,--3-----,RL,,5021N 01451E,,
CZ,CZHXJ,Hrusovany nad Jevisovkou,Hrusovany nad Jevisovkou,64,--3-----,RL,,4850N 01624E,,
CZ,CZHUB,Hrusovany u Brna,Hrusovany u Brna,JM,--3-----,RL,,4903N 01636E,,
CZ,CZHUD,Hudlice,Hudlice,,--3-----,RL,,4957N 01358E,,
CZ,CZHUL,Hulín,Hulin,ZL,-23-----,RL,,4919N 01728E,,
CZ,CZHPC,Humpolec,Humpolec,JC,-23-----,RL,,4933N 01522E,,
CZ,CZHUS,Husinec,Husinec,,--3-----,RQ,,4903N 01358E,,
CZ,CZHPE,Hustopece,Hustopece,,--3-----,RL,,4856N 01643E,,
CZ,CZZLL,Hvozdna,Hvozdna,ZL,--3-----,RL,,4915N 01745E,,
CZ,CZHYK,Hyncice,Hyncice,80,--3-----,RL,,5011N 01732E,,
CZ,CZICE,Ivancice,Ivancice,,--3-----,RQ,,,,
CZ,CZIVA,Ivanovice na Hané,Ivanovice na Hane,64,--3-----,RL,,4919N 01706E,,
CZ,CZJNJ,Jablonec nad Jizerou,Jablonec nad Jizerou,,--3-----,RL,,5042N 01526E,,
CZ,CZJBC,Jablonec nad Nisou,Jablonec nad Nisou,,-23-----,AA,,,,
CZ,CZJPY,Jablonecké Paseky,Jablonecke Paseky,,--3-----,RL,,5044N 01513E,,
CZ,CZJAB,Jablonné nad Orlicí,Jablonne nad Orlici,,123-----,RL,,5002N 01636E,,
CZ,CZJBV,Jablunkov,Jablunkov,,--3-----,AA,,,,
CZ,CZJNU,Janovice nad Úhlavou,Janovice nad Uhlavou,PL,--3-----,RL,,4921N 01314E,,
CZ,CZJAR,Jaromer,Jaromer,KR,-23-----,RL,,5021N 01555E,,
CZ,CZJNR,Jaromerice nad Rokytnou,Jaromerice nad Rokytnou,VY,--3-----,RL,,4906N 01554E,,
CZ,CZJRV,Jaroslav,Jaroslav,PA,--3-----,RL,,5001N 01605E,,
CZ,CZJZY,Jazlovice,Jazlovice,ST,--3-----,RL,,4958N 01438E,,
CZ,CZJVN,Jedovnice,Jedovnice,64,--3-----,RL,,4921N 01646E,,
CZ,CZJEC,Jelenice,Jelenice,MO,--3-----,RL,,4948N 01750E,,
CZ,CZVJE,Jemnice,Jemnice,VY,-----6--,RL,,4902N 01534E,,
CZ,CZJEN,Jencice,Jencice,US,1----6--,RL,,5029N 01401E,,
CZ,CZJNC,Jenec,Jenec,,-23-----,RL,,5005N 01413E,,
CZ,CZJSE,Jenisovice,Jenisovice,LI,--3-----,RL,,5038N 01509E,,
CZ,CZJST,Jenstejn,Jenstejn,ST,--3-----,RQ,,5009N 01436E,,
CZ,CZJER,Jersín,Jersin,63,--3-----,RL,,4925N 01550E,,
CZ,CZJNE,Jesenice,Jesenice,ST,--3-----,RL,,4958N 01431E,,
CZ,CZJES,Jesenice,Jesenice,ST,-23-----,RL,,5006N 01328E,,
CZ,CZJSN,Jeseník,Jesenik,,--3-----,RL,,5014N 01712E,,
CZ,CZJNO,Jeseník nad Odrou,Jesenik nad Odrou,MO,--3-----,RL,,4936N 01756E,,
CZ,CZJTV,Jetrichov,Jetrichov,KR,--3-----,RL,,5036N 01616E,,
CZ,CZJNY,Jevany,Jevany,ST,--3-----,RL,,4958N 01449E,,
CZ,CZJEV,Jevicko,Jevicko,,--3-----,RQ,,,,
CZ,CZJIE,Jevisovice,Jevisovice,JM,1-3-----,RL,,4859N 01600E,,
CZ,CZJVK,Jevisovka,Jevisovka,JM,--3-----,RQ,,4850N 01628E,,
CZ,CZJIC,Jicín,Jicin,,-23-----,AA,,5026N 01521E,,
CZ,CZJHV,Jihlava,Jihlava,,-23-----,AA,,,,
CZ,CZJIL,Jilemnice,Jilemnice,,-23-----,RL,,5036N 01531E,,
CZ,CZJVE,Jilove,Jilove,US,--3-----,RL,,5046N 01407E,,
CZ,CZJPR,Jílové u Prahy,Jilove u Prahy,,-23-----,RL,,4954N 01430E,,
CZ,CZJTE,Jiloviste,Jiloviste,ST,--3-----,RQ,,4956N 01421E,,
CZ,CZJIM,Jimramov,Jimramov,VY,-23-----,RL,,4938N 01613E,,
CZ,CZJNH,Jindrichuv Hradec,Jindrichuv Hradec,,-23-----,AA,,,,
CZ,CZJIY,Jinocany,Jinocany,20,--3-----,RL,,5002N 01416E,,
CZ,CZJPJ,Jiretín Pod Jedlovou,Jiretin Pod Jedlovou,US,--3-----,RL,,5052N 01434E,,
CZ,CZJRA,Jirikov,Jirikov,,#NAME?,AA,,,,
CZ,CZJRE,Jiríkovice,Jirikovice,JM,-----6--,RQ,,4910N 01645E,,
CZ,CZJRN,Jirny,Jirny,,--3-----,RL,,5006N 01442E,,
CZ,CZISB,Jistebnice,Jistebnice,JC,--3-----,RL,,4929N 01432E,,
CZ,CZKAD,Kadan,Kadan,US,123-----,RL,,5023N 01316E,,
CZ,CZKAM,Kamenice,Kamenice,ST,--3-----,RL,,4954N 01435E,,
CZ,CZKMC,Kamenice,Kamenice,VY,--3-----,RL,,4922N 01547E,,
CZ,CZKNL,Kamenice Nad Lipou,Kamenice Nad Lipou,,--3-----,RQ,,,,
CZ,CZKSV,Kamenický Senov,Kamenicky Senov,,-23-----,RL,,5046N 01428E,,
CZ,CZKMN,Kamenná,Kamenna,,--3-----,RL,,4951N 01701E,,
CZ,CZKUJ,Kamenný Újezd,Kamenny Ujezd,JC,--3-----,RL,,4854N 01427E,,
CZ,CZKVO,Kamyk nad Vltavou,Kamyk nad Vltavou,,--3-----,RQ,,4938N 01415E,,
CZ,CZKAP,Kaplice,Kaplice,,-23-----,AA,,,,
CZ,CZK2N,Káranice,Karanice,KR,--3-----,RL,,5009N 01533E,,
CZ,CZSYA,Karany,Karany,ST,-----6--,RL,,5010N 01444E,,
CZ,CZKRO,Kardasova Recice,Kardasova Recice,JC,--3-----,RL,,4912N 01453E,,
CZ,CZKAR,Karlín,Karlin,JM,--3--6--,RL,,4858N 01658E,,
CZ,CZKLV,Karlovy Vary,Karlovy Vary,,-234----,AA,,,,
CZ,CZKUV,Karolinka,Karolinka,,123-----,RL,,4921N 01815E,,
CZ,CZKRV,Karviná,Karvina,,-23-----,AA,,4952N 01833E,,
CZ,CZKDL,Karvina-Doly,Karvina-Doly,MO,--3-----,RQ,,,,
CZ,CZPKE,Kasejovice,Kasejovice,PL,-----6--,RL,,4928N 01344E,,
CZ,CZKPH,Kasperske Hory,Kasperske Hory,PL,--3-----,RL,,4909N 01334E,,
CZ,CZKTR,Katerinice,Katerinice,ZL,--3-----,RL,,4923N 01754E,,
CZ,CZVKT,Katovice,Katovice,31,--3-----,RL,,4916N 01350E,,
CZ,CZKJV,Kaznejov,Kaznejov,,-23-----,RL,,4953N 01323E,,
CZ,CZKDY,Kdyne,Kdyne,PL,-23-----,RL,,4924N 01302E,,
CZ,CZKEL,Kelc,Kelc,ZL,-----6--,RL,,4929N 01749E,,
CZ,CZKKX,Kelniky,Kelniky,ZL,-----6--,RQ,,4907N 01739E,,
CZ,CZKLD,Kladno,Kladno,,-23-----,AA,,,,
CZ,CZKNM,Kladruby Nad Labem,Kladruby Nad Labem,PA,-----6--,RL,,5003N 01529E,,
CZ,CZKHJ,Klaster Hradiste nad Jizerou,Klaster Hradiste nad Jizerou,ST,-----6--,RQ,,5031N 01456E,,
CZ,CZKNO,Klásterec nad Ohrí,Klasterec nad Ohri,,--3-----,RL,,5023N 01310E,,
CZ,CZKCC,Klásterec nad Orlicí,Klasterec nad Orlici,,--3-----,RL,,5008N 01633E,,
CZ,CZKTV,Klatovy,Klatovy,,-234----,AA,,4924N 01317E,,
CZ,CZSYK,Klecany,Klecany,ST,-----6--,RL,,5011N 01425E,,
CZ,CZKNH,Klenovice na Hane,Klenovice na Hane,OL,-----6--,RQ,,4924N 01713E,,
CZ,CZKLC,Klícany,Klicany,,-234----,AA,,5012N 01426E,,
CZ,CZKMK,Klimkovice,Klimkovice,,--3-----,RL,,4948N 01808E,,
CZ,CZJLA,Klobouky U Brna,Klobouky U Brna,JM,-----6--,RL,,4859N 01652E,,
CZ,CZKCX,Klucov,Klucov,ST,--3-----,RL,,5006N 01455E,,
CZ,CZKZE,Knezeves,Knezeves,ST,--3--6--,RL,,5007N 01416E,,
CZ,CZKNE,Knezice,Knezice,KR,--3-----,RL,,5038N 01535E,,
CZ,CZKZM,Knezmost,Knezmost,ST,--3-----,RL,,5029N 01503E,,
CZ,CZKNZ,Kneznice,Kneznice,KR,--3-----,RL,,5030N 01519E,,
CZ,CZKNI,Knínice,Kninice,VY,--3-----,RL,,4905N 01536E,,
CZ,CZMKE,Koberice,Koberice,MO,-----6--,RL,,4959N 01803E,,
CZ,CZKOB,Kobyli,Kobyli,PA,--3-----,RL,,4943N 01609E,,
CZ,CZKOJ,Kojetice,Kojetice,ST,-23-----,RL,,5014N 01431E,,
CZ,CZKLN,Kolín,Kolin,,-23-----,AA,,5001N 01512E,,
CZ,CZKMA,Komarov,Komarov,MO,--3-----,RL,,4955N 01758E,,
CZ,CZKMV,Komárov,Komarov,ST,-23-----,RL,,4948N 01351E,,
CZ,CZKNC,Konarovice,Konarovice,ST,--3-----,RQ,,5002N 01517E,,
CZ,CZKNY,Konojedy,Konojedy,PR,-----6--,RQ,,4994N 01485E,,
CZ,CZKOP,Koprivnice,Koprivnice,,-23-----,AA,,,,
CZ,CZKOE,Kornice,Kornice,53,--3-----,RL,,4954N 01618E,,
CZ,CZORO,Korotice,Korotice,ST,-----6--,RL,,4952N 01516E,,
CZ,CZKOR,Korycany,Korycany,JM,123-----,RQ,,,,
CZ,CZKSI,Kosice,Kosice,20,--3-----,RL,,4954N 01509E,,
CZ,CZKMY,Kosmonosy,Kosmonosy,ST,--3-----,RQ,,,,
CZ,CZKOQ,Kosor,Kosor,ST,1----6--,RL,,4959N 14020E,,
CZ,CZKTA,Kostálov,Kostalov,,--3-----,RL,,5029N 01400E,,
CZ,CZKOS,Kostany,Kostany,US,--3-----,RL,,5039N 01346E,,
CZ,CZKAY,Kostelany nad Moravou,Kostelany nad Moravou,72,--3-----,RL,,4903N 01724E,,
CZ,CZKOL,Kostelec,Kostelec,JM,--3--6--,RL,,4920N 01709E,,
CZ,CZKHK,Kostelec na Hané,Kostelec na Hane,OL,--3-----,RL,,4931N 01704E,,
CZ,CZKCL,Kostelec nad Cernými Lesy,Kostelec nad Cernymi Lesy,,-23-----,RL,,5000N 01452E,,
CZ,CZKSL,Kostelec nad Labem,Kostelec nad Labem,ST,123-----,RN,,5014N 01436E,,
CZ,CZKOO,Kostelec nad Orlicí,Kostelec nad Orlici,,--3-----,RL,,5008N 01614E,,
CZ,CZKSN,Kostenice,Kostenice,JC,--3-----,RQ,,,,
CZ,CZKTC,Kostenice,Kostenice,PA,--3-----,RQ,,5000N 01554E,,
CZ,CZKTE,Kostice,Kostice,JM,--3-----,RL,,4845N 01659E,,
CZ,CZKST,Kostomlatky,Kostomlatky,ST,--3-----,RN,,5011N 01458E,,
CZ,CZKLM,Kostomlaty Nad Labem,Kostomlaty Nad Labem,VY,--3-----,RL,,5010S 01457W,,
CZ,CZKOT,Kotvrdovice,Kotvrdovice,JM,--3-----,RL,,4922N 01648E,,
CZ,CZKOU,Kounice,Kounice,,--3-----,RL,,5006N 01451E,,
CZ,CZKRM,Kourim,Kourim,,--3-----,RL,,5001N 01459E,,
CZ,CZKNS,Kout na Sumave,Kout na Sumave,PL,--3--6--,RL,,4924N 01300E,,
CZ,CZKOY,Kouty,Kouty,VY,--3-----,RL,,4918N 01547E,,
CZ,CZKOV,Kozarovice,Kozarovice,ST,--3-----,RL,,4933N 01406E,,
CZ,CZKOZ,Kozlany,Kozlany,PL,--3-----,RL,,4959N 01333E,,
CZ,CZKZC,Kozmice,Kozmice,ST,--3-----,RL,,4949N 01448E,,
CZ,CZKZY,Kozojedy,Kozojedy,PL,--3-----,RL,,4956N 01332E,,
CZ,CZKZO,Kozomin,Kozomin,ST,--3-----,RL,,5014N 01423E,,
CZ,CZKTY,Kozusany-Tazaly,Kozusany-Tazaly,OL,--3-----,RQ,,4932N 01715W,,
CZ,CZKZU,Kozusice,Kozusice,JM,--3-----,RL,,4909N 01711E,,
CZ,CZKHO,Krahulov,Krahulov,VY,--3-----,RL,,4913N 01548E,,
CZ,CZKME,Kralice,Kralice,,-----6--,RL,,4952N 01509E,,
CZ,CZRNH,Kralice na Hané,Kralice na Hane,,1-3-----,RL,,4927N 01711E,,
CZ,CZKLK,Kraliky,Kraliky,,-23-----,AA,,,,
CZ,CZKLO,Králov,Kralov,72,--3-----,RL,,4900N 01741E,,
CZ,CZKRL,Kralovec,Kralovec,,-23-----,AA,,,,
CZ,CZKVI,Kralovice,Kralovice,PL,-23-----,RL,,4959N 01329E,,
CZ,CZSTK,Kralovice,Kralovice,ST,-----6--,RL,,5020N 14380E,,
CZ,CZPA5,Kralovske Vinohrady,Kralovske Vinohrady,ST,--3-----,RL,,5004N 01428E,,
CZ,CZKNV,Kralupy nad Vltavou,Kralupy nad Vltavou,,123-----,RL,,5014N 01419E,,
CZ,CZKDR,Kraluv Dvur,Kraluv Dvur,ST,-----6--,RL,,4956N 01403E,,
CZ,CZRAS,Krasejovka,Krasejovka,JC,--3-----,RL,,4852N 01428E,,
CZ,CZKRS,Krasíkov,Krasikov,PA,--3-----,RL,,4951N 01642E,,
CZ,CZKKE,Kraslice,Kraslice,KA,-----6--,RL,,5020N 01231E,,
CZ,CZKSA,Krásná,Krasna,,--3-----,RL,,5041N 01513E,,
CZ,CZKHV,Krasna Hora nad Vltavou,Krasna Hora nad Vltavou,ST,--3-----,RL,,4936N 01418E,,
CZ,CZUKA,Krasna Lipa,Krasna Lipa,US,-----6--,RL,,5029N 01322E,,
CZ,CZKRA,Krasno,Krasno,,--3-----,RQ,,4929N 01759E,,
CZ,CZKVR,Kravare,Kravare,MO,-234----,RL,,4956N 01800E,,
CZ,CZKCP,Kravare u Ceske Lipa,Kravare u Ceske Lipa,LI,--3-----,RL,,5037N 01423E,,
CZ,CZKSU,Kravare ve Slezsku,Kravare ve Slezsku,MO,-----6--,RQ,,4956N 01801E,,
CZ,CZKBR,Krelov,Krelov,OL,--3-----,RL,,4937N 01712E,,
CZ,CZKRC,Krenice,Krenice,ST,--3-----,RL,,5002N 01440E,,
CZ,CZNOV,Krenovice,Krenovice,JM,--3-----,RL,,4905N 01603E,,
CZ,CZKRE,Kresice,Kresice,US,--3-----,RL,,5045N 01412E,,
CZ,CZKVA,Krhová,Krhova,72,--3-----,RL,,4929N 01800E,,
CZ,CZPKR,Krimice,Krimice,PL,--3-----,RL,,4945N 01318E,,
CZ,CZKRI,Krinec,Krinec,JC,--3-----,RQ,,,,
CZ,CZKEN,Krmelin,Krmelin,MO,-----6--,RQ,,4943N 01814E,,
CZ,CZKRN,Krnov,Krnov,,#NAME?,AA,,,,
CZ,CZKMR,Kromeríz,Kromeriz,,-23-----,RL,,4918N 01724E,,
CZ,CZKBK,Krucemburk,Krucemburk,VY,--3--6--,RQ,,4941N 01551E,,
CZ,CZUKK,Krupka,Krupka,US,-----6--,RQ,,5041N 13520E,,
CZ,CZSKE,Krusovice,Krusovice,ST,-----6--,RL,,5010N 01346E,,
CZ,CZKRY,Kryry,Kryry,,-23-----,RL,,5010N 01325E,,
CZ,CZKUK,Kuklov,Kuklov,,--3-----,RL,,4856N 01411E,,
CZ,CZMZ4,Kuncice Pod Ondrejnikem,Kuncice Pod Ondrejnikem,MO,--3-----,RL,,4933N 01816E,,
CZ,CZKUB,Kuncicky u Basky,Kuncicky u Basky,MO,--3-----,RL,,4939N 01822E,,
CZ,CZPUA,Kuncina,Kuncina,PA,-----6--,RL,,4948N 01639E,,
CZ,CZKJM,Kunice,Kunice,JM,--3-----,RL,,4929N 01630E,,
CZ,CZKUS,Kunice,Kunice,ST,--3-----,RL,,4956N 01440E,,
CZ,CZKNN,Kunín,Kunin,MO,--3-----,RL,,4938N 01800E,,
CZ,CZKUN,Kunovice,Kunovice,JM,-23-----,RL,,4903N 01728E,,
CZ,CZKVC,Kunovice,Kunovice,ZL,-23-----,RL,,4927N 01749E,,
CZ,CZKNT,Kunstát,Kunstat,JM,--3-----,RL,,4931N 01632E,,
CZ,CZKMO,Kunstat Na Morave,Kunstat Na Morave,JM,--3-----,RQ,,4930N 01631E,,
CZ,CZKUR,Kurim,Kurim,,--3-----,RL,,,,
CZ,CZLKY,Kurivody,Kurivody,LI,-----6--,RL,,5035N 01449E,,
CZ,CZKUH,Kutná Hora,Kutna Hora,,-23-----,AA,,4957N 01516E,,
CZ,CZZLY,Kvasice,Kvasice,ZL,1-3-----,RL,,4915N 01728E,,
CZ,CZKVS,Kvasiny,Kvasiny,KR,-23-----,RL,,5013N 01616E,,
CZ,CZKYJ,Kyjov,Kyjov,,--3-----,RL,,4900N 01707E,,
CZ,CZKKA,Kyselka,Kyselka,KA,1----6--,RL,,5004N 01247E,,
CZ,CZKYS,Kyselka u Karlovych Varu,Kyselka u Karlovych Varu,VY,--3-----,RL,,4902N 01747E,,
CZ,CZKSC,Kysice,Kysice,PL,--3-----,RL,,4945N 01329E,,
CZ,CZLDA,Ladná,Ladna,JM,--3--6--,RL,,4848N 01652E,,
CZ,CZLDV,Ládví,Ladvi,,--3-----,RL,,4954N 01436E,,
CZ,CZLKR,Lanskroun,Lanskroun,PA,--3--6--,RL,,4955N 01637E,,
CZ,CZLZH,Lanzhot,Lanzhot,,#NAME?,AA,,,,
CZ,CZLBD,Lazne Belohrad,Lazne Belohrad,KR,--3-----,RQ,,,,
CZ,CZLBO,Lazne Bohdanec,Lazne Bohdanec,PA,--3-----,RL,,5004N 01540E,,
CZ,CZLKZ,Lázne Kynzvart,Lazne Kynzvart,41,--3-----,RL,,5001N 01238E,,
CZ,CZL8S,Lazne Tousen,Lazne Tousen,ST,--3-----,RL,,5010N 01442E,,
CZ,CZLEC,Lechovice,Lechovice,,1-3-----,RQ,,,,
CZ,CZLED,Ledcice,Ledcice,ST,-----6--,RL,,5020N 01418E,,
CZ,CZLNS,Ledec nad Sázavou,Ledec nad Sazavou,VY,-23-----,RL,,4942N 01517E,,
CZ,CZLDC,Ledenice,Ledenice,JC,--3-----,RL,,4856N 01438E,,
CZ,CZL4E,Lednice,Lednice,JM,--3-----,RL,,4848N 01648E,,
CZ,CZLSK,Leskovec,Leskovec,72,--3-----,RL,,4917N 01800E,,
CZ,CZJML,Lesonice,Lesonice,JM,--3-----,RL,,4900N 01618E,,
CZ,CZLTN,Lestina,Lestina,52,--3-----,RL,,5026N 01514E,,
CZ,CZLET,Letohrad,Letohrad,PA,--3-----,RL,,5002N 01630E,,
CZ,CZLOE,Letovice,Letovice,,1-3-----,RQ,,,,
CZ,CZLPL,Lhota pod Libcany,Lhota pod Libcany,KR,--3-----,RQ,,5010N 01542E,,
CZ,CZLHO,Lhotka-nad-Becvou,Lhotka-nad-Becvou,ZL,--3-----,RL,,4930N 01756E,,
CZ,CZLBA,Libán,Liban,52,--3-----,RL,,5022N 01513E,,
CZ,CZVSK,Libavské Údolí,Libavske Udoli,JC,--3-----,RL,,5007N 01234E,,
CZ,CZLK3,Libcany,Libcany,KR,--3-----,RL,,5012N 01541E,,
CZ,CZLBE,Libceves,Libceves,US,--3--6--,RL,,5027N 01350E,,
CZ,CZLCY,Libchavy,Libchavy,PA,--3-----,RQ,,4959N 01623E,,
CZ,CZLBR,Liberec,Liberec,,-23-5---,AA,,,,
CZ,CZLZI,Libeznice,Libeznice,ST,--3-----,RQ,,5012N 01430E,,
CZ,CZKLU,Libice nad Cidlinou,Libice nad Cidlinou,KR,-----6--,RL,,5007N 01510E,,
CZ,CZLBS,Libis,Libis,ST,-----6--,RL,,5017N 14300E,,
CZ,CZLBL,Liblice,Liblice,20,--3-----,RL,,5018N 01435E,,
CZ,CZLIC,Libochovany,Libochovany,,--3-----,RN,,5034N 01402E,,
CZ,CZLBI,Libochovice,Libochovice,US,--3-----,RL,,5024N 01402E,,
CZ,CZLIB,Libosovice,Libosovice,KR,-2------,RL,,5029N 01510E,,
CZ,CZLST,Libstát,Libstat,LI,-----6--,RQ,,5034N 01525E,,
CZ,CZLAB,Libun,Libun,KR,--3-----,RL,,5030N 01518E,,
CZ,CZLBN,Libusin,Libusin,ST,--3-----,RL,,5010N 01413E,,
CZ,CZLCH,Lichkov,Lichkov,,#NAME?,AA,,,,
CZ,CZLIN,Line,Line,PL,--3-----,RL,,4942N 01316E,,
CZ,CZLNY,Líny,Liny,20,--3-----,RL,,5027N 01449E,,
CZ,CZLPI,Lípa,Lipa,ZL,--3-----,RL,,4912N 01746E,,
CZ,CZOLU,Lipnik nad Becvou,Lipnik nad Becvou,OL,-----6--,RL,,4931N 01735E,,
CZ,CZSLC,Lipnik u Hrotovic,Lipnik u Hrotovic,ST,-----6--,RL,,5016N 01454E,,
CZ,CZLIP,Lipno,Lipno,PL,--3-----,RL,,4948N 01310E,,
CZ,CZLIO,Lipov,Lipov,JM,--3-----,RL,,4854N 01727E,,
CZ,CZZZL,Liptál,Liptal,ZL,--3-----,RL,,4917N 01755E,,
CZ,CZKKL,Lisice,Lisice,KR,-----6--,RQ,,5011N 15240E,,
CZ,CZLIS,Lísková u Nemanic,Liskova u Nemanic,,#NAME?,AA,,4925N 01243E,,
CZ,CZLIV,Lisov,Lisov,JC,-----6--,RQ,,4901N 01436E,,
CZ,CZLIT,Liten,Liten,ST,--3-----,RL,,4954N 01409E,,
CZ,CZLCE,Litice,Litice,PL,-23-----,RL,,4942N 01321E,,
CZ,CZLTC,Litomerice,Litomerice,,-23-----,AA,,,,
CZ,CZLMS,Litomysl,Litomysl,,-23-----,AA,,,,
CZ,CZLTV,Litovel,Litovel,,-----6--,RL,,4942N 01704E,,
CZ,CZLVV,Litvínov,Litvinov,,--3-----,RL,,5036N 01337E,,
CZ,CZLOB,Lobodice,Lobodice,OL,1----6--,RL,,4924N 01717E,,
CZ,CZLNI,Lochenice,Lochenice,52,-----6--,RL,,5016N 01549E,,
CZ,CZLUK,Lochovice,Lochovice,,123-----,RL,,4951N 01359E,,
CZ,CZLOD,Lodenice,Lodenice,,1-------,RQ,,,,
CZ,CZLOM,Lomnice nad Popelkou,Lomnice nad Popelkou,,-23-----,RL,,5032N 01522E,,
CZ,CZOLE,Lostice,Lostice,OL,-----6--,RL,,4945N 01656E,,
CZ,CZLCN,Loucen,Loucen,20,--3-----,RL,,5028N 01502E,,
CZ,CZOOU,Loucna Nad Desnou,Loucna Nad Desnou,OL,-----6--,RL,,5004N 01706E,,
CZ,CZJLE,Loucovice,Loucovice,JC,-----6--,RL,,4840N 01416E,,
CZ,CZLKA,Louka,Louka,JM,--3-----,RL,,4855N 01730E,,
CZ,CZLUT,Louka,Louka,US,--3-----,RL,,5035N 01339E,,
CZ,CZLOK,Loukov,Loukov,ST,--3-----,RQ,,,,
CZ,CZLOU,Louny,Louny,US,--3-----,RL,,5021N 01348E,,
CZ,CZLOV,Lovcice,Lovcice,,--3-----,RL,,4925N 01331E,,
CZ,CZLVC,Lovosice,Lovosice,,-23-----,AA,,,,
CZ,CZLBC,Lubenec,Lubenec,,1-3-----,RQ,,,,
CZ,CZSUA,Lubna,Lubna,ST,-----6--,RL,,5005N 01342E,,
CZ,CZLBY,Luby,Luby,KA,--3-----,RL,,5015N 01224E,,
CZ,CZLNN,Lucany nad Nisou,Lucany nad Nisou,,--3-----,RL,,5044N 01512E,,
CZ,CZLGV,Ludgerovice,Ludgerovice,MO,--3-----,RL,,4954N 01815E,,
CZ,CZLKV,Ludkovice,Ludkovice,ZL,--3-----,RQ,,4907N 01744E,,
CZ,CZLUL,Luhacovice,Luhacovice,,--3-----,RL,,4906N 01746E,,
CZ,CZLNJ,Luka Nad Jihlavou,Luka Nad Jihlavou,VY,--3-----,RL,,4922N 01542E,,
CZ,CZLUP,Lukavec u Pacova,Lukavec u Pacova,63,--3-----,RL,,4934N 01500E,,
CZ,CZLUE,Lukavice,Lukavice,KR,--3-----,RL,,5012N 01618E,,
CZ,CZLCC,Lulec,Lulec,JC,1-------,RQ,,,,
CZ,CZLUS,Lustenice,Lustenice,,-23-----,RL,,5019N 01457E,,
CZ,CZLUI,Lutin,Lutin,OL,--3-----,RL,,4934N 01708E,,
CZ,CZLZE,Luze,Luze,PA,--3-----,RL,,4954N 01602E,,
CZ,CZLZV,Luzec Nad Vltavou,Luzec Nad Vltavou,ST,--3-----,RL,,5019N 01424E,,
CZ,CZLZK,Luzkovice,Luzkovice,ZL,--3-----,RL,,4913N 01745E,,
CZ,CZLUA,Luzna,Luzna,JC,--3-----,RL,,5007N 01218E,,
CZ,CZLUZ,Luzna,Luzna,ST,--3-----,RL,,5008N 01346E,,
CZ,CZLYL,Lysá nad Labem,Lysa nad Labem,ST,-23-----,RN,,5012N 01450E,,
CZ,CZLYS,Lysice,Lysice,JM,--3-----,RL,,4927N 01632E,,
CZ,CZMHV,Machov,Machov,KR,--3-----,RL,,5030N 01616E,,
CZ,CZ3LZ,Machova,Machova,ZL,--3-----,RL,,4915N 01733E,,
CZ,CZMSV,Malé Svatonovice,Male Svatonovice,KR,-23-----,RL,,5032N 01603E,,
CZ,CZMVE,Malenovice,Malenovice,80,--3-----,RL,,4935N 01824E,,
CZ,CZM2V,Malkov,Malkov,US,--3-----,RL,,5027N 01320E,,
CZ,CZMAN,Manetín,Manetin,PL,--3-----,RL,,4959N 01314E,,
CZ,CZMME,Mankovice,Mankovice,MO,-----6--,RL,,4938N 01753E,,
CZ,CZMAE,Maratice,Maratice,ZL,--3-----,RL,,4904N 01729E,,
CZ,CZMKA,Mariánské Lázne,Marianske Lazne,,-234----,AA,,4958N 01242E,,
CZ,CZMCH,Mechnov,Mechnov,ST,--3-----,RL,,4948N 01454E,,
CZ,CZMED,Medlesic,Medlesic,PA,--3-----,RQ,,,,
CZ,CZMLV,Medlov,Medlov,JM,--3-----,RL,,4902N 01632E,,
CZ,CZMEL,Melnik,Melnik,,-23-----,AA,,,,
CZ,CZMLK,Melník,Melnik,ST,--3--6--,RL,,5021N 01429E,,
CZ,CZMEJ,Menín,Menin,JM,--3-----,RL,,4905N 01643E,,
CZ,CZMRN,Merin,Merin,,----5---,RQ,,4923N 15530E,,
CZ,CZMKN,Merklín,Merklin,KA,-23-----,RL,,5020N 01251E,,
CZ,CZMLI,Merklín,Merklin,PL,--3-----,RL,,4934N 01312E,,
CZ,CZMAR,Merklin u Karlovych Var,Merklin u Karlovych Var,KA,-----6--,RQ,,5019N 01251E,,
CZ,CZMES,Mesice,Mesice,ST,--3-----,RL,,5012N 01431E,,
CZ,CZMTO,Mesto Touskov,Mesto Touskov,PL,--3-----,RL,,4946N 01315E,,
CZ,CZMZA,Mezimestí,Mezimesti,,#NAME?,AA,,5037N 01615E,,
CZ,CZVMA,Mezimesti u Broumova,Mezimesti u Broumova,VY,-----6--,RL,,4903N 01548E,,
CZ,CZMNV,Michnov,Michnov,JM,123--6--,RL,,4936N 01653E,,
CZ,CZJME,Mikulcice,Mikulcice,JM,-----6--,RL,,4849N 01703E,,
CZ,CZMKL,Mikulov,Mikulov,,#NAME?,AA,,,,
CZ,CZMCA,Mikulovice,Mikulovice,,#NAME?,AA,,,,
CZ,CZMIL,Milevsko,Milevsko,,-23-----,AA,,,,
CZ,CZMLN,Milín,Milin,,--3-----,RL,,4938N 01403E,,
CZ,CZMII,Milotice,Milotice,JM,--3-----,RL,,4858N 01708E,,
CZ,CZMIB,Milotice nad Becvou,Milotice nad Becvou,OL,123-5---,RQ,,4932N 01750E,,
CZ,CZMIO,Milovice,Milovice,ST,--3-----,RL,,5014N 01454E,,
CZ,CZMMN,Mimon,Mimon,,-2------,RQ,,,,
CZ,CZSLV,Miroslav,Miroslav,JC,--3-----,RL,,,,
CZ,CZMVA,Mirova,Mirova,KA,--3--6--,RL,,5012N 01244E,,
CZ,CZMRC,Mirovice,Mirovice,JC,-----6--,RL,,4931N 01403E,,
CZ,CZMBV,Mladá Boleslav,Mlada Boleslav,,-23-----,AA,,5025N 01454E,,
CZ,CZMVZ,Mlada Vozice,Mlada Vozice,31,--3-----,RL,,4932N 01449E,,
CZ,CZBKY,Mlade Buky,Mlade Buky,KR,-----6--,RL,,5036N 01551E,,
CZ,CZMLA,Mladotice,Mladotice,JC,--3-----,RL,,4920N 01405E,,
CZ,CZMNI,Mnichov,Mnichov,KA,--3-----,RL,,5002N 01248E,,
CZ,CZMHC,Mnichovice,Mnichovice,,--3--6--,RQ,,4659N 01443E,,
CZ,CZMHT,Mnichovo Hradiste,Mnichovo Hradiste,ST,-23-----,RL,,5032N 01459E,,
CZ,CZMPB,Mnisek pod Brdy,Mnisek pod Brdy,ST,--3-----,RQ,,4952N 01416E,,
CZ,CZMOH,Mochov,Mochov,ST,-23-----,RL,,5009N 01448E,,
CZ,CZMCV,Mocovice,Mocovice,ST,--3-----,RL,,4954N 01521E,,
CZ,CZMDL,Modlany,Modlany,US,--3-----,RL,,5039N 01354E,,
CZ,CZMOD,Modletice,Modletice,ST,--3-----,RL,,4958N 01436E,,
CZ,CZMDR,Modrice,Modrice,JM,--3-----,RL,,4908N 01637E,,
CZ,CZMHL,Mohelnice,Mohelnice,,-23-----,AA,,,,
CZ,CZMHI,Mohelnice,Mohelnice,OL,--3-----,RQ,,4947N 01655E,,
CZ,CZMOK,Mokrá,Mokra,,--3-----,RL,,5007N 01312E,,
CZ,CZMK8,Mokrá,Mokra,JM,--3-----,RL,,4914N 01645E,,
CZ,CZMKH,Mokrá-Horákov,Mokra-Horakov,64,--3-----,RL,,4913N 01645E,,
CZ,CZMOL,Mokre Lazce,Mokre Lazce,80,--3-----,RL,,4953N 01801E,,
CZ,CZMK3,Mokrovraty,Mokrovraty,ST,--3-----,RL,,4947N 01414E,,
CZ,CZOLD,Moldava,Moldava,US,--3-----,RL,,5043N 01339E,,
CZ,CZMTV,Molitorov,Molitorov,20,--3-----,RL,,5000N 01458E,,
CZ,CZMNY,Moravany,Moravany,JM,-----6--,RL,,4903N 01710E,,
CZ,CZPMY,Moravany,Moravany,PA,-----6--,RL,,5000N 01557E,,
CZ,CZMOR,Moravicany,Moravicany,OL,1-3-----,RQ,,,,
CZ,CZMNS,Moravská Nová Ves,Moravska Nova Ves,JM,--3-----,RL,,4848N 01701E,,
CZ,CZMVB,Moravská Trebová,Moravska Trebova,,--3-----,RL,,4945N 01640E,,
CZ,CZVME,Moravske Budejovice,Moravske Budejovice,VY,-----6--,RL,,4903N 01548E,,
CZ,CZMYB,Moravský Beroun,Moravsky Beroun,71,--3--6--,RL,,4948N 01727E,,
CZ,CZMKV,Moravsky Krumlov,Moravsky Krumlov,,-23-----,RL,,,,
CZ,CZMRA,Moravsky Pisek,Moravsky Pisek,JM,1-3-----,RQ,,,,
CZ,CZMZV,Moravsky Zizkov,Moravsky Zizkov,JM,-----6--,RQ,,4849N 01655E,,
CZ,CZMKO,Morkov,Morkov,80,--3-----,RQ,,4932N 01804E,,
CZ,CZMVS,Morkovice-Slízany,Morkovice-Slizany,ZL,-----6--,RQ,,4915N 01712E,,
CZ,CZMOS,Mosnov,Mosnov,MO,--3--6--,RL,,4941N 01808E,,
CZ,CZMST,Most,Most,,-23-----,AA,,,,
CZ,CZMTK,Mostek,Mostek,,--3-----,RL,,4930N 01449E,,
CZ,CZMVC,Mostkovice,Mostkovice,OL,--3-----,RL,,4947N 01704E,,
CZ,CZMJB,Mosty u Jablunkova,Mosty u Jablunkova,,#NAME?,AA,,,,
CZ,CZMTN,Moutnice,Moutnice,JM,--3-----,RL,,4903N 01644E,,
CZ,CZMZL,Msené-Lázne,Msene-Lazne,42,--3-----,AM,,5022N 01407E,,
CZ,CZSOM,Mseno,Mseno,ST,-----6--,RL,,5027N 01438E,,
CZ,CZMUV,Mukarov,Mukarov,ST,--3-----,RL,,5000N 01445E,,
CZ,CZMEE,Mutenice,Mutenice,JM,--3-----,RL,,4855N 01701E,,
CZ,CZMDY,Mydlovary,Mydlovary,32,--3-----,RL,,4951N 01303E,,
CZ,CZMYE,Myslocovice,Myslocovice,ZL,-----6--,RQ,,4915N 01733E,,
CZ,CZMYO,Myto,Myto,PL,--3--6--,RL,,4948N 01344E,,
CZ,CZMYT,Myto/Cesky Krumlov,Myto/Cesky Krumlov,JC,1----6--,RL,,4847N 01410E,,
CZ,CZNAA,Nachod,Nachod,,#NAME?,AA,,,,
CZ,CZNHY,Nahorany,Nahorany,KR,--3-----,RL,,5021N 01605E,,
CZ,CZNAM,Námest nad Oslavou,Namest nad Oslavou,VY,-23-----,RL,,4913N 01610E,,
CZ,CZNPJ,Napajedla,Napajedla,,--3-----,RQ,,,,
CZ,CZNSY,Nasavrky,Nasavrky,53,--3-----,RL,,5002N 01616E,,
CZ,CZNUB,Nebovidy,Nebovidy,JM,--3-----,RL,,4908N 01633E,,
CZ,CZNEC,Nechanice,Nechanice,KR,-23-----,RL,,5014N 01538E,,
CZ,CZDAK,Nedakonice,Nedakonice,ZL,-----6--,RL,,4902N 01723E,,
CZ,CZNED,Nedasova Lhota,Nedasova Lhota,,#NAME?,AA,,,,
CZ,CZNEH,Nehvizdy,Nehvizdy,ST,1----6--,RL,,5008N 01444E,,
CZ,CZNEJ,Nejdek,Nejdek,,--3-----,RQ,,,,
CZ,CZNLH,Nelahozeves,Nelahozeves,ST,-23-----,RN,,5016N 01418E,,
CZ,CZNME,Nemcice,Nemcice,JM,-----6--,RQ,,4926N 01642E,,
CZ,CZNMY,Nemcicky,Nemcicky,JM,--3-----,RL,,4856N 01605E,,
CZ,CZNMC,Nemcicky u Brna,Nemcicky u Brna,JM,--3-----,RL,,4903N 01630E,,
CZ,CZNMT,Nemetice,Nemetice,31,--3-----,RL,,4912N 01353E,,
CZ,CZNIE,Nemile,Nemile,71,--3-----,RL,,4953N 01651E,,
CZ,CZNPH,Neplachov,Neplachov,JC,--3--6--,RL,,4908N 01438E,,
CZ,CZNPK,Nepomuk,Nepomuk,PL,-----6--,RL,,4929N 01336E,,
CZ,CZNPV,Neprevázka,Neprevazka,ST,-23-----,RL,,5023N 01455E,,
CZ,CZNRT,Neratovice,Neratovice,ST,123-----,RN,,5016N 01431E,,
CZ,CZNTL,Neratovice Lobkovice,Neratovice Lobkovice,,--3-----,RL,,5015N 01431E,,
CZ,CZNLV,Neslovice,Neslovice,JM,--3-----,RL,,4909N 01623E,,
CZ,CZNIC,Nestemice,Nestemice,US,--3-----,RL,,5040N 01406E,,
CZ,CZNTN,Netín,Netin,VY,--3-----,RL,,4926N 01557E,,
CZ,CZNET,Netolice,Netolice,JC,1-3-----,RL,,4903N 01412E,,
CZ,CZNVI,Netovice,Netovice,,--3-----,RL,,5013N 01405E,,
CZ,CZNEV,Netvorice,Netvorice,ST,--3-----,RL,,4949N 01432E,,
CZ,CZNEZ,Nezvestice,Nezvestice,PL,--3-----,RL,,4939N 01331E,,
CZ,CZNSE,Nisovice,Nisovice,JC,-----6--,RL,,4909N 01354E,,
CZ,CZNVC,Nivnice,Nivnice,,--3--6--,RQ,,4858N 01738E,,
CZ,CZNBR,Nizbor,Nizbor,,--3-----,RL,,5000N 01359E,,
CZ,CZMK4,Nizni Lhoty,Nizni Lhoty,MO,--3-----,RL,,4939N 01826E,,
CZ,CZNVS,Nosovice,Nosovice,,--3-----,RL,,,,
CZ,CZNOU,Noutonice,Noutonice,ST,--3-----,RL,,5010N 01417E,,
CZ,CZNCA,Nová Bystrice,Nova Bystrice,,#NAME?,AA,,4901N 01506E,,
CZ,CZVOD,Nova Hospoda,Nova Hospoda,PL,-----6--,RL,,4944N 01319E,,
CZ,CZPAK,Nová Paka,Nova Paka,KR,-23-----,RL,,5029N 01531E,,
CZ,CZNRL,Nová Role,Nova Role,,-23-----,RL,,5016N 01247E,,
CZ,CZNOE,Nová Ves,Nova Ves,63,--3-----,RL,,4909N 01553E,,
CZ,CZNVB,Nové Bránice,Nove Branice,JM,--3-----,RL,,4904N 01627E,,
CZ,CZNVY,Nove Dvory,Nove Dvory,ST,--3-----,RL,,4958N 01519E,,
CZ,CZNHD,Nové Hrady,Nove Hrady,31,--3-----,RL,,4847N 01447E,,
CZ,CZNLS,Nove Losiny,Nove Losiny,OL,--3-----,RQ,,5007N 01702E,,
CZ,CZNMO,Nové Mesto na Morave,Nove Mesto na Morave,JM,-23-----,RL,,4934N 01604E,,
CZ,CZNMN,Nové Mesto nad Metují,Nove Mesto nad Metuji,,--3-----,RL,,5021N 01608E,,
CZ,CZNWS,Nové Mesto pod Smrkem,Nove Mesto pod Smrkem,51,-23-----,RL,,5055N 01513E,,
CZ,CZ5MJ,Nove Mlyny,Nove Mlyny,JM,--3-----,RL,,4852N 01644E,,
CZ,CZNML,Nove Modlany,Nove Modlany,US,--3-----,RQ,,5040N 01352E,,
CZ,CZNST,Nové Strasecí,Nove Straseci,,--3-----,RL,,5010N 01352E,,
CZ,CZNEE,Nove Veseli,Nove Veseli,VY,--3-----,RQ,,4931N 01555E,,
CZ,CZNVE,Nové Veselí,Nove Veseli,VY,-----6--,RQ,,4931N 01554E,,
CZ,CZNZA,Nové Zámky,Nove Zamky,ST,--3-----,RL,,5017N 01510E,,
CZ,CZNVL,Novosedly,Novosedly,JM,-23-----,RL,,4850N 01630E,,
CZ,CZNOB,Novy Bor,Novy Bor,,-23-----,AA,,5046N 01435E,,
CZ,CZNBY,Novy Bydzov,Novy Bydzov,,--3-----,RL,,5014N 01528E,,
CZ,CZNHK,Nový Hrádek,Novy Hradek,,--3-----,RL,,5021N 01615E,,
CZ,CZNHV,Novy Hrozenkov,Novy Hrozenkov,ZL,--3-----,RL,,4920N 01812E,,
CZ,CZNJC,Novy Jicín,Novy Jicin,,-23-----,AA,,4936N 01801E,,
CZ,CZOVV,Novy Knin,Novy Knin,ST,1----6--,RL,,4947N 14180E,,
CZ,CZNYC,Novy Rychnov,Novy Rychnov,VY,--3-----,RL,,4923N 01522E,,
CZ,CZ8PL,Novy Saldorf,Novy Saldorf,JM,--3-----,RL,,4850N 01604E,,
CZ,CZNVV,Nový Vestec,Novy Vestec,,1-3-----,RL,,5011N 01443E,,
CZ,CZNCI,Nucice,Nucice,PR,--3-----,RL,,5001N 01414E,,
CZ,CZNUP,Nupaky,Nupaky,,--3-----,RL,,5000N 01436E,,
CZ,CZNMB,Nymburk,Nymburk,,-23-----,AA,,,,
CZ,CZNRY,Nýrany,Nyrany,,-23-----,RL,,4943N 01312E,,
CZ,CZPNO,Nyrsko,Nyrsko,PL,-----6--,RL,,4918N 01309E,,
CZ,CZOCB,Obecnice,Obecnice,ST,--3-----,RL,,4943N 01357E,,
CZ,CZOBT,Obríství,Obristvi,ST,--3-----,RN,,5018N 01429E,,
CZ,CZODO,Odolena Voda,Odolena Voda,,1-3-----,RQ,,,,
CZ,CZODV,Odolena Voda,Odolena Voda,,--3-----,RL,,5014N 01423E,,
CZ,CZODE,Odolenovice,Odolenovice,LI,-----6--,RQ,,5037N 01508E,,
CZ,CZODY,Odry,Odry,MO,-23-----,RL,,4940N 01750E,,
CZ,CZOKY,Okrisky,Okrisky,,-23-----,RL,,4914N 01546E,,
CZ,CZOKR,Okrouhlice,Okrouhlice,VY,--3-----,RL,,4938N 01530E,,
CZ,CZOLH,Oldrichov v Hájích,Oldrichov v Hajich,51,--3-----,RL,,5051N 01505E,,
CZ,CZOSA,Olesna,Olesna,,--3-----,RQ,,,,
CZ,CZOLC,Olesnice,Olesnice,KR,--3-----,RQ,,5027N 01605E,,
CZ,CZJOE,Olesnice Na Morave,Olesnice Na Morave,JM,-----6--,RL,,4933N 01625E,,
CZ,CZOLO,Olomouc,Olomouc,,-2345---,AA,,,,
CZ,CZOLV,Olovi,Olovi,,-----6--,RL,,5515N 01233E,,
CZ,CZOLS,Olsany,Olsany,JC,--3-----,RL,,4908N 01515E,,
CZ,CZOLY,Olsany,Olsany,VY,-----6--,RQ,,4911N 01533E,,
CZ,CZOUS,Olsany u Sumperka,Olsany u Sumperka,JM,--3-----,RQ,,,,
CZ,CZOEC,Olsovec,Olsovec,ZL,--3-----,RL,,4856N 01746E,,
CZ,CZOMO,Omoljica,Omoljica,,--3-----,RQ,,4445N 02045E,,
CZ,CZOND,Ondrejov,Ondrejov,ST,--3-----,RL,,4954N 01448E,,
CZ,CZOPY,Oparany,Oparany,,--3-----,RL,,4924N 01429E,,
CZ,CZOPV,Opatov,Opatov,KR,--3-----,RL,,5015N 01535E,,
CZ,CZONL,Opatovice nad Labem,Opatovice nad Labem,PA,--3-----,RL,,5009N 01547E,,
CZ,CZOPA,Opava,Opava,,-23-----,AA,,,,
CZ,CZOCX,Opocno,Opocno,KR,1----6--,RL,,5016N 01607E,,
CZ,CZOAV,Oracov,Oracov,ST,-----6--,RL,,5070N 01333E,,
CZ,CZORV,Orechov,Orechov,JM,--3-----,RL,,4907N 01632E,,
CZ,CZMOA,Orlova,Orlova,MO,-----6--,RL,,4951N 01826E,,
CZ,CZONB,Osek nad Becvou,Osek nad Becvou,OL,-----6--,RQ,,4931N 01732E,,
CZ,CZOSI,Osice,Osice,KR,1----6--,RL,,5009N 01541E,,
CZ,CZPAO,Osik,Osik,PA,1-------,RQ,,,,
CZ,CZOKV,Oskava,Oskava,OL,--3-----,RL,,4954N 01707E,,
CZ,CZOZ9,Oskava,Oskava,OL,--3-----,RL,,4954N 01707E,,
CZ,CZOSY,Oslavany,Oslavany,JM,--3-----,RL,,4908N 01620E,,
CZ,CZOBA,Osoblaha,Osoblaha,MO,-----6--,RL,,5016N 01743E,,
CZ,CZOSV,Osov,Osov,ST,--3-----,RL,,4951N 01405E,,
CZ,CZOTT,Ostrata,Ostrata,,--3-----,RL,,4916N 01746E,,
CZ,CZOSR,Ostrava,Ostrava,,-2345---,AA,,,,
CZ,CZORE,Ostravice,Ostravice,MO,-----6--,RL,,4932N 01823E,,
CZ,CZOTR,Ostretin,Ostretin,PA,--3-----,RL,,5003N 01602E,,
CZ,CZOST,Ostromer,Ostromer,KR,-23-----,RL,,5022N 01533E,,
CZ,CZONO,Ostrov,Ostrov,,-23--6--,RL,,5019N 01256E,,
CZ,CZOTO,Ostrov nad Oslavou,Ostrov nad Oslavou,VY,--3-----,RL,,4929N 01559E,,
CZ,CZOSS,Ostrov u Stríbra,Ostrov u Stribra,PL,--3-----,RL,,4942N 01305E,,
CZ,CZOAE,Ostrovacice,Ostrovacice,JM,--3-----,RL,,4913N 01625E,,
CZ,CZONV,Ostrozská Nová Ves,Ostrozska Nova Ves,JM,-23-----,RL,,4901N 01726E,,
CZ,CZOTI,Otice,Otice,MO,--3-----,RL,,4955N 01752E,,
CZ,CZONC,Otnice,Otnice,JM,--3-----,RQ,,4905N 01649E,,
CZ,CZOTV,Otovice,Otovice,KR,--3--6--,RL,,5034N 01624E,,
CZ,CZOTC,Otrokovice,Otrokovice,,--34----,AA,,,,
CZ,CZOVC,Otvovice,Otvovice,,--3--6--,RQ,,5013N 01416E,,
CZ,CZOUC,Oucmanice,Oucmanice,PA,--3-----,RL,,4959N 01617E,,
CZ,CZOVY,Ovcáry,Ovcary,ST,-23-----,RL,,5015N 01437E,,
CZ,CZPAC,Pacov,Pacov,VY,--3-----,RL,,4929N 01501E,,
CZ,CZPNB,Panenské Brezany,Panenske Brezany,,--3-----,RL,,5013N 01426E,,
CZ,CZPRB,Pardubice,Pardubice,,-2345---,AA,,,,
CZ,CZPND,Paseky nad Jizerou,Paseky nad Jizerou,LI,--3-----,RL,,5043N 01524E,,
CZ,CZPSV,Paskov,Paskov,,--3--6--,RL,,4944N 01818E,,
CZ,CZ5PV,Pastviny,Pastviny,PA,--3-----,RL,,5005N 01633E,,
CZ,CZPVO,Pavlov,Pavlov,JM,--3-----,RL,,4852N 01640E,,
CZ,CZPAV,Pavlov,Pavlov,ST,--3-----,RL,,5006N 01410E,,
CZ,CZPVV,Pavlov,Pavlov,VY,--3-----,RL,,4924N 01515E,,
CZ,CZPPO,Pavlovice u Prerova,Pavlovice u Prerova,,--3--6--,RQ,,4928N 01732E,,
CZ,CZPKY,Pecky,Pecky,,--3-----,RL,,5005N 01501E,,
CZ,CZPEL,Pelhrimov,Pelhrimov,,-23-----,AA,,,,
CZ,CZMMJ,Pelhrimovy,Pelhrimovy,MO,--3-----,RL,,5011N 01740E,,
CZ,CZPEN,Pencin,Pencin,OL,-----6--,RL,,4934N 01701E,,
CZ,CZPNC,Pencín,Pencin,LI,--3-----,RL,,5041N 01514E,,
CZ,CZPTV,Petrov,Petrov,,--3-----,AA,,,,
CZ,CZSKP,Petrovice,Petrovice,20,--3-----,RL,,5004N 01339E,,
CZ,CZPKA,Petrovice u Karviné,Petrovice u Karvine,,#NAME?,AA,,4954N 01832E,,
CZ,CZTRL,Petrvald,Petrvald,MO,-23-----,RL,,4950N 01824E,,
CZ,CZPEV,Petrvald,Petrvald,MO,--3-----,RL,,4943N 01809E,,
CZ,CZPPU,Pisecna u Jeseniku,Pisecna u Jeseniku,PA,-----6--,RL,,5003N 01627E,,
CZ,CZPSK,Pisek,Pisek,JC,-23-----,AA,,4918N 01409E,,
CZ,CZPSN,Písnice,Pisnice,,--3-----,RL,,4959N 01428E,,
CZ,CZANA,Planá,Plana,PL,-23-----,RL,,4952N 01244E,,
CZ,CZPLN,Plana nad Luznici,Plana nad Luznici,JC,--3-----,RQ,,4921N 01442E,,
CZ,CZPXL,Planá nad Luznicí,Plana nad Luznici,JC,-23-----,RL,,4921N 01443E,,
CZ,CZPAU,Plana u Marianskych Lazni,Plana u Marianskych Lazni,PL,123-----,RQ,,4952N 01245E,,
CZ,CZPLA,Planany,Planany,20,--3-----,RL,,5002N 01501E,,
CZ,CZPSY,Plasy,Plasy,PL,--3-----,RL,,4956N 01324E,,
CZ,CZPVY,Plavy,Plavy,,--3-----,RL,,5042N 01519E,,
CZ,CZPLS,Plesna,Plesna,KA,--3-----,RL,,5013N 01221E,,
CZ,CZPYD,Pleteny Ujezd,Pleteny Ujezd,ST,--3-----,RQ,,5006N 01407E,,
CZ,CZPLZ,Plzen,Plzen,,-2345---,AA,,,,
CZ,CZPZO,Pobezovice,Pobezovice,,--3-----,RQ,,4931N 01248E,,
CZ,CZPOC,Pocatky,Pocatky,JC,--3-----,RL,,4915N 01514E,,
CZ,CZPBY,Podborany,Podborany,,-23-----,RL,,5013N 01325E,,
CZ,CZEZI,Podbrezí,Podbrezi,KR,--3-----,RL,,5016N 01613E,,
CZ,CZPOD,Podebrady,Podebrady,,--3-----,RL,,5009N 01507E,,
CZ,CZPDV,Podivin,Podivin,JM,--3-----,RQ,,4850N 01651E,,
CZ,CZVXC,Podolanka,Podolanka,ST,--3-----,RL,,5009N 01436E,,
CZ,CZPDL,Podoli,Podoli,JM,--3-----,RL,,4911N 01644E,,
CZ,CZPDX,Podomí,Podomi,64,--3-----,RL,,4921N 01650E,,
CZ,CZPRE,Pohorelice,Pohorelice,,-23-----,RL,,4858N 01630E,,
CZ,CZJPA,Pohorelice U Brna,Pohorelice U Brna,JM,-----6--,RL,,4859N 01631E,,
CZ,CZPLY,Polepy,Polepy,US,--3-----,RL,,5030N 01416E,,
CZ,CZPOL,Polerady,Polerady,,--3-----,RL,,,,
CZ,CZ4PO,Polesovice,Polesovice,ZL,--3-----,RL,,4902N 01720E,,
CZ,CZPLO,Polevsko,Polevsko,,--3-----,RL,,5046N 01432E,,
CZ,CZPNJ,Police nad Metují,Police nad Metuji,,123-----,RL,,5032N 01614E,,
CZ,CZPLK,Policka,Policka,,-23-----,RL,,4942N 01616E,,
CZ,CZPNA,Polna,Polna,VY,1----6--,RQ,,4920N 01543E,,
CZ,CZKPY,Polna U Jihlavy,Polna U Jihlavy,KA,-----6--,RL,,5009N 01215E,,
CZ,CZOHA,Pomezí nad Ohrí,Pomezi nad Ohri,,#NAME?,AA,,5005N 01217E,,
CZ,CZLPA,Ponikla,Ponikla,LI,-----6--,RL,,5039N 01527E,,
CZ,CZPOU,Popuvky,Popuvky,JM,--3-----,RL,,4911N 01629E,,
CZ,CZPOP,Popuvky,Popuvky,OL,1-3-----,RL,,4920N 01718E,,
CZ,CZPCN,Porícany,Poricany,ST,--3-----,RL,,5006N 01456E,,
CZ,CZPRS,Poríci nad Sázavou,Porici nad Sazavou,ST,--3-----,RL,,4950N 01441E,,
CZ,CZUPY,Postoloprty,Postoloprty,US,-----6--,RL,,5022N 01343E,,
CZ,CZPBJ,Postorna,Postorna,JM,-----6--,RL,,4845N 01652E,,
CZ,CZPLV,Postrelmov,Postrelmov,OL,--3-----,RL,,4955N 01655E,,
CZ,CZPZN,Postrizín,Postrizin,ST,--3-----,RL,,5014N 01423E,,
CZ,CZOPT,Potstat,Potstat,OL,-----6--,RL,,4939N 01739E,,
CZ,CZPOT,Potucky-silnice,Potucky-silnice,,#NAME?,AA,,,,
CZ,CZPOO,Potvorov,Potvorov,PL,--3-----,RQ,,,,
CZ,CZPZY,Pouzdrany,Pouzdrany,,--3--6--,RQ,,4856N 01637E,,
CZ,CZPZE,Pozorice,Pozorice,JM,--3-----,RL,,4912N 01647E,,
CZ,CZPRT,Prachatice,Prachatice,,-23-----,AA,,,,
CZ,CZP4A,Prachovice,Prachovice,PA,--3-----,RL,,4954N 01538E,,
CZ,CZPDO,Prádlo,Pradlo,32,--3-----,RL,,4930N 01332E,,
CZ,CZXUY,Prague-Vinohrady,Prague-Vinohrady,ST,1-3-----,RL,,5004N 01427E,,
CZ,CZPRG,Praha,Praha,,-2345---,AA,,,,
CZ,CZPKC,Praskacka,Praskacka,KR,--3-----,RL,,5010N 01544E,,
CZ,CZPRZ,Prazmo,Prazmo,MO,--3-----,RL,,4936N 01829E,,
CZ,CZPOJ,Predboj,Predboj,ST,--3-----,RL,,5014N 01429E,,
CZ,CZPRD,Predín,Predin,63,--3-----,RL,,4911N 01540E,,
CZ,CZPUT,Predklásteri,Predklasteri,JM,--3-----,RL,,4921N 01624E,,
CZ,CZPRJ,Predmerice nad Jizerou,Predmerice nad Jizerou,,-----6--,RL,,5015N 01447E,,
CZ,CZPNL,Predmerice nad Labem,Predmerice nad Labem,KR,-23-----,RL,,5015N 01549E,,
CZ,CZPLC,Prelouc,Prelouc,,-23-----,RL,,5002N 01534E,,
CZ,CZPRY,Premyslovice,Premyslovice,OL,--3-----,RL,,4934N 01658E,,
CZ,CZPRV,Prerov,Prerov,,-234----,AA,,,,
CZ,CZXNL,Prerov nad Labem,Prerov nad Labem,ST,--3-----,RL,,5010N 01450E,,
CZ,CZPOV,Prestanov,Prestanov,US,--3-----,RL,,5041N 01355E,,
CZ,CZPST,Prestice,Prestice,PL,-23-----,RL,,4934N 01320E,,
CZ,CZPLT,Prezletice,Prezletice,ST,-----6--,RQ,,5010N 01434E,,
CZ,CZPBR,Príbor,Pribor,MO,-23-----,RL,,4939N 01809E,,
CZ,CZPRI,Pribram,Pribram,,-23-----,AA,,,,
CZ,CZPBA,Pribyslav,Pribyslav,VY,--3-----,RL,,4916N 01547E,,
CZ,CZPCV,Prichovice,Prichovice,PL,--3-----,RL,,4934N 01320E,,
CZ,CZPII,Prichovice,Prichovice,PL,--3-----,RL,,4934N 01320E,,
CZ,CZPIC,Prisovice,Prisovice,,--3-----,RL,,5035N 00155E,,
CZ,CZPTY,Pritluky,Pritluky,,--3-----,RL,,4551N 01646E,,
CZ,CZPBT,Probostov,Probostov,US,--3-----,RL,,5040N 01350E,,
CZ,CZPSE,Prosenice,Prosenice,ST,--3-----,RQ,,4942N 01429E,,
CZ,CZPRL,Prosenická Lhota,Prosenicka Lhota,ST,--3-----,RL,,4941N 01429E,,
CZ,CZPRM,Prosimerice,Prosimerice,JM,--3-----,RL,,4854N 01611E,,
CZ,CZPRO,Prostejov,Prostejov,,-23-----,AA,,,,
CZ,CZJPN,Protivin,Protivin,JC,-----6--,RL,,4912N 01413E,,
CZ,CZPVN,Provodín,Provodin,,--3-----,RQ,,5037N 01435E,,
CZ,CZPHE,Pruhonice,Pruhonice,,--3-----,RL,,,,
CZ,CZPRU,Prunérov,Prunerov,PA,-23-----,RL,,5025N 01316E,,
CZ,CZPUK,Prusánky,Prusanky,JM,--3--6--,RL,,4850N 01659E,,
CZ,CZ7JK,Psáry,Psary,ST,--3-----,RL,,4956N 01431E,,
CZ,CZPTI,Ptení,Pteni,,--3-----,RQ,,4930N 01656E,,
CZ,CZPYS,Pysely,Pysely,JC,--3-----,RQ,,,,
CZ,CZRAB,Ráby,Raby,53,--3-----,RL,,5004N 01548E,,
CZ,CZRAC,Racice,Racice,US,--3-----,RL,,5028N 01421E,,
CZ,CZRVC,Rácovice,Racovice,,-23-----,RL,,4901N 01541E,,
CZ,CZRDR,Radimer,Radimer,PA,--3-----,RL,,4943N 01627E,,
CZ,CZVRP,Radnice u Plzne,Radnice u Plzne,VY,-----6--,RL,,5004N 01425E,,
CZ,CZRDN,Radonice,Radonice,ST,1-------,RQ,,,,
CZ,CZRAU,Radonice,Radonice,US,1-------,RQ,,,,
CZ,CZRNO,Radostín nad Oslavou,Radostin nad Oslavou,VY,--3-----,RL,,4927N 01557E,,
CZ,CZRAD,Radotín,Radotin,KA,--3-----,RL,,5040N 01315E,,
CZ,CZRVN,Radovesnice,Radovesnice,,--3-----,RQ,,5001N 01509E,,
CZ,CZRDV,Radvanice,Radvanice,MO,-----6--,RQ,,4949N 01820E,,
CZ,CZRJS,Rajec-Jestrebi,Rajec-Jestrebi,JM,--3-----,RQ,,4925N 01638E,,
CZ,CZRJK,Rájecko,Rajecko,JM,--3-----,RL,,4924N 01639E,,
CZ,CZRAJ,Rajhrad,Rajhrad,JM,123-----,RQ,,,,
CZ,CZRAK,Rakovník,Rakovnik,,-23-----,AA,,5006N 01345E,,
CZ,CZRKV,Rakvice,Rakvice,JM,-23-----,RL,,4851N 01650E,,
CZ,CZRPO,Rapotice,Rapotice,,-23--6--,RL,,4911N 01616E,,
CZ,CZRAT,Rapotín,Rapotin,OL,--3-----,RL,,4959N 01700E,,
CZ,CZRSS,Rasosky,Rasosky,KR,--3-----,RL,,5019N 01555E,,
CZ,CZRSP,Raspenava,Raspenava,LI,--3-----,RL,,5053N 01507E,,
CZ,CZRKO,Ratískovice,Ratiskovice,JM,--3-----,RL,,4856N 01710E,,
CZ,CZCVR,Recice,Recice,,--3-----,RL,,4930N 01510E,,
CZ,CZREP,Repníky,Repniky,PA,--3-----,RL,,4955N 01605E,,
CZ,CZREV,Repov,Repov,ST,--3-----,RL,,5024N 01457E,,
CZ,CZREC,Revnice,Revnice,ST,--3-----,RL,,4955N 01415E,,
CZ,CZRNC,Revnicov,Revnicov,ST,--3-----,RQ,,5011N 01348E,,
CZ,CZRCY,Rícany,Ricany,,--3-----,RL,,5000N 01440E,,
CZ,CZRUP,Ricany u Prahy,Ricany u Prahy,PL,--3-----,RQ,,,,
CZ,CZRIV,Ríkov,Rikov,KA,--3-----,RL,,5023N 01601E,,
CZ,CZXXX,RIS Inland waterways,RIS Inland waterways,,1-------,AI,,,,
CZ,CZZKQ,Rohatec,Rohatec,,--3-----,RL,,,,
CZ,CZOLR,Rohle,Rohle,OL,--3-----,RQ,,,,
CZ,CZRKC,Rokycany,Rokycany,,--3-----,AA,,,,
CZ,CZRNJ,Rokytnice nad Jizerou,Rokytnice nad Jizerou,JC,--3-----,RL,,5043N 01527E,,
CZ,CZKRH,Rokytnice v Orlickych Horach,Rokytnice v Orlickych Horach,KR,-----6--,RL,,5010N 01628E,,
CZ,CZRUR,Rosice,Rosice,,-23-----,RL,,4911N 01623E,,
CZ,CZRTV,Rotava,Rotava,KA,--3-----,RQ,,,,
CZ,CZRNL,Roudnice nad Labem,Roudnice nad Labem,,-23-----,AA,,,,
CZ,CZRSV,Rousinov,Rousinov,,--3-----,RL,,4949N 01449E,,
CZ,CZS4Y,Rovensko pod Troskami,Rovensko pod Troskami,KR,--3-----,RL,,5030N 01515E,,
CZ,CZRZD,Rozd'alovice,Rozd'alovice,20,--3-----,RL,,5018N 01510E,,
CZ,CZRPT,Rozmitál pod Tremsinem,Rozmital pod Tremsinem,ST,--3-----,RL,,4936N 01353E,,
CZ,CZRVR,Roznov pod Radhostem,Roznov pod Radhostem,ZL,-----6--,RQ,,4927N 01809E,,
CZ,CZRPR,Roznov pod Radhosthem,Roznov pod Radhosthem,,--3-----,RL,,,,
CZ,CZRZT,Roztoky,Roztoky,ST,-23-----,RN,,5010N 01424E,,
CZ,CZRZA,Rozvadov,Rozvadov,,#NAME?,AA,,,,
CZ,CZRNB,Rtyne nad Bílinou,Rtyne nad Bilinou,US,-23-----,RL,,5036N 01351E,,
CZ,CZRPD,Rtyne V Podkrkonosi,Rtyne V Podkrkonosi,KR,--3-----,RL,,5030N 01604E,,
CZ,CZRUD,Rudná,Rudna,,--3-----,RL,,5002N 01413E,,
CZ,CZRPY,Rudna u Prahy,Rudna u Prahy,ST,--3-----,RQ,,,,
CZ,CZRDK,Rudník,Rudnik,KR,--3-----,RL,,5036N 01544E,,
CZ,CZRUA,Rumburk,Rumburk,,#NAME?,AA,,,,
CZ,CZRUK,Rumburk,Rumburk,US,-----6--,RL,,5057N 01434E,,
CZ,CZRBV,Rybitvi,Rybitvi,PA,--3-----,RL,,5003N 01543E,,
CZ,CZRNK,Rychnov nad Kneznou,Rychnov nad Kneznou,,-23-----,AA,,,,
CZ,CZRJN,Rychnov u Jablonce Nad Nisou,Rychnov u Jablonce Nad Nisou,LI,--3-----,RL,,5041N 01508E,,
CZ,CZRYH,Rychnovek,Rychnovek,52,--3-----,RL,,5021N 01558E,,
CZ,CZRCV,Rychvald,Rychvald,,-----6--,RL,,4952N 01822E,,
CZ,CZRYM,Rymarov,Rymarov,80,--3-----,RL,,4956N 01716E,,
CZ,CZRYN,Rynoltice,Rynoltice,LI,--3-----,RQ,,,,
CZ,CZSDV,Sadov,Sadov,KA,--3-----,RL,,5016N 01254E,,
CZ,CZSAD,Sadská,Sadska,JC,-23-----,RL,,5008N 01459E,,
CZ,CZJK6,Sakvice,Sakvice,JM,1-3-----,RL,,4854N 01642E,,
CZ,CZSAP,Saplava,Saplava,KR,--3-----,RL,,5019N 01532E,,
CZ,CZSDI,Sardice,Sardice,,--3--6--,RL,,4858N 01702E,,
CZ,CZSAA,Satov,Satov,,#NAME?,AA,,,,
CZ,CZSAZ,Sázava,Sazava,,-23-----,RL,,4952N 01454E,,
CZ,CZSAC,Sebranice,Sebranice,JM,--3-----,RL,,4930N 01635E,,
CZ,CZSAI,Sebranice,Sebranice,PA,--3-----,RQ,,4947N 16150E,,
CZ,CZSED,Sedlcany,Sedlcany,,--3-----,RL,,4940N 01425E,,
CZ,CZNKN,Sedlec,Sedlec,JC,1-3-----,RL,,4910N 01420E,,
CZ,CZSSP,Sedlec-Prcice,Sedlec-Prcice,JC,--3-----,RL,,4934N 01431E,,
CZ,CZSDB,Sedlice u Blatne,Sedlice u Blatne,JC,-----6--,RQ,,4922N 01356E,,
CZ,CZSDL,Sedliste,Sedliste,MO,--3-----,RL,,4943N 01821E,,
CZ,CZSEM,Semcice,Semcice,,1----6--,RL,,5022N 15000E,,
CZ,CZSML,Semily,Semily,,-23-----,AA,,,,
CZ,CZSNH,Senice na Hané,Senice na Hane,OL,--3-----,RL,,4938N 01706E,,
CZ,CZBTS,Senicka,Senicka,OL,--3-----,RL,,4938N 01703E,,
CZ,CZSNR,Senohraby,Senohraby,PR,--3-----,RL,,4954N 01443E,,
CZ,CZSNO,Senov,Senov,MO,--3-----,RL,,4947N 01822E,,
CZ,CZSEN,Senov Ostrava Mesto,Senov Ostrava Mesto,MO,--3-----,RL,,4749N 01822E,,
CZ,CZSEV,Sevetin,Sevetin,JC,--3-----,RQ,,4906N 01435E,,
CZ,CZSZM,Sezemice,Sezemice,PA,--3-----,RL,,5004N 01551E,,
CZ,CZSZC,Sezemice,Sezemice,US,-----6--,RL,,5037N 01354E,,
CZ,CZSEZ,Sezimovo Ústí,Sezimovo Usti,JM,--3-----,RL,,4923N 01442E,,
CZ,CZSIB,Sibrina,Sibrina,ST,--3-----,RL,,5004N 01440E,,
CZ,CZSIV,Sivice,Sivice,JM,--3-----,RL,,4912N 01647E,,
CZ,CZSKU,Skalice,Skalice,US,--3-----,RL,,5034N 01408E,,
CZ,CZSSX,Skalice nad Svitavou,Skalice nad Svitavou,JM,--3-----,RL,,4929N 01636E,,
CZ,CZSCL,Skalice u Ceske Lipy,Skalice u Ceske Lipy,JC,--3-----,RQ,,,,
CZ,CZSKA,Skalná,Skalna,KA,-23-----,RL,,5010N 01222E,,
CZ,CZSKR,Skrivany,Skrivany,KR,--3-----,RL,,5016N 01530E,,
CZ,CZSNB,Skuhrov nad Belou,Skuhrov nad Belou,,--3-----,RL,,5013N 01617E,,
CZ,CZSKT,Skutec,Skutec,,-23-----,RL,,4951N 01600E,,
CZ,CZSKV,Skvorec,Skvorec,,--3-----,RL,,5003N 01444E,,
CZ,CZSLY,Slaný,Slany,ST,-23-----,RL,,5014N 01406E,,
CZ,CZSNE,Slapanice,Slapanice,JM,-23-----,RL,,4910N 01645E,,
CZ,CZSLA,Slapy,Slapy,ST,--3-----,RL,,4949N 01424E,,
CZ,CZSTA,Slatina,Slatina,,1-3-----,RQ,,,,
CZ,CZSNY,Slatinany,Slatinany,,--3-----,AA,,,,
CZ,CZSVN,Slavicín,Slavicin,ZL,--3-----,RL,,4905N 01753E,,
CZ,CZSUH,Slavkov,Slavkov,ZL,--3-----,RL,,4857N 01737E,,
CZ,CZSVB,Slavkov u Brna,Slavkov u Brna,JM,-23-----,RL,,4909N 01652E,,
CZ,CZULV,Sluknov,Sluknov,US,-----6--,RL,,5101N 01428E,,
CZ,CZSSV,Slusovice,Slusovice,ZL,--3-----,RL,,4915N 01748E,,
CZ,CZSLE,Slustice,Slustice,ST,-----6--,RQ,,5003N 01441E,,
CZ,CZSMO,Smíchov,Smichov,,1-3-----,RL,,5004N 01424E,,
CZ,CZSDY,Smidary,Smidary,KR,--3-----,RL,,5018N 01529E,,
CZ,CZCRS,Smilovice,Smilovice,MO,1----6--,RQ,,4940N 01835E,,
CZ,CZSMR,Smirice,Smirice,,-23-----,RL,,5001N 01505E,,
CZ,CZSME,Smrzice,Smrzice,OL,-----6--,RQ,,4930N 01706E,,
CZ,CZOVK,Smrzovka,Smrzovka,,123-----,RL,,5044N 01515E,,
CZ,CZSBE,Sobeslav,Sobeslav,JC,--3-----,RL,,4919N 01443E,,
CZ,CZSOV,Sobesovice,Sobesovice,MO,--3-----,RL,,4943N 01827E,,
CZ,CZSOB,Sobotín,Sobotin,OL,--3-----,RL,,5001N 01705E,,
CZ,CZSBA,Sobotka,Sobotka,KR,-23-----,RL,,5028N 01511E,,
CZ,CZSOK,Sokolov,Sokolov,,-23-----,AA,,,,
CZ,CZSOL,Solnice,Solnice,KR,--3-----,RL,,5012N 01614E,,
CZ,CZSOE,Sousedovice,Sousedovice,31,--3-----,RL,,4914N 01352E,,
CZ,CZSPR,Spáléne Porící,Spalene Porici,PL,--3-----,RL,,4937N 01335E,,
CZ,CZSKY,Spicky,Spicky,OL,--3-----,RQ,,4933N 01749E,,
CZ,CZSPY,Spytihnev,Spytihnev,ZL,-23-----,RL,,4909N 01731E,,
CZ,CZ7OW,Srbská,Srbska,LI,--3-----,RL,,5058N 01513E,,
CZ,CZSRH,Srch,Srch,PA,--3-----,RL,,5005N 01546E,,
CZ,CZSTD,Stádlec,Stadlec,,--3-----,RL,,4924N 01430E,,
CZ,CZPSO,Stankov,Stankov,PL,-----6--,RL,,4933N 01304E,,
CZ,CZSUZ,Stankovice U Zatce,Stankovice U Zatce,US,--3-----,RL,,5021N 01335E,,
CZ,CZSBO,Stará Boleslav,Stara Boleslav,,--3-----,RL,,5012N 01441E,,
CZ,CZSRO,Stará Role,Stara Role,KA,-23-----,RL,,5014N 01249E,,
CZ,CZSAV,Stará Voda,Stara Voda,KA,--3-----,RL,,5500N 01236E,,
CZ,CZSHD,Staré Hradiste,Stare Hradiste,,-23-----,AA,,5004N 01547E,,
CZ,CZKCY,Stare Krecany,Stare Krecany,US,--3-----,RL,,5057N 01430E,,
CZ,CZSTM,Staré Mesto,Stare Mesto,OL,-23-----,RL,,5010N 01657E,,
CZ,CZST2,Staré Mesto pod Sneznikem,Stare Mesto pod Sneznikem,OL,--3-----,RL,,5010N 01657E,,
CZ,CZZSE,Stare Mesto u Uherskeho Hradiste,Stare Mesto u Uherskeho Hradiste,ZL,-----6--,RL,,4905N 01728E,,
CZ,CZSZD,Staré Zdánice,Stare Zdanice,53,--3-----,RL,,5008N 01543E,,
CZ,CZSRC,Staríc,Staric,MO,-23-----,RL,,4941N 01816E,,
CZ,CZSVC,Starovice,Starovice,64,--3-----,RL,,4857N 01643E,,
CZ,CZSBV,Stary Bydzov,Stary Bydzov,KR,--3-----,RL,,5016N 01527E,,
CZ,CZSHZ,Stary Hrozenkov,Stary Hrozenkov,,#NAME?,AA,,4858N 01753E,,
CZ,CZSPC,Stary Plzenec,Stary Plzenec,,1-3-----,RQ,,,,
CZ,CZSYV,Starý Vestec,Stary Vestec,ST,--3-----,RL,,5009N 01451E,,
CZ,CZSNC,Statenice,Statenice,ST,--3-----,RL,,5009N 01419E,,
CZ,CZSTE,Stechovice,Stechovice,ST,1-3-----,RN,,4951N 01424E,,
CZ,CZSLS,Stehelceves,Stehelceves,ST,-----6--,RQ,,5010N 01411E,,
CZ,CZENO,Stenovice,Stenovice,PL,--3-----,RL,,4940N 01324E,,
CZ,CZSTP,Stepánov,Stepanov,OL,--3-----,RL,,4941N 01713E,,
CZ,CZSNK,Stepanov nad Svratkou,Stepanov nad Svratkou,JM,--3-----,RL,,4930N 01620E,,
CZ,CZSTB,Sternberk,Sternberk,OL,--3-----,RL,,4943N 01717E,,
CZ,CZSTT,Stetí,Steti,,123--6--,RN,,5027N 01423E,,
CZ,CZKSY,Stezery,Stezery,KR,-----6--,RL,,5013N 01545E,,
CZ,CZSIT,Stitina,Stitina,MO,-23-----,RL,,4955N 01801E,,
CZ,CZSNV,Stítná nad Vlárí,Stitna nad Vlari,MO,-23-----,RL,,4904N 01759E,,
CZ,CZSTH,Stochov,Stochov,ST,--3-----,RL,,5009N 01358E,,
CZ,CZSUP,Stod u Plzne,Stod u Plzne,PL,--3-----,RL,,4938N 01310E,,
CZ,CZS9N,Strachotín,Strachotin,JM,--3-----,RL,,4854N 01639E,,
CZ,CZSKN,Strakonice,Strakonice,,-23-----,AA,,,,
CZ,CZSTC,Strancice,Strancice,,--3-----,RL,,4957N 01439E,,
CZ,CZSTN,Strání,Strani,,#NAME?,AA,,4854N 01744E,,
CZ,CZSSC,Strasice,Strasice,PL,--3-----,RL,,4944N 01346E,,
CZ,CZSVO,Straskov,Straskov,,-23-----,RL,,5022N 01414E,,
CZ,CZSNN,Stráz nad Nisou,Straz nad Nisou,,-23-----,RL,,5047N 01459E,,
CZ,CZSZR,Straz pod Ralskem,Straz pod Ralskem,LI,--3-----,RQ,,5042N 01448E,,
CZ,CZOTA,Strazna,Strazna,OL,-----6--,RL,,4950N 01708E,,
CZ,CZSZN,Strázné,Strazne,KR,--3-----,RL,,5040N 01536E,,
CZ,CZSTR,Stráznice,Straznice,JM,--3-----,RL,,4854N 01719E,,
CZ,CZSZA,Strázny,Strazny,,#NAME?,AA,,4854N 01342E,,
CZ,CZSTZ,Strazov,Strazov,PL,--3-----,RQ,,,,
CZ,CZSZV,Strazovice,Strazovice,JM,--3-----,RL,,4901N 01703E,,
CZ,CZSZ2,Strázovice,Strazovice,ST,--3-----,RL,,4943N 01431E,,
CZ,CZSEY,Stredokluky,Stredokluky,ST,--3-----,RL,,5008N 01414E,,
CZ,CZSTL,Strelice,Strelice,JM,-23-----,RL,,4909N 01630E,,
CZ,CZSRL,Strelna,Strelna,,#NAME?,AA,,,,
CZ,CZBRA,Stribrna Skalice,Stribrna Skalice,ST,1----6--,RL,,4954N 01451E,,
CZ,CZSBR,Stríbro,Stribro,PL,-23-----,RL,,4946N 01300E,,
CZ,CZ9YI,Strílky,Strilky,ZL,--3-----,RL,,4909N 01713E,,
CZ,CZSIZ,Strítez,Stritez,VY,--3-----,RL,,4928N 01538E,,
CZ,CZSMV,Strmilov,Strmilov,JC,-----6--,RQ,,4909N 01512E,,
CZ,CZSRT,Struharov,Struharov,ST,--3-----,RL,,4957N 01445E,,
CZ,CZSEB,Strunkovice nad Blanicí,Strunkovice nad Blanici,JC,-----6--,RQ,,4905N 01403E,,
CZ,CZSRZ,Struznice,Struznice,LI,-----6--,RQ,,5042N 01428E,,
CZ,CZSTY,Studanky,Studanky,PL,#NAME?,AA,,4922N 01300E,,
CZ,CZSTU,Studená,Studena,,--3-----,RL,,4911N 01517E,,
CZ,CZSRV,Studenka,Studenka,MO,-23-----,RQ,,,,
CZ,CZSLZ,Suchá Loz,Sucha Loz,,--3-----,RL,,4858N 01743E,,
CZ,CZLDU,Suchdol nad Odrou,Suchdol nad Odrou,MO,--3-----,RL,,4938N 01756E,,
CZ,CZOSL,Suché Lazce,Suche Lazce,MO,--3-----,RL,,4954N 01759E,,
CZ,CZSCM,Suchohrdly,Suchohrdly,JM,--3-----,RL,,4857N 01622E,,
CZ,CZUHY,Suchy,Suchy,JM,--3-----,RL,,4929N 01646E,,
CZ,CZSDC,Sudice,Sudice,,#NAME?,AA,,,,
CZ,CZSUK,Sudkov,Sudkov,OL,--3-----,RL,,4956N 01657E,,
CZ,CZSUD,Sudomerice,Sudomerice,,#NAME?,AA,,,,
CZ,CZSKD,Sukorady,Sukorady,ST,--3--6--,RQ,,5026N 01502E,,
CZ,CZSUL,Sulice,Sulice,PA,--3-----,RQ,,,,
CZ,CZSUM,Sumperk,Sumperk,,-23-----,AA,,,,
CZ,CZSPK,Supíkovice,Supikovice,OL,--3-----,RQ,,5018N 01715E,,
CZ,CZSUS,Susice,Susice,,-23-----,AA,,,,
CZ,CZAAA,Svatava,Svatava,KA,--3-----,RL,,5011N 01238E,,
CZ,CZVSR,Svatoborice,Svatoborice,JM,--3-----,RL,,4859N 01706E,,
CZ,CZSVK,Svaty Kriz,Svaty Kriz,,#NAME?,AA,,,,
CZ,CZMSA,Svetla Hora,Svetla Hora,MO,-----6--,RL,,5003N 01725E,,
CZ,CZSNS,Svetlá nad Sázavou,Svetla nad Sazavou,,--3-----,RL,,4940N 01524E,,
CZ,CZSPJ,Svetlá pod Jestedem,Svetla pod Jestedem,LI,--3-----,RL,,5043N 01459E,,
CZ,CZSDO,Sviadnov,Sviadnov,,123--6--,RL,,4942N 01821E,,
CZ,CZSVY,Svijany,Svijany,20,--3-----,RL,,5034N 01504E,,
CZ,CZSVI,Svitávka,Svitavka,64,--3-----,RL,,4930N 01636E,,
CZ,CZSTV,Svitavy,Svitavy,,-23-----,AA,,,,
CZ,CZSVE,Svojsice,Svojsice,PA,--3-----,RL,,4958N 01536E,,
CZ,CZSVR,Svrkyne,Svrkyne,,-23-----,RL,,5009N 01417E,,
CZ,CZSXR,Syrovice,Syrovice,64,--3-----,RL,,4905N 01633E,,
CZ,CZOEV,Syrovice,Syrovice,US,--3-----,RL,,5016N 01328E,,
CZ,CZSYR,Syrovín,Syrovin,JM,--3-----,RL,,4902N 01716E,,
CZ,CZTBR,Tabor,Tabor,,-23-----,AA,,,,
CZ,CZTAB,Tábor,Tabor,JC,-----6--,RL,,4924N 01439E,,
CZ,CZTAH,Tachlovice,Tachlovice,20,--3-----,RL,,5001N 01415E,,
CZ,CZTAC,Tachov,Tachov,,-23-----,AA,,,,
CZ,CZTVA,Tanvald,Tanvald,,123--6--,RL,,5044N 01518E,,
CZ,CZTEC,Techonín,Techonin,PA,--3-----,RL,,5004N 01637E,,
CZ,CZTCV,Tecovice,Tecovice,72,--3-----,RL,,4913N 01735E,,
CZ,CZSHC,Tehovec,Tehovec,ST,-----6--,RL,,4959N 14440E,,
CZ,CZTLC,Telc,Telc,JM,--3-----,RL,,4911N 01528E,,
CZ,CZTC9,Telce,Telce,ST,--3-----,RL,,5018N 01359E,,
CZ,CZCET,Telnice,Telnice,,-----6--,RQ,,5044N 01358E,,
CZ,CZTML,Temelín,Temelin,JC,-23-----,RL,,4912N 01421E,,
CZ,CZTPL,Teplá,Tepla,KA,--3-----,RL,,4959N 01252E,,
CZ,CZTEP,Teplice,Teplice,,-23-----,AA,,,,
CZ,CZTNM,Teplice nad Metují,Teplice nad Metuji,KR,--3-----,RL,,5036N 01611E,,
CZ,CZUTN,Terezin,Terezin,US,-----6--,RL,,5031N 01409E,,
CZ,CZTZK,Terlicko,Terlicko,MO,--3-----,RL,,4944N 01830E,,
CZ,CZTES,Tesovice,Tesovice,JC,--3-----,RL,,4903N 01401E,,
CZ,CZATH,Tichá,Ticha,MO,--3-----,RL,,4934N 01814E,,
CZ,CZTSC,Tisice,Tisice,ST,--3-----,RL,,5016N 01433E,,
CZ,CZTIS,Tisnov,Tisnov,JM,123-----,RL,,4921N 01626E,,
CZ,CZTLU,Tlumacov,Tlumacov,ZL,-----6--,RL,,4915N 01730E,,
CZ,CZTOP,Topolna,Topolna,ZL,--3-----,RL,,4907N 01732E,,
CZ,CZTOM,Touzim,Touzim,,123-----,RL,,5004N 01259E,,
CZ,CZTOV,Tovacov,Tovacov,OL,--3-----,RL,,4926N 01717E,,
CZ,CZMTE,Tranovice,Tranovice,MO,-----6--,RL,,4942N 01833E,,
CZ,CZTRV,Trebarov,Trebarov,PA,--3-----,RL,,4950N 01643E,,
CZ,CZTPO,Trebechovice pod Orebem,Trebechovice pod Orebem,,--3-----,RQ,,5012N 01559E,,
CZ,CZTBE,Treben,Treben,41,--3-----,RL,,5008N 01224E,,
CZ,CZTRN,Trebenice,Trebenice,US,--3-----,RL,,5028N 01359E,,
CZ,CZTSO,Trebestovice,Trebestovice,,--3--6--,RQ,,5006N 01457E,,
CZ,CZTRB,Trebíc,Trebic,,-23-----,AA,,4913N 01553E,,
CZ,CZTBV,Trebísov,Trebisov,PL,--3-----,RL,,4926N 01325E,,
CZ,CZTBN,Trebon,Trebon,JC,-----6--,RL,,4901N 01447E,,
CZ,CZTBD,Treboradice,Treboradice,,--3-----,RQ,,5010N 01431E,,
CZ,CZTRE,Trebotov,Trebotov,,--3-----,RQ,,,,
CZ,CZTMS,Tremosná,Tremosna,PL,--3-----,RL,,4949N 01324E,,
CZ,CZTMO,Tremosnice,Tremosnice,PA,--3-----,RL,,4953N 01535E,,
CZ,CZTRT,Trest,Trest,VY,-----6--,RQ,,4917N 01529E,,
CZ,CZTHV,Trhanov,Trhanov,PL,--3-----,RL,,4925N 01251E,,
CZ,CZTSY,Trhove Sviny,Trhove Sviny,JC,--3-----,RQ,,,,
CZ,CZTHS,Trhové Sviny,Trhove Sviny,JC,--3-----,RL,,4850N 01438E,,
CZ,CZSTO,Trhovy Stepanov,Trhovy Stepanov,ST,-----6--,RL,,4942N 01501E,,
CZ,CZTNC,Trinec,Trinec,,-23-5---,AA,,,,
CZ,CZTRM,Trmice,Trmice,,-23-----,RL,,5039N 01400E,,
CZ,CZVKA,Trnavka,Trnavka,PA,1----6--,RQ,,5002N 01528E,,
CZ,CZTRO,Trnovany,Trnovany,US,--3-----,RQ,,,,
CZ,CZTBO,Troubsko,Troubsko,JM,--3-----,RL,,4910N 01630E,,
CZ,CZTRS,Trsice,Trsice,OL,--3-----,RL,,4933N 01726E,,
CZ,CZTRU,Trutnov,Trutnov,,-23-----,AA,,,,
CZ,CZTPC,Tucapy,Tucapy,ZL,--3-----,RL,,4902N 01719E,,
CZ,CZTUC,Tuchomerice,Tuchomerice,PR,1----6--,RL,,5008N 01417E,,
CZ,CZTUP,Tupesy,Tupesy,ZL,--3-----,RL,,4905N 01722E,,
CZ,CZTUR,Turnov,Turnov,,-23-----,AA,,,,
CZ,CZTSK,Tursko,Tursko,ST,--3--6--,RQ,,5012N 01420E,,
CZ,CZTVC,Tvorovice,Tvorovice,OL,--3-----,RL,,4923N 01713E,,
CZ,CZTDI,Tvrdonice,Tvrdonice,JM,--3--6--,RL,,4846N 01700E,,
CZ,CZTNV,Tyn nad Vltavou,Tyn nad Vltavou,JC,--3-----,RL,,4914N 01425E,,
CZ,CZTYL,Týnec nad Labem,Tynec nad Labem,ST,-23-----,RN,,5002N 01521E,,
CZ,CZTAS,Týnec nad Sázavou,Tynec nad Sazavou,,--3-----,RL,,4949N 01438E,,
CZ,CZTNO,Tyniste nad Orlici,Tyniste nad Orlici,KR,--3-----,RQ,,,,
CZ,CZUHC,Úhelnice,Uhelnice,ST,--3-----,RL,,5027N 01500E,,
CZ,CZUHE,Uherské Hradiste,Uherske Hradiste,,-234----,AA,,4904N 01727E,,
CZ,CZUBR,Uherský Brod,Uhersky Brod,JM,-23-----,RL,,4902N 01739E,,
CZ,CZUH2,Uhersky Ostroh,Uhersky Ostroh,ZL,-----6--,RQ,,4859N 01723E,,
CZ,CZSJV,Uhlirske Janovice,Uhlirske Janovice,,-----6--,RQ,,4953N 01504E,,
CZ,CZUKY,Uholicky,Uholicky,20,--3-----,RL,,5010N 01420E,,
CZ,CZUJZ,Ujezd,Ujezd,ZL,--3--6--,RL,,4910N 01754E,,
CZ,CZUJE,Ujezdecek,Ujezdecek,42,--3-----,RL,,5038N 01350E,,
CZ,CZUMN,Úmonín,Umonin,ST,--3-----,RL,,4953N 01516E,,
CZ,CZUHO,Unhost,Unhost,ST,--3-----,RL,,5005N 01408E,,
CZ,CZUCV,Unicov,Unicov,,--3-----,RL,,4946N 01707E,,
CZ,CZUPI,Upice,Upice,KR,--3-----,RL,,5031N 01601E,,
CZ,CZUBO,Úsobrno,Usobrno,JM,--3-----,RL,,4936N 01646E,,
CZ,CZUSV,Usov,Usov,,--3-----,RL,,4948N 01701E,,
CZ,CZUST,Ústek,Ustek,US,--3-----,RL,,5035N 01421E,,
CZ,CZULN,Ustí nad Labem,Usti nad Labem,,123-5---,AA,,5040N 01402E,,
CZ,CZUOI,Ústí nad Orlicí,Usti nad Orlici,,--3-----,RL,,4958N 01623E,,
CZ,CZUVA,Úvalno,Uvalno,MO,-23-----,RL,,5003N 01745E,,
CZ,CZUVY,Uvaly,Uvaly,ST,--3-----,RQ,,5005N 01444E,,
CZ,CZUZK,Uzice,Uzice,ST,--3-----,RQ,,,,
CZ,CZJVV,Vacov,Vacov,JC,-----6--,RL,,4908N 01344E,,
CZ,CZVPK,Valasska Polanka,Valasska Polanka,ZL,--3-----,RL,,4915N 01800E,,
CZ,CZVPL,Valasská Polanka,Valasska Polanka,72,--3-----,RL,,4915N 01800E,,
CZ,CZZVY,Valasske Klobouky,Valasske Klobouky,ZL,-----6--,RL,,4909N 01800E,,
CZ,CZVMZ,Valasské Mezirící,Valasske Mezirici,,-23-----,AA,,4928N 01758E,,
CZ,CZVTC,Valtice,Valtice,JM,--3-----,RL,,4845N 01645E,,
CZ,CZSKL,Valtínov,Valtinov,,--3-----,RL,,4906N 01516E,,
CZ,CZVMB,Vamberk,Vamberk,,-----6--,RL,,5006N 01617E,,
CZ,CZVNA,Vanovice,Vanovice,JM,--3-----,RL,,4934N 01640E,,
CZ,CZVNE,Vanovice,Vanovice,ST,--3-----,RL,,5015N 01457E,,
CZ,CZVFA,Varnsdorf,Varnsdorf,,#NAME?,AA,,,,
CZ,CZVAS,Vasirov,Vasirov,ST,--3-----,RL,,5008N 01357E,,
CZ,CZVEJ,Vejprnice,Vejprnice,PL,-23-----,RL,,4944N 01317E,,
CZ,CZVPT,Vejprty,Vejprty,US,--3-----,RL,,5030N 01302E,,
CZ,CZVLC,Velecin,Velecin,PL,--3-----,RL,,5005N 01324E,,
CZ,CZVB2,Veleliby,Veleliby,ST,--3-----,RL,,5013N 01501E,,
CZ,CZMIN,Velemin,Velemin,42,--3-----,RL,,5032N 01359E,,
CZ,CZVMY,Velemysleves,Velemysleves,US,--3-----,RL,,5024N 01334E,,
CZ,CZVLN,Velen,Velen,,--3-----,RL,,5009N 01432E,,
CZ,CZVLS,Velesin,Velesin,JC,--3-----,RL,,4850N 01428E,,
CZ,CZVEL,Veletov,Veletov,ST,--3-----,RN,,5002N 01518E,,
CZ,CZVES,Velika Ves,Velika Ves,JC,1-------,RQ,,,,
CZ,CZVUK,Velim u Kolina,Velim u Kolina,,--3-----,RL,,5003N 01506E,,
CZ,CZVEB,Velká Bítes,Velka Bites,,--3-----,RL,,4918N 01613E,,
CZ,CZVBT,Velká Bystrice,Velka Bystrice,OL,--3-----,RL,,4936N 01721E,,
CZ,CZVDA,Velka Dobra,Velka Dobra,,--3-----,RL,,5006N 01404E,,
CZ,CZVHS,Velka Hled'sebe,Velka Hled'sebe,KA,--3-----,RL,,4958N 01240E,,
CZ,CZVLX,Velká Losenice,Velka Losenice,63,--3-----,RL,,4935N 01550E,,
CZ,CZVNV,Velká nad Velickou,Velka nad Velickou,,#NAME?,AA,,4853N 01732E,,
CZ,CZVPM,Velka Polom,Velka Polom,MO,-----6--,RQ,,4952N 01806E,,
CZ,CZVBO,Velké Bílovice,Velke Bilovice,JM,--3-----,RL,,4851N 01655E,,
CZ,CZLKE,Velké Brezno,Velke Brezno,42,--3-----,RL,,5040N 01409E,,
CZ,CZCMO,Velke Hostice,Velke Hostice,MO,--3-----,RL,,4956N 01758E,,
CZ,CZVKC,Velké Karlovice,Velke Karlovice,,#NAME?,AA,,4922N 01818E,,
CZ,CZVMI,Velké Mezirící,Velke Mezirici,,--3-----,RL,,4921N 01601E,,
CZ,CZVMC,Velké Nemcice,Velke Nemcice,64,--3-----,RL,,4859N 01640E,,
CZ,CZVCE,Velké Opatovice,Velke Opatovice,,-23-----,RL,,4936N 01641E,,
CZ,CZVPA,Velke Pavlovice,Velke Pavlovice,JM,--3-----,RL,,4854N 01649E,,
CZ,CZVPO,Velké Popovice,Velke Popovice,ST,--3-----,RL,,4956N 01437E,,
CZ,CZVPC,Velke Porici,Velke Porici,KR,--3-----,RQ,,5028N 01611E,,
CZ,CZVOS,Velký Osek,Velky Osek,ST,-23-----,RN,,5006N 01510E,,
CZ,CZVKS,Velký Senov,Velky Senov,US,--3-----,RL,,5059N 01423E,,
CZ,CZTYC,Velký Týnec,Velky Tynec,OL,--3-----,RL,,4933N 01720E,,
CZ,CZVLT,Veltruby,Veltruby,ST,-23-----,RN,,5005N 01510E,,
CZ,CZVVY,Velvary,Velvary,ST,--3-----,RQ,,5017N 01415E,,
CZ,CZVLV,Velvety,Velvety,US,--3-----,RL,,5036N 01353E,,
CZ,CZVIC,Vermerovice,Vermerovice,PA,-----6--,RL,,5000N 01634E,,
CZ,CZVNC,Vernerice,Vernerice,US,--3-----,RQ,,5040N 01419E,,
CZ,CZVER,Verovice,Verovice,80,--3-----,RL,,4933N 01807E,,
CZ,CZJVI,Veseli nad Luznici,Veseli nad Luznici,JC,-----6--,RL,,4911N 01442E,,
CZ,CZVNM,Veselí nad Moravou,Veseli nad Moravou,JM,-23-----,RL,,,,
CZ,CZPRC,Vestec,Vestec,PR,--3-----,RQ,,,,
CZ,CZVEE,Vestec,Vestec,ST,--3-----,RL,,4959N 01431E,,
CZ,CZVTK,Vetrkovice,Vetrkovice,MO,--3-----,RL,,4947N 01750E,,
CZ,CZVTI,Vetrní,Vetrni,JC,--3-----,RL,,4846N 01417E,,
CZ,CZVAA,Veverská Bityska,Veverska Bityska,,123-----,RL,,4917N 01627E,,
CZ,CZVVK,Veverské Knínice,Veverske Kninice,JM,--3-----,RL,,4914N 01625E,,
CZ,CZVNJ,Vichova nad Jizerou,Vichova nad Jizerou,LI,--3-----,RL,,5038N 01530E,,
CZ,CZVVC,Vidovice,Vidovice,ST,--3-----,RL,,4956N 01440E,,
CZ,CZOVE,Vikyrovice,Vikyrovice,OL,-----6--,RL,,4959N 01701E,,
CZ,CZVIL,Vilémov,Vilemov,US,--3-----,RL,,5058N 01420E,,
CZ,CZVIM,Vimperk,Vimperk,,-23-----,AA,,,,
CZ,CZVNI,Vinarice,Vinarice,ST,--3-----,RL,,4953N 01406E,,
CZ,CZVNR,Vinor,Vinor,PR,--3-----,RL,,5009N 01435E,,
CZ,CZVIN,Vintirov,Vintirov,KA,-----6--,RL,,5023N 12718E,,
CZ,CZVSN,Visnove,Visnove,JM,--3-----,RQ,,4859N 01609E,,
CZ,CZMOV,Vitkov,Vitkov,MO,--3-----,RQ,,,,
CZ,CZVZI,Vizovice,Vizovice,ZL,--3-----,RL,,4913N 01752E,,
CZ,CZVLM,Vlasim,Vlasim,,--3-----,RL,,4942N 01454E,,
CZ,CZVLK,Vlkos,Vlkos,JM,--3-----,RL,,4859N 01710E,,
CZ,CZVDY,Vodnany,Vodnany,31,--3-----,RL,,4909N 01411E,,
CZ,CZVOO,Vodochody,Vodochody,US,--3-----,RL,,5022N 01415E,,
CZ,CZVJO,Vojkovice,Vojkovice,ST,--3-----,RL,,5018N 01300E,,
CZ,CZVJA,Vojtanov,Vojtanov,,#NAME?,AA,,,,
CZ,CZVRY,Volary,Volary,,1-3-----,RQ,,,,
CZ,CZVCR,Volduchy,Volduchy,,--3-----,RL,,4947N 01337E,,
CZ,CZVYN,Volyne,Volyne,JC,--3-----,RL,,4910N 01353E,,
CZ,CZVRV,Vortová,Vortova,PA,--3-----,RL,,4943N 01556E,,
CZ,CZVOT,Votice,Votice,,--3-----,RL,,4939N 01439E,,
CZ,CZVRX,Vraclav,Vraclav,PA,--3-----,RL,,4958N 01605E,,
CZ,CZVVR,Vracov,Vracov,JM,--3-----,RL,,4858N 01712E,,
CZ,CZVNY,Vranany,Vranany,,--3-----,RQ,,5019N 01420E,,
CZ,CZVRN,Vrané nad Vltavou,Vrane nad Vltavou,ST,-23-----,RN,,4957N 01424E,,
CZ,CZVTM,Vratimov,Vratimov,MO,--3-----,RQ,,,,
CZ,CZVRZ,Vraz,Vraz,ST,-23-----,RL,,4959N 01409E,,
CZ,CZVTW,Vrbatky,Vrbatky,OL,--3-----,RL,,4930N 01712E,,
CZ,CZVRB,Vrbicany,Vrbicany,US,--3-----,RL,,5028N 01405E,,
CZ,CZVPP,Vrbno pod Pradedem,Vrbno pod Pradedem,MO,-----6--,RQ,,5007N 01722E,,
CZ,CZVBC,Vrbovec,Vrbovec,JM,--3-----,RL,,4849N 01606E,,
CZ,CZVRC,Vrchlabí,Vrchlabi,,-23-----,AA,,5037N 01536E,,
CZ,CZVRJ,Vrchotovy Janovice,Vrchotovy Janovice,20,--3-----,RL,,4941N 01436E,,
CZ,CZVSA,Vresina,Vresina,MO,-----6--,RQ,,4957N 01812E,,
CZ,CZVRE,Vresova,Vresova,KA,--3-----,RQ,,,,
CZ,CZVSV,Vsechov,Vsechov,JC,--3-----,RL,,4926N 01437E,,
CZ,CZVHV,Vsechovice,Vsechovice,OL,--3-----,RL,,4928N 01746E,,
CZ,CZVHY,Vsechromy,Vsechromy,PR,--3-----,RQ,,4957N 01439E,,
CZ,CZVLB,Vselibice,Vselibice,LI,--3-----,RQ,,,,
CZ,CZVSX,Vseliby,Vseliby,52,--3-----,RL,,5026N 01605E,,
CZ,CZVSD,Vseradice,Vseradice,ST,-----6--,RQ,,4953N 01407E,,
CZ,CZVBY,Vseruby,Vseruby,,#NAME?,AA,,,,
CZ,CZVSE,Vsetaty,Vsetaty,,-23-----,RL,,5017N 01436E,,
CZ,CZVST,Vsetín,Vsetin,,-23-----,AA,,4920N 01800E,,
CZ,CZVKV,Vyskov,Vyskov,,-23-----,AA,,,,
CZ,CZVYS,Vyskytna,Vyskytna,VY,--3-----,RL,,4926N 01522E,,
CZ,CZVYC,Vysocany,Vysocany,PL,--3-----,RL,,4942N 01245E,,
CZ,CZVKL,Vysoká Liben,Vysoka Liben,ST,-----6--,RL,,5021N 01440E,,
CZ,CZSVP,Vysoká Pec,Vysoka Pec,US,--3-----,RL,,5031N 01328E,,
CZ,CZVMO,Vysoké Myto,Vysoke Myto,,-234----,AA,,4957N 01610E,,
CZ,CZVVI,Vysoké Veselí,Vysoke Veseli,KR,--3-----,RL,,5019N 01526E,,
CZ,CZVCH,Vysoky Chlumec,Vysoky Chlumec,,--3-----,RL,,4937N 01423E,,
CZ,CZOYE,Vysovice,Vysovice,OL,-----6--,RL,,4925N 01708E,,
CZ,CZVYB,Vyssi Brod,Vyssi Brod,31,--3-----,RL,,4837N 01419E,,
CZ,CZZBC,Zabcice,Zabcice,JM,--3-----,RL,,4901N 01636E,,
CZ,CZZAY,Zabokrky,Zabokrky,KR,--3-----,RL,,5030N 01612E,,
CZ,CZZAB,Zábreh,Zabreh,OL,-23-----,RL,,4953N 01652E,,
CZ,CZZNM,Zabreh na Morave,Zabreh na Morave,,--3-----,RQ,,,,
CZ,CZZCR,Zaclér,Zacler,,--3-----,RL,,5039N 01554E,,
CZ,CZZZB,Zadni Zborovice,Zadni Zborovice,JC,--3-----,RL,,4920N 01351E,,
CZ,CZZHI,Záhorí,Zahori,LI,--3-----,RL,,5037N 01516E,,
CZ,CZZAH,Zahostice,Zahostice,JC,--3-----,RQ,,,,
CZ,CZZJI,Zajecí,Zajeci,JM,-23-----,RL,,4853N 01648E,,
CZ,CZZKY,Zákolany,Zakolany,ST,-23-----,RL,,5012N 01414E,,
CZ,CZZKP,Zakupy,Zakupy,LI,--3-----,RQ,,5041N 01439E,,
CZ,CZZLA,Zalany,Zalany,US,--3-----,RL,,5035N 01354E,,
CZ,CZZAZ,Zaluzany,Zaluzany,ST,--3-----,RL,,4933N 01405E,,
CZ,CZZAM,Zamberk,Zamberk,,-23-----,AA,,,,
CZ,CZZRK,Zámrsk,Zamrsk,PA,--3-----,RL,,4959N 01609E,,
CZ,CZSWQ,Zaravice,Zaravice,PA,--3-----,RL,,5006N 01534E,,
CZ,CZZRY,Záryby,Zaryby,20,--3-----,RL,,5013N 01438E,,
CZ,CZZAS,Zasmuky,Zasmuky,ST,--3-----,RL,,4957N 01502E,,
CZ,CZZSV,Zasová,Zasova,ZL,--3-----,RL,,4929N 01803E,,
CZ,CZZUB,Zastávka,Zastavka,JC,-23-----,RL,,4912N 01622E,,
CZ,CZZ2Q,Zatcany,Zatcany,JM,--3-----,RL,,4905N 01644E,,
CZ,CZZAT,Zatec,Zatec,,-23-5---,AA,,,,
CZ,CZZZE,Zborovice,Zborovice,ZL,-----6--,RL,,4915N 01717E,,
CZ,CZZBV,Zbraslav,Zbraslav,10,--3-----,AM,,4959N 01424E,,
CZ,CZZLE,Zbraslavice,Zbraslavice,ST,-----6--,RQ,,4949N 01511E,,
CZ,CZPZH,Zbuch,Zbuch,PL,-----6--,RL,,4941N 01313E,,
CZ,CZZBU,Zbuzany,Zbuzany,,--3-----,RQ,,5001N 01416E,,
CZ,CZZBL,Zbyslavice,Zbyslavice,MO,--3-----,RL,,4948N 01805E,,
CZ,CZJZB,Zbysov,Zbysov,JM,-----6--,RL,,4909N 01620E,,
CZ,CZZDA,Zdánice,Zdanice,,-23-----,RL,,4904N 01703E,,
CZ,CZZCE,Zdánice,Zdanice,JM,--3-----,RL,,4904N 01702E,,
CZ,CZZCK,Zdánice (Kolín),Zdanice (Kolin),ST,-----6--,RQ,,4958N 01457E,,
CZ,CZZDM,Zdar nad Metuji,Zdar nad Metuji,KR,-----6--,RQ,,5033N 01612E,,
CZ,CZZNS,Zdár nad Sázavou,Zdar nad Sazavou,VY,-23-----,AA,,4934N 01557E,,
CZ,CZZDR,Zd'ár u Mnichova Hradiste,Zd'ar u Mnichova Hradiste,ST,--3-----,RL,,5032N 01504E,,
CZ,CZZDE,Zdechovice,Zdechovice,PA,--3-----,RL,,5001N 01528E,,
CZ,CZZBY,Zdiby,Zdiby,,--3-----,RQ,,5010N 01427E,,
CZ,CZZDI,Zdice,Zdice,ST,-23-----,RL,,4954N 01359E,,
CZ,CZZDK,Zdikov,Zdikov,JC,--3-----,RL,,4905N 01342E,,
CZ,CZLZC,Zdirec,Zdirec,LI,-----6--,RL,,5031N 01437E,,
CZ,CZZND,Zdírec Nad Doubravkou,Zdirec Nad Doubravkou,VY,--3-----,RL,,4942N 01549E,,
CZ,CZZDV,Zdislavice,Zdislavice,20,--3-----,RL,,4941N 01459E,,
CZ,CZZDC,Zdislavice,Zdislavice,ST,--3-----,RL,,4941N 01459E,,
CZ,CZL4L,Zdislavice,Zdislavice,ZL,--3-----,RL,,4913N 01716E,,
CZ,CZZEB,Zebrák,Zebrak,,--3-----,RL,,4952N 01354E,,
CZ,CZZTE,Zelatovice,Zelatovice,OL,-----6--,RQ,,4926N 01730E,,
CZ,CZZLC,Zelechovice,Zelechovice,OL,--3-----,RL,,4945N 01709E,,
CZ,CZZCD,Zelechovice nad Drevnicí,Zelechovice nad Drevnici,ZL,-23-----,RL,,4913N 01745E,,
CZ,CZZEL,Zelenec,Zelenec,ST,--3-----,RL,,5008N 01440E,,
CZ,CZZLK,Zelenky,Zelenky,,--3-----,RQ,,5036N 01346E,,
CZ,CZZTV,Zeletava,Zeletava,VY,--3-----,RQ,,4908N 01541E,,
CZ,CZSZE,Zelevcice,Zelevcice,ST,-----6--,RL,,5016N 01406E,,
CZ,CZRDA,Zelezná Ruda,Zelezna Ruda,,#NAME?,AA,,4908N 01314E,,
CZ,CZZ8K,Zeleznice,Zeleznice,KR,--3-----,RL,,5028N 01522E,,
CZ,CZZYB,Zelezny Brod,Zelezny Brod,LI,--3-----,RQ,,5038N 01515E,,
CZ,CZZLV,Zidlochovice,Zidlochovice,JM,--3-----,RL,,4902N 01638E,,
CZ,CZZIV,Zirovnice,Zirovnice,JC,--3-----,RL,,4919N 01511E,,
CZ,CZZIT,Zitkova,Zitkova,ZL,--3-----,RL,,4859N 01753E,,
CZ,CZZIZ,Zizice,Zizice,ST,--3-----,RL,,5015N 01409E,,
CZ,CZKOA,Zlata Koruna,Zlata Koruna,JC,--3-----,RL,,4851N 01423E,,
CZ,CZZHR,Zlate Hory,Zlate Hory,,#NAME?,AA,,,,
CZ,CZZLB,Zleby,Zleby,ST,-----6--,RL,,4954N 01529E,,
CZ,CZZCN,Zlícín,Zlicin,PR,--3--6--,RQ,,5004N 01417E,,
CZ,CZZLN,Zlin,Zlin,,-234----,AA,,,,
CZ,CZZLI,Zliv,Zliv,JC,-----6--,RQ,,4903N 01421E,,
CZ,CZZNC,Zlonice,Zlonice,ST,-----6--,RQ,,5017N 01405E,,
CZ,CZZLU,Zlunice,Zlunice,,--3-----,RL,,5030N 01538E,,
CZ,CZZMO,Znojmo,Znojmo,,-23-----,AA,,,,
CZ,CZZUC,Zruc,Zruc,32,--3-----,RL,,4948N 01326E,,
CZ,CZZRS,Zruc nad Sázavou,Zruc nad Sazavou,ST,--3-----,RL,,4944N 01506E,,
CZ,CZZBR,Zubri,Zubri,ZL,--3-----,RL,,4929N 01805E,,
CZ,CZOZA,Zulova,Zulova,OL,-----6--,RL,,5019N 01706E,,
CZ,CZZVE,Zverínek,Zverinek,,-23-----,RL,,5009N 01500E,,
CZ,CZZVO,Zvoleneves,Zvoleneves,ST,--3-----,RL,,5014N 01411E,,
CZ,CZBCE,Belcice,Belcice,31,3.0,RQ,,4930N 01353E,,UN-2021-65900
